customer_id,tenure_months,contract_type,monthly_charges,total_charges,support_tickets,last_login_days,monthly_usage_gb,payment_method,paperless_billing,online_security,tech_support,num_products,churn
CR-1000,7,One-Year,50.87,387.42,1,2,195.2,Electronic Check,Yes,Yes,No,2,0
CR-1001,8,One-Year,77.97,671.85,1,1,175.6,Mailed Check,No,No,No,3,0
CR-1002,72,One-Year,55.33,3977.2,1,1,96.6,Electronic Check,Yes,No,Yes,2,0
CR-1003,25,One-Year,53.91,1402.5,2,0,127.0,Electronic Check,No,Yes,Yes,2,0
CR-1004,23,One-Year,44.51,1050.03,3,1,316.9,Credit Card,Yes,Yes,No,1,0
CR-1005,33,One-Year,39.88,1279.08,3,6,373.8,Credit Card,Yes,Yes,Yes,1,0
CR-1006,40,One-Year,35.48,1381.36,2,4,285.0,Bank Transfer,Yes,Yes,Yes,1,0
CR-1007,15,One-Year,58.55,860.93,2,13,198.3,Electronic Check,No,No,Yes,2,0
CR-1008,33,Two-Year,66.49,2237.51,2,22,133.0,Electronic Check,Yes,No,Yes,2,0
CR-1009,26,Two-Year,70.56,1819.52,2,16,96.1,Electronic Check,Yes,Yes,No,2,0
CR-1010,11,Month-to-Month,44.97,437.9,4,8,101.4,Electronic Check,Yes,Yes,No,2,1
CR-1011,22,Two-Year,75.97,1664.47,0,1,115.7,Credit Card,Yes,Yes,No,3,0
CR-1012,4,Month-to-Month,77.59,250.94,1,13,332.1,Electronic Check,Yes,Yes,No,3,1
CR-1013,47,One-Year,67.17,3125.34,1,4,304.5,Bank Transfer,Yes,Yes,Yes,3,0
CR-1014,39,Month-to-Month,59.8,2314.59,0,0,219.7,Credit Card,No,Yes,Yes,2,0
CR-1015,10,Month-to-Month,62.48,629.29,1,20,83.2,Electronic Check,No,Yes,Yes,2,1
CR-1016,8,One-Year,102.19,848.24,3,4,231.4,Credit Card,Yes,No,Yes,4,0
CR-1017,10,Month-to-Month,43.77,458.52,2,2,140.9,Credit Card,Yes,No,No,1,1
CR-1018,16,One-Year,34.19,511.66,0,22,12.0,Electronic Check,Yes,No,No,1,1
CR-1019,52,One-Year,81.12,4207.09,3,25,183.0,Mailed Check,Yes,No,No,2,0
CR-1020,2,Month-to-Month,69.29,140.87,3,4,92.6,Bank Transfer,No,Yes,No,2,1
CR-1021,10,Month-to-Month,48.53,477.43,1,4,95.4,Credit Card,Yes,No,No,1,0
CR-1022,19,Month-to-Month,89.05,1683.87,4,9,140.0,Mailed Check,No,Yes,No,3,1
CR-1023,13,One-Year,63.45,773.17,1,14,120.1,Mailed Check,Yes,No,No,2,0
CR-1024,7,Month-to-Month,73.86,482.44,3,0,157.3,Bank Transfer,Yes,Yes,No,2,1
CR-1025,10,One-Year,61.57,603.61,2,9,153.4,Electronic Check,No,Yes,No,2,0
CR-1026,3,Month-to-Month,61.02,90.26,3,33,12.0,Electronic Check,Yes,No,Yes,2,1
CR-1027,5,Month-to-Month,49.35,265.97,1,3,281.6,Credit Card,Yes,Yes,Yes,1,0
CR-1028,42,One-Year,58.76,2426.74,1,26,81.3,Mailed Check,Yes,Yes,No,1,0
CR-1029,65,Two-Year,58.12,3798.41,0,32,83.8,Electronic Check,Yes,Yes,Yes,1,0
CR-1030,21,Month-to-Month,84.93,1801.5,1,3,133.7,Electronic Check,Yes,No,No,3,0
CR-1031,55,Month-to-Month,66.17,3623.04,4,15,151.3,Credit Card,No,Yes,No,2,0
CR-1032,5,One-Year,67.96,369.82,1,3,276.7,Bank Transfer,No,No,No,2,0
CR-1033,13,Month-to-Month,70.86,943.48,2,14,181.6,Electronic Check,No,No,Yes,2,1
CR-1034,29,One-Year,73.99,2136.44,2,17,205.3,Electronic Check,Yes,Yes,Yes,2,0
CR-1035,4,Two-Year,58.63,221.87,1,3,182.0,Electronic Check,No,No,No,2,0
CR-1036,27,Month-to-Month,56.18,1549.78,3,13,178.5,Mailed Check,No,No,No,1,0
CR-1037,4,Month-to-Month,82.43,336.68,1,18,184.8,Mailed Check,Yes,No,Yes,3,0
CR-1038,35,One-Year,67.51,2394.19,0,4,12.0,Electronic Check,Yes,No,No,2,0
CR-1039,13,Two-Year,74.82,900.99,5,2,140.0,Mailed Check,No,Yes,No,2,0
CR-1040,5,One-Year,68.47,345.3,1,1,253.0,Electronic Check,No,No,No,2,0
CR-1041,59,Two-Year,88.16,5154.12,1,9,475.4,Credit Card,Yes,Yes,No,3,0
CR-1042,38,Two-Year,57.11,2169.41,1,42,63.7,Electronic Check,Yes,Yes,Yes,2,0
CR-1043,26,Month-to-Month,57.98,1528.89,1,19,193.8,Credit Card,No,Yes,No,1,1
CR-1044,18,Two-Year,85.96,1599.45,1,6,114.3,Electronic Check,Yes,No,No,3,0
CR-1045,72,Two-Year,62.26,4454.57,0,8,323.8,Electronic Check,Yes,Yes,No,2,0
CR-1046,9,Month-to-Month,54.01,470.32,2,3,51.7,Mailed Check,No,No,No,1,0
CR-1047,41,One-Year,68.88,2821.21,2,1,210.0,Electronic Check,Yes,Yes,No,1,0
CR-1048,11,Month-to-Month,67.31,711.17,1,7,47.4,Mailed Check,No,No,No,3,1
CR-1049,8,Month-to-Month,70.96,597.04,3,6,134.5,Electronic Check,No,No,No,3,1
CR-1050,2,One-Year,105.85,209.6,1,8,157.3,Electronic Check,Yes,Yes,No,3,0
CR-1051,30,Month-to-Month,101.27,3041.76,0,33,245.6,Credit Card,Yes,Yes,Yes,4,0
CR-1052,32,Month-to-Month,62.91,2031.73,3,10,73.8,Bank Transfer,Yes,Yes,No,2,0
CR-1053,54,One-Year,59.85,3229.75,3,10,213.1,Bank Transfer,Yes,Yes,No,2,0
CR-1054,7,Two-Year,73.08,487.03,0,1,161.5,Electronic Check,No,No,Yes,2,0
CR-1055,2,Month-to-Month,123.11,244.33,1,60,181.8,Bank Transfer,Yes,No,No,4,1
CR-1056,26,One-Year,54.35,1387.41,2,16,236.7,Bank Transfer,No,No,No,2,0
CR-1057,12,Month-to-Month,96.03,1155.6,1,23,57.4,Bank Transfer,No,No,No,4,0
CR-1058,4,Two-Year,39.49,187.87,0,5,224.8,Bank Transfer,Yes,No,Yes,1,0
CR-1059,3,One-Year,86.33,223.74,0,7,114.5,Bank Transfer,No,No,No,3,0
CR-1060,8,Month-to-Month,73.22,539.79,2,8,247.7,Mailed Check,No,Yes,No,2,1
CR-1061,9,Month-to-Month,95.21,858.37,3,2,186.8,Credit Card,No,No,No,3,1
CR-1062,38,Month-to-Month,50.67,1902.43,0,12,143.2,Electronic Check,Yes,No,No,1,0
CR-1063,7,Month-to-Month,68.19,478.28,0,25,112.8,Electronic Check,No,No,No,1,1
CR-1064,46,Two-Year,37.25,1723.11,1,1,225.9,Bank Transfer,Yes,No,Yes,1,0
CR-1065,12,Two-Year,52.65,567.49,3,0,260.9,Electronic Check,No,No,Yes,2,0
CR-1066,16,One-Year,75.69,1231.74,0,14,117.4,Electronic Check,Yes,No,Yes,2,0
CR-1067,49,Two-Year,98.23,4778.18,5,3,69.4,Credit Card,Yes,No,No,4,0
CR-1068,5,Month-to-Month,47.24,235.53,1,10,215.5,Credit Card,Yes,No,No,2,0
CR-1069,28,One-Year,39.84,1095.74,1,13,44.1,Bank Transfer,Yes,No,No,1,1
CR-1070,72,Two-Year,45.56,3263.76,3,4,55.6,Bank Transfer,Yes,No,Yes,1,0
CR-1071,20,Month-to-Month,36.54,781.62,1,18,75.0,Bank Transfer,Yes,No,Yes,1,0
CR-1072,10,Month-to-Month,68.85,698.08,0,8,126.8,Bank Transfer,No,Yes,Yes,3,0
CR-1073,4,Month-to-Month,76.92,334.82,1,22,53.1,Credit Card,Yes,No,Yes,3,1
CR-1074,11,Month-to-Month,86.35,954.38,1,15,12.0,Credit Card,Yes,No,No,4,1
CR-1075,9,Month-to-Month,67.35,624.75,1,22,69.2,Electronic Check,No,Yes,Yes,2,0
CR-1076,40,Two-Year,23.56,954.92,2,0,211.4,Credit Card,Yes,Yes,No,1,0
CR-1077,63,Two-Year,43.9,2773.33,1,3,58.3,Credit Card,No,Yes,No,1,0
CR-1078,5,Month-to-Month,66.2,364.21,0,1,132.8,Electronic Check,Yes,No,Yes,2,0
CR-1079,34,One-Year,96.09,3271.76,2,6,315.7,Electronic Check,Yes,Yes,No,4,0
CR-1080,5,Month-to-Month,53.93,338.2,1,24,156.1,Credit Card,Yes,No,No,1,1
CR-1081,7,One-Year,29.29,233.85,2,6,187.4,Bank Transfer,No,No,No,1,0
CR-1082,20,One-Year,71.99,1405.61,2,20,84.3,Credit Card,No,Yes,Yes,3,0
CR-1083,2,One-Year,57.7,110.1,1,4,333.1,Electronic Check,No,Yes,No,2,0
CR-1084,17,One-Year,50.13,864.12,1,4,116.7,Electronic Check,Yes,No,No,1,0
CR-1085,1,Month-to-Month,81.19,82.52,0,24,141.8,Electronic Check,No,No,No,3,1
CR-1086,3,Month-to-Month,64.43,213.9,2,6,265.4,Bank Transfer,No,Yes,No,1,0
CR-1087,27,One-Year,88.94,2425.29,1,17,145.5,Bank Transfer,Yes,No,Yes,4,0
CR-1088,3,Month-to-Month,29.05,46.36,4,2,163.8,Credit Card,No,No,Yes,1,0
CR-1089,56,Month-to-Month,60.89,3448.27,1,32,137.5,Credit Card,No,No,No,1,1
CR-1090,24,Month-to-Month,46.69,1105.66,3,9,138.0,Mailed Check,Yes,Yes,Yes,2,0
CR-1091,17,Two-Year,49.83,829.23,1,15,189.6,Electronic Check,Yes,No,Yes,1,0
CR-1092,64,One-Year,51.21,3259.47,2,1,204.2,Electronic Check,No,No,Yes,2,0
CR-1093,20,Month-to-Month,40.31,830.46,2,7,108.5,Electronic Check,Yes,Yes,No,2,1
CR-1094,69,Two-Year,57.25,3942.24,4,25,98.7,Bank Transfer,No,Yes,No,2,0
CR-1095,2,Month-to-Month,69.99,120.07,1,23,111.3,Electronic Check,Yes,Yes,No,2,1
CR-1096,51,Two-Year,48.78,2475.06,0,0,47.9,Credit Card,Yes,No,No,2,0
CR-1097,34,Month-to-Month,48.76,1604.0,3,3,32.8,Electronic Check,Yes,Yes,No,1,0
CR-1098,18,Two-Year,104.63,1858.08,6,6,183.8,Electronic Check,No,Yes,No,4,0
CR-1099,10,One-Year,66.28,625.61,1,2,235.1,Bank Transfer,Yes,No,No,3,0
CR-1100,6,One-Year,40.72,236.24,0,14,229.7,Electronic Check,Yes,Yes,Yes,1,0
CR-1101,3,Month-to-Month,76.77,250.24,1,2,12.0,Credit Card,Yes,Yes,No,2,0
CR-1102,65,Two-Year,67.51,4404.77,1,4,140.4,Credit Card,No,No,No,2,0
CR-1103,26,Month-to-Month,40.39,1087.84,0,11,71.8,Electronic Check,No,No,No,1,0
CR-1104,16,Month-to-Month,65.15,1073.42,1,7,171.5,Credit Card,No,No,Yes,2,0
CR-1105,29,Month-to-Month,54.15,1554.49,1,14,126.6,Bank Transfer,No,Yes,No,2,0
CR-1106,10,Month-to-Month,54.14,541.97,4,35,207.4,Bank Transfer,Yes,Yes,No,1,1
CR-1107,2,Month-to-Month,54.13,107.28,4,1,158.5,Electronic Check,Yes,No,Yes,1,1
CR-1108,37,Two-Year,80.21,2903.24,2,13,12.0,Credit Card,Yes,No,No,3,0
CR-1109,14,Month-to-Month,63.31,849.82,0,2,82.6,Electronic Check,No,Yes,Yes,2,0
CR-1110,3,Month-to-Month,33.01,94.01,1,5,160.5,Electronic Check,No,No,No,1,1
CR-1111,9,Month-to-Month,65.48,584.13,1,0,167.2,Electronic Check,No,Yes,No,3,0
CR-1112,47,One-Year,75.23,3551.18,2,1,47.5,Bank Transfer,No,Yes,No,3,0
CR-1113,10,Month-to-Month,42.13,435.21,0,4,37.1,Credit Card,No,Yes,No,1,0
CR-1114,22,Month-to-Month,89.63,1918.74,5,4,164.5,Mailed Check,Yes,No,No,3,1
CR-1115,13,One-Year,70.22,928.42,2,25,47.7,Credit Card,Yes,Yes,Yes,2,0
CR-1116,2,Month-to-Month,62.85,131.06,2,14,26.5,Mailed Check,No,Yes,No,2,0
CR-1117,29,Month-to-Month,72.91,2133.09,1,39,124.4,Credit Card,No,No,Yes,2,1
CR-1118,25,Month-to-Month,69.57,1771.26,1,10,120.9,Electronic Check,Yes,Yes,Yes,3,0
CR-1119,46,Two-Year,53.77,2469.13,0,3,89.7,Bank Transfer,No,Yes,Yes,1,0
CR-1120,59,Two-Year,53.1,3170.27,3,4,103.7,Bank Transfer,Yes,Yes,No,2,0
CR-1121,23,One-Year,73.4,1661.52,4,4,161.1,Bank Transfer,Yes,No,No,2,0
CR-1122,48,One-Year,60.87,2893.39,2,4,102.4,Bank Transfer,No,Yes,Yes,2,0
CR-1123,48,Two-Year,41.02,1981.82,1,12,165.7,Credit Card,No,No,Yes,2,0
CR-1124,56,Two-Year,68.3,3813.74,3,8,129.6,Electronic Check,Yes,Yes,Yes,2,0
CR-1125,46,One-Year,51.1,2358.45,1,5,173.4,Credit Card,Yes,Yes,No,1,0
CR-1126,9,Month-to-Month,56.43,567.66,2,1,230.3,Electronic Check,No,No,Yes,2,0
CR-1127,29,Month-to-Month,57.29,1673.21,1,0,227.1,Electronic Check,Yes,No,No,2,0
CR-1128,47,Two-Year,77.4,3644.17,0,2,263.1,Bank Transfer,Yes,Yes,No,3,0
CR-1129,46,One-Year,41.75,1894.42,0,1,227.1,Bank Transfer,Yes,No,No,2,0
CR-1130,3,Two-Year,37.35,61.05,3,16,179.1,Electronic Check,Yes,Yes,No,2,0
CR-1131,15,One-Year,110.02,1648.12,2,1,125.3,Bank Transfer,No,No,Yes,4,0
CR-1132,69,One-Year,34.76,2430.45,0,14,129.0,Bank Transfer,Yes,No,Yes,1,0
CR-1133,6,Month-to-Month,61.55,359.61,3,5,89.8,Electronic Check,Yes,Yes,No,1,1
CR-1134,9,One-Year,74.7,684.34,1,0,160.4,Credit Card,No,No,No,2,0
CR-1135,14,One-Year,58.67,864.17,1,18,215.8,Electronic Check,No,No,No,1,0
CR-1136,9,Month-to-Month,54.5,532.55,1,9,101.9,Credit Card,Yes,Yes,No,2,0
CR-1137,69,Two-Year,26.92,1870.34,1,2,157.0,Electronic Check,Yes,Yes,No,1,0
CR-1138,35,One-Year,32.13,1129.65,2,24,105.8,Bank Transfer,Yes,No,Yes,1,0
CR-1139,39,One-Year,38.54,1457.5,0,0,176.7,Mailed Check,Yes,Yes,No,1,0
CR-1140,3,Month-to-Month,37.27,92.9,0,2,116.0,Credit Card,Yes,No,Yes,2,1
CR-1141,72,One-Year,74.25,5337.58,1,15,100.8,Credit Card,Yes,No,No,3,0
CR-1142,66,One-Year,76.98,5055.11,1,13,105.6,Electronic Check,No,No,Yes,3,0
CR-1143,49,Two-Year,30.06,1480.39,1,3,200.3,Electronic Check,No,No,Yes,1,0
CR-1144,19,Month-to-Month,50.6,1018.75,1,0,152.3,Bank Transfer,No,Yes,No,2,0
CR-1145,1,Two-Year,40.79,86.32,3,21,125.7,Bank Transfer,No,No,Yes,1,0
CR-1146,1,Month-to-Month,64.56,71.88,2,4,180.9,Mailed Check,No,Yes,Yes,2,1
CR-1147,50,Two-Year,70.09,3527.88,2,2,126.8,Electronic Check,Yes,No,No,3,0
CR-1148,11,Month-to-Month,63.92,681.26,0,7,250.1,Bank Transfer,Yes,Yes,No,2,0
CR-1149,16,Month-to-Month,44.37,753.84,0,26,82.1,Bank Transfer,No,Yes,No,1,1
CR-1150,16,Month-to-Month,61.47,936.66,2,0,145.0,Credit Card,No,Yes,No,2,0
CR-1151,22,Month-to-Month,36.48,829.94,0,15,47.6,Electronic Check,Yes,Yes,No,1,0
CR-1152,33,One-Year,47.67,1587.98,2,9,132.3,Mailed Check,Yes,Yes,Yes,2,0
CR-1153,32,One-Year,77.96,2472.04,3,6,25.6,Bank Transfer,No,No,No,2,0
CR-1154,54,Two-Year,67.3,3627.94,3,14,219.7,Credit Card,Yes,No,No,2,0
CR-1155,71,One-Year,107.06,7567.23,1,37,221.3,Bank Transfer,Yes,No,No,4,0
CR-1156,43,One-Year,60.16,2554.13,2,2,222.7,Credit Card,Yes,Yes,Yes,2,0
CR-1157,56,One-Year,77.36,4284.43,1,1,162.3,Electronic Check,Yes,Yes,Yes,3,0
CR-1158,7,One-Year,83.91,610.4,3,26,89.6,Credit Card,Yes,No,Yes,3,0
CR-1159,12,One-Year,42.65,547.96,2,12,96.0,Bank Transfer,Yes,Yes,No,2,0
CR-1160,30,One-Year,49.85,1430.65,1,6,282.4,Bank Transfer,No,No,Yes,2,0
CR-1161,6,Month-to-Month,35.02,265.27,2,9,274.9,Electronic Check,Yes,Yes,No,1,0
CR-1162,41,Month-to-Month,56.45,2314.09,0,15,169.8,Credit Card,No,No,No,2,0
CR-1163,10,Two-Year,52.2,530.7,1,16,118.7,Electronic Check,Yes,Yes,No,2,0
CR-1164,1,Month-to-Month,46.33,46.33,0,27,269.5,Electronic Check,Yes,Yes,No,1,1
CR-1165,6,Month-to-Month,61.81,410.48,0,6,104.4,Electronic Check,No,No,Yes,2,0
CR-1166,51,Two-Year,92.93,4745.44,2,3,178.3,Electronic Check,No,Yes,No,3,0
CR-1167,13,Month-to-Month,121.74,1616.78,3,11,268.2,Credit Card,No,No,No,4,1
CR-1168,53,Two-Year,48.37,2600.24,2,5,93.1,Electronic Check,Yes,Yes,Yes,2,0
CR-1169,9,Month-to-Month,62.47,602.28,2,9,226.3,Electronic Check,Yes,No,Yes,2,0
CR-1170,33,One-Year,80.46,2635.73,0,5,201.6,Electronic Check,No,Yes,No,3,0
CR-1171,25,Month-to-Month,60.86,1515.26,1,1,156.8,Bank Transfer,Yes,No,No,2,0
CR-1172,13,One-Year,32.15,399.6,0,6,80.5,Bank Transfer,No,No,No,1,0
CR-1173,28,One-Year,33.83,974.09,1,12,102.0,Electronic Check,Yes,No,No,1,0
CR-1174,69,Two-Year,81.4,5626.59,3,17,183.2,Bank Transfer,No,No,No,3,0
CR-1175,1,Month-to-Month,33.55,65.62,1,7,46.1,Bank Transfer,No,No,Yes,1,0
CR-1176,26,Two-Year,62.59,1660.72,0,1,170.5,Credit Card,Yes,No,No,2,0
CR-1177,47,Month-to-Month,58.54,2699.56,1,5,203.3,Electronic Check,Yes,Yes,No,2,0
CR-1178,30,Month-to-Month,80.42,2453.12,0,16,238.8,Credit Card,No,No,Yes,3,0
CR-1179,7,Month-to-Month,87.47,640.82,0,5,48.1,Electronic Check,No,Yes,No,4,1
CR-1180,31,Two-Year,62.57,1928.59,1,13,265.3,Credit Card,Yes,Yes,No,2,0
CR-1181,8,Month-to-Month,88.19,716.01,0,7,295.6,Bank Transfer,Yes,No,No,4,0
CR-1182,23,One-Year,44.61,1022.32,2,3,192.8,Electronic Check,Yes,No,No,1,0
CR-1183,57,Two-Year,56.39,3232.71,0,17,77.0,Bank Transfer,Yes,Yes,No,1,0
CR-1184,14,Month-to-Month,99.61,1383.4,4,0,133.8,Credit Card,Yes,No,Yes,4,0
CR-1185,53,One-Year,64.22,3418.03,1,8,156.2,Bank Transfer,No,No,No,2,0
CR-1186,20,Month-to-Month,51.17,1025.42,3,2,181.6,Bank Transfer,Yes,No,Yes,1,1
CR-1187,31,One-Year,46.96,1442.79,0,0,161.8,Electronic Check,No,No,Yes,2,0
CR-1188,15,Month-to-Month,96.19,1448.55,3,7,182.5,Mailed Check,No,Yes,Yes,3,1
CR-1189,70,Month-to-Month,68.44,4871.99,1,7,152.7,Credit Card,Yes,No,No,3,0
CR-1190,57,Two-Year,87.8,4984.03,2,13,181.2,Bank Transfer,Yes,Yes,No,3,0
CR-1191,17,Two-Year,68.47,1156.49,3,15,123.2,Credit Card,No,No,No,2,0
CR-1192,8,Month-to-Month,69.98,539.8,2,14,132.9,Electronic Check,Yes,No,No,3,0
CR-1193,10,Month-to-Month,71.09,694.0,0,5,113.9,Credit Card,Yes,No,No,2,1
CR-1194,10,Month-to-Month,65.98,684.27,1,10,313.4,Bank Transfer,No,No,No,2,0
CR-1195,29,One-Year,97.9,2860.58,2,9,277.1,Bank Transfer,Yes,No,Yes,3,0
CR-1196,3,One-Year,62.93,188.61,2,6,204.4,Electronic Check,Yes,No,Yes,2,0
CR-1197,65,Month-to-Month,41.91,2754.94,1,10,266.0,Mailed Check,Yes,No,Yes,1,0
CR-1198,13,Month-to-Month,55.85,749.85,0,32,223.9,Credit Card,No,Yes,Yes,2,1
CR-1199,5,One-Year,43.57,212.98,2,2,174.5,Credit Card,Yes,Yes,Yes,2,0
CR-1200,68,Two-Year,39.82,2661.74,3,25,39.6,Electronic Check,Yes,No,No,1,0
CR-1201,31,Month-to-Month,40.24,1272.33,5,0,139.0,Electronic Check,Yes,No,Yes,1,1
CR-1202,53,Two-Year,45.62,2422.95,1,4,133.2,Bank Transfer,No,No,No,1,0
CR-1203,8,Month-to-Month,28.77,230.83,1,3,69.4,Credit Card,No,No,No,1,0
CR-1204,19,Month-to-Month,76.61,1441.61,1,10,41.1,Mailed Check,Yes,Yes,No,3,0
CR-1205,30,One-Year,48.76,1485.14,1,1,199.4,Electronic Check,No,No,No,1,0
CR-1206,5,One-Year,49.76,259.25,4,23,186.0,Bank Transfer,Yes,No,No,1,1
CR-1207,1,Month-to-Month,42.4,42.4,1,19,66.6,Credit Card,Yes,No,No,2,0
CR-1208,5,One-Year,86.06,393.54,3,11,100.3,Electronic Check,No,Yes,No,3,1
CR-1209,72,One-Year,40.53,2950.2,0,6,252.9,Bank Transfer,Yes,No,No,1,0
CR-1210,10,One-Year,41.15,429.65,1,29,89.8,Electronic Check,No,No,No,1,0
CR-1211,14,One-Year,73.35,1034.56,1,19,173.7,Credit Card,No,No,No,4,0
CR-1212,14,Two-Year,75.94,983.46,1,7,144.8,Credit Card,Yes,No,No,2,0
CR-1213,5,One-Year,98.77,492.71,1,13,200.5,Credit Card,No,No,No,4,0
CR-1214,68,Month-to-Month,27.69,1875.68,3,9,91.5,Credit Card,Yes,Yes,No,1,1
CR-1215,16,Two-Year,46.75,729.45,0,9,167.2,Electronic Check,Yes,No,Yes,1,0
CR-1216,71,Two-Year,46.44,3319.87,3,4,173.5,Credit Card,Yes,Yes,No,1,0
CR-1217,23,One-Year,55.23,1291.74,2,6,178.4,Credit Card,No,No,No,1,0
CR-1218,11,Month-to-Month,75.9,848.0,1,0,166.3,Bank Transfer,Yes,Yes,No,3,1
CR-1219,42,Two-Year,97.12,4110.18,3,4,187.6,Bank Transfer,No,No,Yes,4,0
CR-1220,15,Two-Year,90.57,1327.88,1,13,335.3,Mailed Check,No,No,No,4,0
CR-1221,20,Month-to-Month,84.98,1685.99,2,33,364.9,Credit Card,Yes,Yes,No,3,0
CR-1222,7,Two-Year,71.17,500.43,1,36,108.9,Mailed Check,No,No,No,3,0
CR-1223,4,Month-to-Month,52.07,189.62,0,8,12.0,Mailed Check,Yes,Yes,No,2,0
CR-1224,30,Month-to-Month,78.32,2371.42,1,10,207.6,Bank Transfer,Yes,Yes,No,3,0
CR-1225,53,Two-Year,30.74,1613.55,1,2,174.9,Credit Card,No,No,No,1,0
CR-1226,58,Two-Year,77.02,4506.11,0,13,244.9,Bank Transfer,Yes,No,No,2,0
CR-1227,3,Month-to-Month,80.27,212.88,1,0,182.8,Electronic Check,No,Yes,No,2,1
CR-1228,12,Month-to-Month,74.46,957.48,1,3,164.7,Bank Transfer,Yes,No,No,3,1
CR-1229,4,Two-Year,47.13,249.4,3,12,250.3,Bank Transfer,Yes,No,Yes,2,0
CR-1230,3,Month-to-Month,82.37,244.27,1,4,261.5,Electronic Check,No,Yes,No,3,1
CR-1231,22,Month-to-Month,56.18,1270.35,1,0,49.1,Mailed Check,Yes,No,Yes,2,0
CR-1232,35,Month-to-Month,90.75,3164.24,1,19,94.7,Electronic Check,Yes,No,Yes,3,1
CR-1233,72,Two-Year,89.13,6447.76,1,4,151.6,Mailed Check,No,Yes,No,4,0
CR-1234,2,One-Year,48.45,91.62,1,0,167.9,Electronic Check,No,No,No,1,0
CR-1235,65,Two-Year,98.14,6340.54,3,0,141.9,Electronic Check,Yes,No,Yes,4,0
CR-1236,21,One-Year,54.24,1033.06,3,3,194.7,Bank Transfer,Yes,No,No,2,0
CR-1237,12,Month-to-Month,63.4,752.74,1,2,239.7,Credit Card,Yes,No,Yes,2,0
CR-1238,5,Month-to-Month,87.79,447.32,2,16,297.8,Electronic Check,No,No,No,3,1
CR-1239,4,Month-to-Month,61.87,287.39,2,4,206.3,Mailed Check,Yes,Yes,No,2,0
CR-1240,52,One-Year,61.97,3223.54,5,17,91.8,Credit Card,Yes,No,No,2,0
CR-1241,3,Month-to-Month,52.27,186.9,2,2,148.2,Credit Card,No,Yes,No,2,0
CR-1242,33,One-Year,54.44,1782.9,2,7,154.0,Electronic Check,Yes,No,Yes,1,0
CR-1243,1,Month-to-Month,71.45,71.45,2,12,201.2,Bank Transfer,Yes,No,No,2,1
CR-1244,26,One-Year,38.89,1042.76,2,11,191.1,Mailed Check,Yes,No,No,1,0
CR-1245,62,One-Year,95.76,5863.18,4,10,324.0,Electronic Check,No,Yes,No,4,0
CR-1246,15,Month-to-Month,57.14,857.49,1,28,123.1,Electronic Check,Yes,No,No,1,1
CR-1247,53,Two-Year,49.66,2619.98,1,2,190.8,Bank Transfer,Yes,No,No,2,0
CR-1248,55,One-Year,103.04,5708.02,0,7,348.4,Mailed Check,No,Yes,Yes,4,0
CR-1249,29,Two-Year,91.41,2635.04,6,23,113.2,Bank Transfer,No,No,Yes,4,0
CR-1250,67,Two-Year,96.78,6499.76,0,0,171.6,Bank Transfer,Yes,No,No,3,0
CR-1251,54,One-Year,61.63,3355.67,3,0,84.4,Credit Card,Yes,No,Yes,2,0
CR-1252,65,Two-Year,55.6,3569.22,1,2,166.6,Mailed Check,Yes,No,No,1,0
CR-1253,42,Two-Year,53.39,2238.2,1,11,97.6,Electronic Check,Yes,Yes,No,2,0
CR-1254,7,Month-to-Month,30.51,200.62,0,3,243.7,Electronic Check,Yes,No,Yes,1,0
CR-1255,11,Month-to-Month,76.66,871.65,1,2,171.8,Electronic Check,Yes,Yes,No,3,0
CR-1256,13,Month-to-Month,63.63,847.44,1,6,85.2,Electronic Check,Yes,Yes,No,2,0
CR-1257,52,Two-Year,55.89,2899.28,1,10,227.2,Electronic Check,Yes,No,No,2,0
CR-1258,21,One-Year,68.58,1408.76,2,3,174.4,Electronic Check,Yes,No,Yes,2,0
CR-1259,59,Two-Year,58.9,3506.24,3,3,236.2,Bank Transfer,Yes,No,Yes,2,0
CR-1260,69,Two-Year,40.19,2771.08,0,10,68.2,Electronic Check,No,Yes,No,2,0
CR-1261,14,One-Year,84.53,1134.87,2,32,189.5,Bank Transfer,Yes,Yes,Yes,3,0
CR-1262,26,One-Year,34.17,842.45,2,12,221.9,Mailed Check,No,No,Yes,1,0
CR-1263,25,Month-to-Month,57.38,1447.63,2,16,126.1,Electronic Check,Yes,No,No,2,1
CR-1264,22,One-Year,58.53,1249.39,1,5,59.3,Bank Transfer,No,No,No,1,0
CR-1265,54,Two-Year,60.73,3335.21,1,3,156.7,Electronic Check,Yes,No,No,1,0
CR-1266,51,Month-to-Month,55.25,2789.64,0,6,258.2,Bank Transfer,Yes,No,Yes,2,0
CR-1267,34,One-Year,48.78,1658.51,3,18,250.1,Credit Card,No,No,Yes,1,0
CR-1268,21,Two-Year,37.48,791.85,1,6,125.7,Credit Card,Yes,No,Yes,1,0
CR-1269,19,Two-Year,76.13,1424.59,1,20,57.4,Bank Transfer,Yes,No,No,3,0
CR-1270,17,Month-to-Month,54.94,866.79,4,49,125.5,Credit Card,Yes,No,No,2,1
CR-1271,65,Month-to-Month,25.76,1680.13,2,0,122.5,Credit Card,Yes,No,Yes,1,0
CR-1272,54,One-Year,43.95,2350.7,6,0,195.7,Electronic Check,No,Yes,Yes,1,0
CR-1273,41,Two-Year,45.88,1884.58,1,1,151.6,Electronic Check,Yes,No,No,1,0
CR-1274,71,Month-to-Month,54.29,3850.92,1,5,99.7,Credit Card,Yes,Yes,No,2,0
CR-1275,15,One-Year,71.88,1086.1,2,1,248.3,Mailed Check,Yes,No,No,2,0
CR-1276,33,Month-to-Month,56.64,1915.98,2,22,171.2,Electronic Check,Yes,No,Yes,2,0
CR-1277,9,Month-to-Month,36.63,313.28,1,0,194.8,Electronic Check,Yes,No,No,1,1
CR-1278,47,One-Year,66.27,3100.62,2,4,22.0,Credit Card,Yes,Yes,No,2,0
CR-1279,11,One-Year,45.57,451.3,3,2,12.0,Electronic Check,Yes,Yes,No,2,0
CR-1280,5,Month-to-Month,70.07,344.49,2,29,45.0,Credit Card,No,Yes,No,2,1
CR-1281,2,Month-to-Month,74.98,162.26,0,12,121.6,Electronic Check,Yes,No,Yes,3,1
CR-1282,8,Month-to-Month,70.89,552.62,1,26,206.1,Electronic Check,No,No,No,2,0
CR-1283,67,Two-Year,55.88,3756.45,1,39,12.0,Bank Transfer,No,No,No,1,0
CR-1284,26,Two-Year,85.4,2215.07,1,7,287.4,Credit Card,Yes,No,Yes,3,0
CR-1285,7,Month-to-Month,34.88,205.09,0,2,173.6,Electronic Check,Yes,Yes,Yes,1,0
CR-1286,5,One-Year,30.49,161.81,1,2,268.8,Credit Card,Yes,No,No,1,0
CR-1287,32,One-Year,64.66,2062.95,2,2,89.1,Electronic Check,Yes,No,Yes,3,0
CR-1288,1,Month-to-Month,72.03,75.71,1,13,200.3,Bank Transfer,No,Yes,No,2,1
CR-1289,63,One-Year,77.65,4874.94,1,0,166.8,Electronic Check,No,No,No,3,0
CR-1290,19,Month-to-Month,37.01,683.53,1,0,225.4,Credit Card,Yes,No,No,1,0
CR-1291,1,Month-to-Month,59.68,64.4,2,10,141.3,Credit Card,Yes,Yes,No,2,1
CR-1292,17,One-Year,53.81,907.85,0,11,197.9,Electronic Check,No,No,Yes,1,0
CR-1293,71,Month-to-Month,68.79,4935.82,0,12,248.2,Electronic Check,Yes,No,Yes,2,0
CR-1294,22,One-Year,47.39,1066.54,0,5,107.9,Mailed Check,No,Yes,No,1,0
CR-1295,5,One-Year,67.38,353.25,2,18,179.4,Bank Transfer,Yes,Yes,No,2,0
CR-1296,1,One-Year,44.8,44.8,1,8,12.0,Bank Transfer,Yes,No,Yes,1,1
CR-1297,6,Month-to-Month,46.02,215.34,2,1,216.2,Electronic Check,No,No,Yes,1,0
CR-1298,27,Two-Year,63.21,1682.44,0,17,316.4,Mailed Check,Yes,No,No,2,0
CR-1299,27,One-Year,97.0,2599.58,1,33,60.4,Mailed Check,No,Yes,Yes,4,1
CR-1300,2,Month-to-Month,86.53,164.81,2,0,152.7,Electronic Check,Yes,No,No,3,1
CR-1301,20,One-Year,100.61,2011.2,3,5,230.4,Bank Transfer,No,No,Yes,4,0
CR-1302,33,One-Year,52.19,1741.95,3,7,162.5,Credit Card,No,Yes,No,2,0
CR-1303,65,One-Year,48.29,3147.04,2,1,173.2,Bank Transfer,Yes,No,Yes,1,0
CR-1304,4,Month-to-Month,63.47,288.66,0,22,128.7,Bank Transfer,Yes,No,No,2,1
CR-1305,46,Two-Year,67.11,3077.7,1,3,125.7,Electronic Check,No,No,No,2,0
CR-1306,17,One-Year,41.96,721.03,3,16,153.1,Electronic Check,No,Yes,No,1,1
CR-1307,1,Month-to-Month,51.12,61.44,2,12,163.3,Credit Card,No,Yes,No,1,0
CR-1308,1,Month-to-Month,42.39,49.76,0,10,65.5,Bank Transfer,No,No,Yes,1,1
CR-1309,16,One-Year,68.24,1130.3,2,2,154.7,Bank Transfer,Yes,No,No,2,0
CR-1310,54,Two-Year,38.44,2099.87,4,2,285.5,Electronic Check,No,No,No,1,0
CR-1311,10,Month-to-Month,39.13,351.72,3,0,126.5,Credit Card,Yes,Yes,No,1,0
CR-1312,6,One-Year,67.02,398.69,1,3,61.0,Credit Card,Yes,Yes,No,2,0
CR-1313,22,One-Year,57.68,1268.54,3,4,147.9,Bank Transfer,Yes,No,Yes,2,1
CR-1314,32,Month-to-Month,83.06,2722.47,0,19,102.8,Mailed Check,No,No,Yes,2,0
CR-1315,15,Month-to-Month,84.66,1260.01,3,5,52.9,Electronic Check,Yes,No,No,3,1
CR-1316,24,Month-to-Month,43.25,1008.53,1,15,171.1,Credit Card,No,No,Yes,1,0
CR-1317,8,One-Year,87.2,710.75,1,6,103.2,Bank Transfer,No,No,No,3,0
CR-1318,11,Month-to-Month,38.19,435.0,4,16,110.0,Electronic Check,No,No,No,1,1
CR-1319,63,One-Year,70.23,4422.28,2,41,172.3,Electronic Check,Yes,No,No,2,0
CR-1320,29,One-Year,69.95,2021.94,5,3,37.3,Electronic Check,Yes,Yes,Yes,2,0
CR-1321,68,One-Year,109.54,7477.19,3,21,20.7,Credit Card,Yes,No,No,4,0
CR-1322,56,Month-to-Month,56.59,3143.43,2,10,213.7,Credit Card,No,No,Yes,2,0
CR-1323,32,Month-to-Month,30.77,974.41,0,18,12.0,Credit Card,Yes,Yes,No,1,0
CR-1324,1,Month-to-Month,54.9,54.9,2,11,81.9,Electronic Check,No,Yes,Yes,2,0
CR-1325,60,Two-Year,58.18,3523.62,2,6,16.0,Mailed Check,Yes,Yes,No,2,0
CR-1326,5,Month-to-Month,77.67,396.91,1,2,121.1,Electronic Check,No,Yes,No,2,0
CR-1327,68,One-Year,64.95,4384.65,3,0,194.2,Bank Transfer,Yes,Yes,No,1,0
CR-1328,1,Two-Year,64.45,64.45,1,8,169.0,Credit Card,No,No,Yes,2,0
CR-1329,19,Month-to-Month,43.09,874.91,0,51,351.3,Electronic Check,Yes,Yes,Yes,1,1
CR-1330,29,Month-to-Month,75.5,2222.0,3,14,247.0,Credit Card,Yes,No,Yes,3,0
CR-1331,65,One-Year,69.25,4526.5,4,4,85.5,Electronic Check,No,Yes,No,2,0
CR-1332,31,One-Year,64.89,2011.96,1,19,64.2,Electronic Check,Yes,No,Yes,1,0
CR-1333,10,One-Year,96.86,1013.85,1,16,376.5,Credit Card,No,No,Yes,3,0
CR-1334,43,One-Year,72.38,3079.24,3,3,245.0,Electronic Check,Yes,Yes,Yes,2,0
CR-1335,70,Two-Year,72.23,5078.69,0,0,207.1,Bank Transfer,Yes,No,No,2,0
CR-1336,14,Month-to-Month,51.32,705.18,1,1,166.0,Electronic Check,Yes,No,No,1,0
CR-1337,2,Month-to-Month,60.53,113.59,5,23,181.9,Bank Transfer,No,No,No,2,1
CR-1338,17,One-Year,53.63,933.48,0,19,41.4,Electronic Check,No,Yes,No,2,0
CR-1339,45,One-Year,96.79,4351.24,2,3,172.6,Credit Card,Yes,No,Yes,4,0
CR-1340,69,Two-Year,47.22,3245.14,0,3,165.7,Electronic Check,Yes,No,No,1,0
CR-1341,11,Month-to-Month,28.46,298.21,1,17,87.7,Credit Card,No,No,No,1,1
CR-1342,10,Month-to-Month,95.47,895.11,4,30,116.9,Credit Card,No,No,No,4,1
CR-1343,2,Month-to-Month,88.74,200.38,4,16,281.2,Bank Transfer,No,No,No,4,1
CR-1344,69,Two-Year,53.14,3636.46,0,10,150.0,Credit Card,No,No,No,1,0
CR-1345,10,Month-to-Month,73.5,790.75,7,3,325.7,Electronic Check,Yes,No,No,3,1
CR-1346,7,One-Year,46.28,315.33,2,8,20.7,Electronic Check,No,Yes,No,1,0
CR-1347,55,One-Year,72.0,3999.28,2,2,118.2,Electronic Check,No,No,No,3,0
CR-1348,46,Two-Year,94.98,4314.81,1,18,36.2,Bank Transfer,Yes,No,No,3,0
CR-1349,24,Month-to-Month,25.99,645.7,3,5,63.2,Mailed Check,No,Yes,Yes,1,1
CR-1350,58,Two-Year,47.76,2799.74,0,19,93.7,Electronic Check,No,Yes,No,1,0
CR-1351,28,Month-to-Month,30.23,885.55,1,5,185.2,Credit Card,No,Yes,Yes,1,0
CR-1352,18,Month-to-Month,37.91,636.54,0,19,181.3,Credit Card,Yes,No,Yes,1,1
CR-1353,32,One-Year,45.06,1420.84,1,4,105.7,Electronic Check,Yes,No,No,1,0
CR-1354,1,Month-to-Month,81.55,98.85,0,6,12.0,Mailed Check,Yes,No,No,3,1
CR-1355,71,One-Year,45.29,3220.04,0,10,278.2,Mailed Check,Yes,No,Yes,1,0
CR-1356,6,One-Year,62.52,383.92,0,0,137.1,Mailed Check,No,No,Yes,2,0
CR-1357,43,Two-Year,72.58,3110.13,3,32,70.7,Bank Transfer,Yes,No,No,3,0
CR-1358,20,Month-to-Month,59.36,1233.72,1,9,182.0,Electronic Check,No,Yes,Yes,2,0
CR-1359,22,Two-Year,61.32,1427.29,2,7,176.4,Bank Transfer,Yes,No,Yes,2,0
CR-1360,35,One-Year,44.95,1576.37,1,20,134.2,Bank Transfer,Yes,Yes,No,1,0
CR-1361,60,One-Year,60.34,3634.0,1,22,171.9,Electronic Check,Yes,Yes,No,2,0
CR-1362,40,Two-Year,50.3,2013.69,1,8,67.6,Credit Card,Yes,Yes,No,1,0
CR-1363,21,One-Year,79.93,1717.05,1,28,220.8,Credit Card,Yes,No,No,3,1
CR-1364,6,Two-Year,45.01,294.93,1,0,80.3,Electronic Check,No,No,No,1,0
CR-1365,19,Month-to-Month,57.17,1054.24,5,1,111.6,Bank Transfer,No,No,No,2,0
CR-1366,9,Month-to-Month,50.48,435.94,0,9,211.9,Mailed Check,Yes,Yes,No,2,0
CR-1367,15,Month-to-Month,62.54,907.82,1,4,256.3,Electronic Check,Yes,No,No,2,1
CR-1368,1,Month-to-Month,55.07,135.91,1,6,286.9,Electronic Check,No,Yes,No,1,0
CR-1369,69,Month-to-Month,47.44,3292.42,2,4,244.5,Electronic Check,No,No,No,1,0
CR-1370,47,Two-Year,70.83,3311.14,1,5,134.1,Electronic Check,Yes,No,No,3,0
CR-1371,20,One-Year,51.15,1002.73,1,19,36.7,Electronic Check,Yes,No,No,1,0
CR-1372,68,Two-Year,39.65,2720.36,3,9,272.4,Electronic Check,Yes,Yes,Yes,1,0
CR-1373,62,Two-Year,68.15,4252.45,1,60,269.7,Electronic Check,Yes,No,Yes,2,0
CR-1374,4,Month-to-Month,75.31,325.18,0,17,106.2,Bank Transfer,Yes,No,Yes,3,0
CR-1375,8,Month-to-Month,64.53,503.47,1,3,233.7,Electronic Check,Yes,No,Yes,2,0
CR-1376,63,One-Year,55.82,3525.84,1,3,133.4,Electronic Check,No,Yes,Yes,2,0
CR-1377,56,One-Year,56.07,3143.25,3,4,280.1,Credit Card,Yes,No,Yes,2,0
CR-1378,1,One-Year,27.34,27.34,1,20,118.8,Bank Transfer,No,No,No,1,0
CR-1379,70,Two-Year,66.12,4600.61,2,0,318.3,Electronic Check,Yes,Yes,Yes,2,0
CR-1380,61,Month-to-Month,82.7,5057.06,2,2,222.9,Credit Card,No,No,No,3,0
CR-1381,6,Month-to-Month,101.26,613.45,0,25,303.8,Electronic Check,No,No,No,4,0
CR-1382,24,Month-to-Month,45.75,1114.6,2,11,122.9,Electronic Check,No,Yes,Yes,1,1
CR-1383,2,Month-to-Month,53.38,130.49,0,2,192.4,Mailed Check,No,Yes,Yes,2,0
CR-1384,32,Two-Year,70.66,2306.1,0,2,82.5,Electronic Check,No,No,Yes,2,0
CR-1385,6,Month-to-Month,52.93,294.3,1,21,227.5,Credit Card,Yes,Yes,Yes,1,0
CR-1386,30,One-Year,53.12,1612.51,2,24,231.9,Credit Card,Yes,Yes,No,2,0
CR-1387,58,One-Year,48.32,2825.04,3,3,351.8,Electronic Check,No,No,No,1,0
CR-1388,22,Month-to-Month,69.75,1525.14,2,6,198.6,Electronic Check,No,No,No,2,0
CR-1389,40,Month-to-Month,38.3,1535.66,1,19,217.9,Electronic Check,Yes,Yes,No,1,1
CR-1390,64,Two-Year,58.04,3705.96,1,16,122.3,Electronic Check,No,No,Yes,2,0
CR-1391,7,One-Year,66.34,527.64,2,18,203.3,Mailed Check,Yes,Yes,No,2,0
CR-1392,22,Month-to-Month,45.9,1012.95,0,8,129.6,Bank Transfer,Yes,Yes,No,2,0
CR-1393,27,One-Year,50.11,1366.52,2,26,169.3,Electronic Check,No,Yes,No,2,1
CR-1394,42,One-Year,33.1,1382.28,3,4,174.0,Bank Transfer,Yes,Yes,Yes,1,0
CR-1395,56,Two-Year,43.04,2395.85,2,1,131.8,Electronic Check,Yes,No,No,2,0
CR-1396,26,Two-Year,89.85,2297.04,2,13,165.0,Electronic Check,Yes,No,Yes,3,0
CR-1397,4,Month-to-Month,23.12,125.48,0,8,130.0,Electronic Check,No,No,Yes,1,1
CR-1398,36,Two-Year,64.43,2342.53,0,21,129.6,Credit Card,No,No,No,2,0
CR-1399,5,Month-to-Month,69.12,336.57,2,0,246.1,Electronic Check,Yes,Yes,Yes,2,0
CR-1400,68,Month-to-Month,58.06,3921.07,0,20,174.0,Bank Transfer,Yes,No,No,2,0
CR-1401,59,One-Year,54.32,3210.28,5,3,187.8,Electronic Check,Yes,Yes,No,2,1
CR-1402,5,Month-to-Month,63.33,301.72,0,11,43.4,Bank Transfer,No,Yes,Yes,2,0
CR-1403,19,One-Year,43.02,810.72,0,0,193.9,Electronic Check,No,Yes,Yes,1,0
CR-1404,6,Month-to-Month,71.04,388.33,2,10,202.4,Electronic Check,Yes,Yes,No,2,1
CR-1405,63,Month-to-Month,34.71,2193.24,2,13,128.1,Bank Transfer,No,No,No,2,0
CR-1406,15,One-Year,33.81,514.26,0,5,326.8,Bank Transfer,No,Yes,No,1,0
CR-1407,61,One-Year,66.62,4096.66,1,2,12.0,Electronic Check,Yes,No,No,2,0
CR-1408,28,Month-to-Month,61.5,1717.48,2,8,222.7,Credit Card,Yes,No,Yes,2,0
CR-1409,17,Month-to-Month,86.52,1460.83,2,19,217.0,Electronic Check,Yes,Yes,Yes,3,0
CR-1410,14,Month-to-Month,45.62,591.98,2,4,203.3,Credit Card,Yes,No,Yes,1,0
CR-1411,3,Month-to-Month,95.65,319.98,1,3,174.1,Bank Transfer,Yes,No,No,4,0
CR-1412,6,Month-to-Month,57.98,374.66,4,3,204.1,Credit Card,Yes,No,No,2,1
CR-1413,1,Month-to-Month,84.25,85.11,4,32,229.5,Bank Transfer,Yes,Yes,Yes,2,1
CR-1414,44,Two-Year,58.35,2527.52,0,4,101.9,Electronic Check,Yes,No,Yes,1,0
CR-1415,7,Month-to-Month,65.96,425.28,1,0,183.9,Credit Card,Yes,Yes,No,2,0
CR-1416,58,Month-to-Month,79.78,4610.83,0,16,145.3,Credit Card,No,No,No,3,0
CR-1417,16,Month-to-Month,66.38,1091.04,1,13,72.5,Mailed Check,No,Yes,No,2,0
CR-1418,45,Two-Year,69.27,3125.86,2,1,217.4,Electronic Check,No,Yes,Yes,2,0
CR-1419,52,Month-to-Month,65.19,3345.08,3,46,114.9,Bank Transfer,No,Yes,No,2,1
CR-1420,23,One-Year,53.49,1242.4,0,10,40.2,Bank Transfer,Yes,Yes,No,2,0
CR-1421,18,One-Year,60.85,1070.13,1,7,116.9,Credit Card,Yes,Yes,No,1,0
CR-1422,55,Two-Year,81.46,4464.63,4,5,96.1,Mailed Check,Yes,No,Yes,3,0
CR-1423,69,Two-Year,81.14,5627.81,2,25,242.3,Bank Transfer,Yes,No,Yes,2,0
CR-1424,15,Month-to-Month,44.87,696.02,2,3,172.3,Credit Card,No,No,Yes,1,0
CR-1425,13,Month-to-Month,58.54,793.81,4,3,270.6,Electronic Check,Yes,Yes,No,2,0
CR-1426,52,One-Year,92.84,4826.99,1,1,106.7,Electronic Check,No,Yes,No,3,0
CR-1427,38,Two-Year,82.01,3142.87,2,15,229.9,Electronic Check,Yes,No,No,3,0
CR-1428,71,One-Year,62.33,4407.85,2,9,387.2,Electronic Check,Yes,Yes,Yes,2,0
CR-1429,12,Month-to-Month,85.0,1012.27,3,10,188.5,Electronic Check,No,No,No,4,0
CR-1430,26,Two-Year,49.6,1279.81,0,2,228.9,Electronic Check,Yes,No,Yes,1,0
CR-1431,24,Month-to-Month,38.07,914.4,1,11,215.5,Bank Transfer,Yes,Yes,No,1,0
CR-1432,11,One-Year,38.52,385.13,1,15,46.2,Bank Transfer,Yes,No,No,1,0
CR-1433,33,One-Year,38.09,1250.22,2,4,206.9,Credit Card,Yes,No,No,1,0
CR-1434,13,Month-to-Month,47.39,659.62,0,17,184.5,Bank Transfer,No,No,No,1,0
CR-1435,19,Month-to-Month,45.65,834.57,2,4,139.2,Bank Transfer,No,No,Yes,2,0
CR-1436,3,Month-to-Month,58.89,136.79,2,15,89.3,Electronic Check,Yes,Yes,No,2,0
CR-1437,6,Month-to-Month,70.8,387.34,1,0,215.5,Credit Card,No,No,Yes,2,0
CR-1438,10,Month-to-Month,48.54,565.26,2,8,82.2,Electronic Check,No,No,No,2,0
CR-1439,32,One-Year,80.73,2597.31,2,38,330.7,Mailed Check,Yes,No,No,3,0
CR-1440,70,Two-Year,36.69,2560.19,1,43,169.1,Bank Transfer,Yes,No,Yes,1,0
CR-1441,44,Two-Year,56.96,2508.29,2,3,62.1,Electronic Check,No,Yes,Yes,2,0
CR-1442,48,One-Year,77.55,3729.23,1,6,118.9,Electronic Check,No,Yes,Yes,2,0
CR-1443,69,One-Year,80.5,5535.29,2,0,137.7,Electronic Check,Yes,No,Yes,4,0
CR-1444,4,One-Year,50.66,187.12,0,22,353.0,Electronic Check,Yes,Yes,No,1,1
CR-1445,2,Month-to-Month,38.22,71.71,0,9,89.2,Electronic Check,Yes,No,No,1,0
CR-1446,69,Month-to-Month,55.72,3822.94,0,5,150.7,Bank Transfer,Yes,Yes,No,2,0
CR-1447,28,One-Year,67.88,1888.73,0,1,117.0,Electronic Check,Yes,Yes,No,3,0
CR-1448,1,Month-to-Month,50.54,61.13,1,32,199.9,Credit Card,No,Yes,No,1,0
CR-1449,57,Two-Year,59.09,3338.22,3,8,118.2,Credit Card,No,Yes,Yes,2,0
CR-1450,1,Month-to-Month,39.82,118.12,1,3,68.9,Bank Transfer,No,No,Yes,1,0
CR-1451,30,Month-to-Month,98.1,2965.59,2,4,144.4,Electronic Check,Yes,No,No,4,0
CR-1452,6,One-Year,41.3,209.7,0,3,136.0,Electronic Check,Yes,No,No,1,0
CR-1453,8,Month-to-Month,22.99,109.58,1,10,112.6,Electronic Check,Yes,No,No,1,0
CR-1454,44,One-Year,38.09,1655.33,2,29,116.9,Credit Card,Yes,No,Yes,1,0
CR-1455,22,One-Year,69.95,1559.43,0,21,254.8,Bank Transfer,Yes,No,Yes,2,0
CR-1456,4,Month-to-Month,27.93,126.43,2,6,134.4,Bank Transfer,Yes,No,No,1,1
CR-1457,11,Month-to-Month,68.1,745.77,2,19,69.3,Electronic Check,Yes,Yes,No,3,0
CR-1458,1,Month-to-Month,74.73,74.73,0,6,123.0,Electronic Check,No,No,No,3,1
CR-1459,26,One-Year,35.74,902.12,1,3,164.3,Credit Card,Yes,No,No,1,0
CR-1460,9,Month-to-Month,60.72,534.4,2,45,53.1,Bank Transfer,Yes,No,No,2,1
CR-1461,41,Two-Year,32.07,1284.5,3,3,290.1,Mailed Check,No,No,Yes,1,0
CR-1462,10,One-Year,57.12,559.23,2,4,229.4,Mailed Check,No,Yes,Yes,2,0
CR-1463,4,Month-to-Month,42.52,210.01,1,50,274.4,Credit Card,Yes,No,Yes,1,1
CR-1464,7,Month-to-Month,49.49,323.29,0,1,191.4,Electronic Check,Yes,Yes,Yes,1,1
CR-1465,4,Month-to-Month,73.45,312.13,0,15,12.0,Electronic Check,No,Yes,No,2,0
CR-1466,26,Month-to-Month,40.38,1072.78,2,30,282.8,Electronic Check,Yes,No,No,1,0
CR-1467,70,Two-Year,97.88,6819.21,1,7,90.9,Mailed Check,No,Yes,Yes,3,0
CR-1468,2,Month-to-Month,59.16,93.02,1,0,97.4,Electronic Check,Yes,No,Yes,2,0
CR-1469,47,One-Year,87.29,4134.7,1,5,172.5,Credit Card,Yes,No,No,3,0
CR-1470,37,One-Year,116.32,4276.07,1,1,270.3,Mailed Check,Yes,No,Yes,4,0
CR-1471,24,Month-to-Month,98.39,2359.64,1,5,244.3,Credit Card,No,No,No,4,0
CR-1472,8,Month-to-Month,47.26,439.28,0,17,232.5,Bank Transfer,No,No,No,2,0
CR-1473,47,Month-to-Month,61.91,2939.16,3,6,135.1,Electronic Check,Yes,No,Yes,2,0
CR-1474,8,Two-Year,54.88,441.6,2,6,133.8,Electronic Check,Yes,No,No,2,0
CR-1475,10,One-Year,76.26,787.82,2,8,187.7,Bank Transfer,Yes,No,No,3,0
CR-1476,34,Month-to-Month,80.85,2747.22,1,9,149.6,Mailed Check,No,No,Yes,2,0
CR-1477,34,One-Year,84.77,2912.73,0,21,231.1,Mailed Check,No,Yes,No,4,0
CR-1478,3,One-Year,46.0,76.61,2,4,226.4,Electronic Check,Yes,Yes,No,1,0
CR-1479,19,One-Year,52.22,988.0,2,18,207.3,Electronic Check,No,No,No,2,0
CR-1480,4,Month-to-Month,57.92,169.09,2,9,12.0,Bank Transfer,No,No,No,2,1
CR-1481,9,Month-to-Month,86.45,782.89,3,3,170.2,Bank Transfer,Yes,No,Yes,3,0
CR-1482,5,One-Year,46.18,223.81,3,3,151.3,Electronic Check,Yes,No,Yes,1,0
CR-1483,2,Month-to-Month,58.75,158.32,1,4,173.4,Electronic Check,Yes,Yes,Yes,2,0
CR-1484,4,Month-to-Month,54.5,239.35,0,10,99.7,Mailed Check,No,Yes,Yes,2,0
CR-1485,31,Two-Year,46.16,1415.18,0,2,54.0,Mailed Check,Yes,No,Yes,1,0
CR-1486,51,Two-Year,78.08,3969.89,4,27,197.1,Bank Transfer,No,No,Yes,2,0
CR-1487,52,Two-Year,51.99,2714.9,2,9,131.5,Bank Transfer,No,No,Yes,2,0
CR-1488,10,Month-to-Month,62.12,604.02,2,27,206.0,Electronic Check,No,No,Yes,1,1
CR-1489,26,One-Year,72.99,1896.77,2,0,106.3,Credit Card,Yes,No,No,2,0
CR-1490,49,Two-Year,110.69,5463.31,1,4,273.3,Electronic Check,No,No,Yes,4,0
CR-1491,10,One-Year,100.08,975.93,0,0,240.1,Electronic Check,Yes,No,No,4,0
CR-1492,9,Month-to-Month,72.71,640.96,4,3,183.7,Electronic Check,No,No,No,2,1
CR-1493,1,Month-to-Month,50.91,50.91,3,21,142.9,Bank Transfer,Yes,Yes,No,2,1
CR-1494,35,One-Year,36.32,1365.94,4,0,228.2,Credit Card,No,No,No,1,0
CR-1495,18,One-Year,104.66,1902.13,2,6,191.4,Mailed Check,No,Yes,No,4,0
CR-1496,1,Month-to-Month,45.96,79.92,2,1,179.1,Credit Card,No,No,No,1,0
CR-1497,1,Month-to-Month,59.52,82.56,1,5,243.4,Credit Card,Yes,No,Yes,2,0
CR-1498,33,Month-to-Month,18.5,635.56,2,20,274.1,Electronic Check,Yes,No,Yes,1,1
CR-1499,11,Month-to-Month,56.65,637.36,1,10,59.8,Bank Transfer,Yes,Yes,No,2,0
CR-1500,47,Month-to-Month,31.26,1480.18,4,14,76.0,Credit Card,Yes,No,No,1,1
CR-1501,23,One-Year,83.94,1887.1,2,4,97.6,Bank Transfer,Yes,Yes,No,3,0
CR-1502,14,One-Year,59.09,838.0,4,31,39.8,Electronic Check,No,Yes,No,2,1
CR-1503,14,One-Year,54.72,762.83,1,13,155.0,Credit Card,No,No,Yes,2,0
CR-1504,6,Month-to-Month,69.43,432.94,1,6,208.0,Electronic Check,Yes,No,No,1,0
CR-1505,51,Two-Year,89.38,4556.25,0,6,158.3,Electronic Check,No,Yes,No,3,0
CR-1506,5,Month-to-Month,53.56,290.69,0,27,117.3,Bank Transfer,No,Yes,No,1,1
CR-1507,6,Month-to-Month,83.02,526.32,0,9,250.1,Electronic Check,No,No,No,2,1
CR-1508,2,One-Year,69.02,69.02,3,13,171.2,Bank Transfer,No,Yes,No,2,0
CR-1509,10,Month-to-Month,89.29,879.88,2,5,187.4,Credit Card,No,Yes,No,4,0
CR-1510,4,Two-Year,34.12,80.76,2,2,252.3,Electronic Check,Yes,No,No,1,0
CR-1511,44,Two-Year,70.65,3115.77,2,14,150.1,Mailed Check,No,No,No,2,0
CR-1512,28,One-Year,40.41,1122.46,0,10,324.8,Credit Card,Yes,No,No,2,0
CR-1513,28,Two-Year,78.22,2230.83,0,7,124.2,Electronic Check,No,Yes,No,3,1
CR-1514,51,Month-to-Month,21.29,1092.01,1,10,319.8,Credit Card,No,Yes,Yes,1,1
CR-1515,32,Month-to-Month,61.99,1969.11,1,2,82.0,Electronic Check,Yes,Yes,No,2,0
CR-1516,56,Two-Year,51.54,2914.4,2,17,201.4,Credit Card,Yes,Yes,Yes,1,0
CR-1517,23,Month-to-Month,45.79,1043.62,1,32,108.6,Credit Card,Yes,Yes,No,1,0
CR-1518,3,One-Year,52.38,142.2,1,24,249.6,Electronic Check,Yes,No,Yes,1,1
CR-1519,16,Month-to-Month,116.65,1878.21,0,4,121.7,Credit Card,Yes,Yes,No,4,0
CR-1520,2,Month-to-Month,41.56,131.51,3,5,183.3,Credit Card,No,Yes,Yes,1,1
CR-1521,39,Two-Year,125.0,4900.61,2,18,108.0,Electronic Check,Yes,Yes,Yes,4,0
CR-1522,55,Two-Year,45.13,2499.16,3,9,235.0,Electronic Check,No,No,No,1,0
CR-1523,9,Month-to-Month,106.49,1040.94,2,8,107.5,Electronic Check,Yes,Yes,Yes,4,0
CR-1524,17,Month-to-Month,54.89,911.16,1,28,294.7,Electronic Check,No,Yes,Yes,2,0
CR-1525,1,One-Year,59.19,59.19,1,8,80.3,Electronic Check,No,Yes,Yes,1,0
CR-1526,33,Month-to-Month,71.42,2361.23,3,7,52.3,Electronic Check,Yes,No,No,2,1
CR-1527,29,One-Year,75.71,2241.04,3,0,236.1,Electronic Check,Yes,No,No,2,0
CR-1528,70,Two-Year,61.55,4280.25,0,0,112.7,Electronic Check,Yes,No,No,2,0
CR-1529,60,Two-Year,48.45,2959.64,2,0,159.4,Credit Card,Yes,Yes,Yes,2,0
CR-1530,9,Month-to-Month,65.6,547.23,2,26,134.2,Mailed Check,Yes,Yes,No,2,0
CR-1531,37,One-Year,44.03,1625.47,0,5,55.0,Mailed Check,Yes,No,No,2,0
CR-1532,5,Month-to-Month,75.64,383.4,2,6,153.8,Electronic Check,Yes,Yes,No,3,1
CR-1533,21,Two-Year,62.91,1294.63,3,20,261.2,Credit Card,Yes,No,No,2,0
CR-1534,34,One-Year,120.77,4087.54,1,10,240.3,Mailed Check,No,No,No,4,0
CR-1535,6,Two-Year,100.19,625.04,2,10,178.5,Mailed Check,Yes,No,Yes,4,0
CR-1536,62,One-Year,44.4,2796.05,3,3,249.0,Mailed Check,No,Yes,Yes,1,0
CR-1537,3,Month-to-Month,42.37,63.67,2,19,75.2,Credit Card,Yes,Yes,No,1,1
CR-1538,14,Month-to-Month,47.58,671.53,1,1,134.0,Electronic Check,No,No,No,2,1
CR-1539,71,Two-Year,61.86,4388.66,1,0,191.7,Electronic Check,Yes,No,No,2,0
CR-1540,31,Month-to-Month,44.03,1368.15,2,2,149.6,Bank Transfer,Yes,No,No,1,0
CR-1541,6,One-Year,33.31,190.36,3,3,140.3,Electronic Check,Yes,Yes,Yes,1,0
CR-1542,7,One-Year,49.13,305.2,1,3,63.9,Mailed Check,Yes,No,No,2,0
CR-1543,52,One-Year,56.18,2967.63,2,12,12.0,Electronic Check,No,No,Yes,2,0
CR-1544,49,Month-to-Month,43.65,2173.63,2,2,225.4,Mailed Check,Yes,No,No,1,0
CR-1545,25,One-Year,74.42,1857.38,2,12,179.5,Credit Card,Yes,Yes,Yes,3,0
CR-1546,35,Month-to-Month,50.49,1752.5,3,1,232.2,Bank Transfer,No,No,No,2,0
CR-1547,25,One-Year,63.89,1578.97,2,1,125.0,Electronic Check,Yes,No,No,2,0
CR-1548,59,One-Year,66.39,3839.44,2,7,103.0,Electronic Check,Yes,No,No,2,1
CR-1549,5,Month-to-Month,44.21,231.66,1,28,160.5,Credit Card,Yes,No,Yes,1,1
CR-1550,32,One-Year,55.37,1795.25,0,21,228.3,Credit Card,Yes,No,Yes,2,0
CR-1551,63,One-Year,48.95,3087.99,0,38,141.5,Mailed Check,Yes,No,Yes,1,0
CR-1552,1,Month-to-Month,41.09,41.09,1,11,224.1,Electronic Check,No,Yes,Yes,1,1
CR-1553,28,Month-to-Month,49.11,1379.08,5,12,79.5,Electronic Check,Yes,No,Yes,2,0
CR-1554,52,One-Year,53.36,2749.12,3,10,147.1,Electronic Check,No,Yes,No,1,0
CR-1555,15,One-Year,64.54,953.11,4,10,154.4,Electronic Check,No,No,No,2,0
CR-1556,23,One-Year,59.81,1370.64,1,1,258.1,Credit Card,No,No,Yes,2,0
CR-1557,34,Month-to-Month,27.29,948.76,1,8,176.6,Electronic Check,Yes,No,Yes,1,1
CR-1558,34,One-Year,35.55,1250.07,2,5,299.7,Bank Transfer,Yes,Yes,No,1,0
CR-1559,46,Two-Year,99.19,4555.87,0,6,52.2,Bank Transfer,Yes,Yes,No,3,0
CR-1560,40,One-Year,27.92,1085.46,1,8,170.4,Electronic Check,No,Yes,No,1,0
CR-1561,3,Month-to-Month,58.49,176.54,1,1,174.4,Bank Transfer,No,No,No,2,0
CR-1562,4,One-Year,60.84,303.7,1,4,209.6,Bank Transfer,Yes,No,No,2,0
CR-1563,14,One-Year,82.2,1122.07,1,0,94.9,Electronic Check,No,No,No,3,0
CR-1564,7,Month-to-Month,64.03,474.79,2,42,294.8,Credit Card,Yes,Yes,No,3,0
CR-1565,10,Month-to-Month,80.74,847.48,3,1,161.0,Electronic Check,No,Yes,Yes,3,1
CR-1566,8,Month-to-Month,26.14,198.32,0,3,73.0,Credit Card,No,No,No,1,0
CR-1567,1,Month-to-Month,79.97,79.97,1,24,158.7,Mailed Check,No,Yes,Yes,3,0
CR-1568,11,Month-to-Month,36.48,418.53,2,7,134.9,Credit Card,No,No,No,1,0
CR-1569,14,One-Year,34.34,491.36,1,1,382.7,Bank Transfer,Yes,No,Yes,1,0
CR-1570,8,Month-to-Month,69.35,575.64,2,5,244.0,Credit Card,Yes,No,Yes,2,1
CR-1571,4,Month-to-Month,58.64,296.77,1,1,164.0,Credit Card,Yes,No,Yes,2,0
CR-1572,52,One-Year,47.74,2487.49,3,2,151.0,Electronic Check,No,Yes,Yes,1,0
CR-1573,5,Two-Year,48.07,204.58,3,0,236.1,Credit Card,No,No,Yes,1,0
CR-1574,27,One-Year,91.7,2477.9,2,6,239.9,Bank Transfer,Yes,Yes,No,3,0
CR-1575,57,One-Year,66.92,3821.69,0,18,12.0,Credit Card,Yes,Yes,No,3,0
CR-1576,22,Month-to-Month,70.19,1582.2,1,9,211.4,Electronic Check,Yes,No,No,2,1
CR-1577,63,Month-to-Month,61.16,3847.18,3,10,162.2,Mailed Check,Yes,Yes,No,2,0
CR-1578,34,One-Year,75.22,2545.21,1,2,55.1,Bank Transfer,Yes,No,Yes,3,0
CR-1579,5,Month-to-Month,67.51,296.41,1,4,230.4,Electronic Check,No,No,No,3,0
CR-1580,14,One-Year,67.07,955.4,1,20,339.7,Bank Transfer,Yes,Yes,No,2,0
CR-1581,35,Month-to-Month,51.78,1912.75,2,1,204.5,Electronic Check,No,Yes,No,2,0
CR-1582,55,Two-Year,48.18,2643.22,2,21,248.0,Electronic Check,Yes,Yes,No,1,0
CR-1583,59,One-Year,80.28,4750.08,3,7,304.3,Electronic Check,No,Yes,No,2,0
CR-1584,45,One-Year,52.8,2359.57,1,19,93.6,Electronic Check,No,Yes,No,1,0
CR-1585,26,One-Year,74.91,1909.22,2,4,12.0,Bank Transfer,Yes,No,No,2,0
CR-1586,50,One-Year,53.81,2703.53,1,4,212.5,Electronic Check,No,Yes,Yes,2,0
CR-1587,1,Month-to-Month,50.63,51.48,2,15,140.2,Electronic Check,Yes,Yes,No,1,1
CR-1588,35,One-Year,67.56,2293.03,2,16,50.1,Bank Transfer,No,Yes,Yes,3,0
CR-1589,19,One-Year,40.67,821.03,2,2,153.7,Electronic Check,No,No,Yes,1,0
CR-1590,35,One-Year,78.41,2756.83,0,39,218.2,Electronic Check,No,No,Yes,2,1
CR-1591,66,One-Year,72.92,4814.94,1,0,148.1,Electronic Check,Yes,No,No,3,0
CR-1592,4,Month-to-Month,72.11,275.78,0,0,97.1,Bank Transfer,Yes,Yes,No,2,0
CR-1593,18,Month-to-Month,71.16,1293.04,1,9,142.1,Electronic Check,Yes,Yes,Yes,2,1
CR-1594,41,Two-Year,71.75,2955.29,3,14,158.4,Electronic Check,Yes,Yes,No,2,0
CR-1595,3,Month-to-Month,66.33,211.03,2,35,12.0,Bank Transfer,No,Yes,Yes,3,1
CR-1596,70,Two-Year,102.25,7189.54,1,5,148.6,Electronic Check,Yes,No,Yes,4,0
CR-1597,72,Month-to-Month,59.43,4317.82,2,0,52.5,Bank Transfer,Yes,No,No,2,0
CR-1598,11,Month-to-Month,89.88,1048.85,2,10,212.7,Electronic Check,Yes,Yes,Yes,3,1
CR-1599,34,Month-to-Month,26.45,874.19,2,3,35.1,Credit Card,No,No,Yes,1,0
CR-1600,18,One-Year,82.68,1471.04,0,6,241.0,Credit Card,No,No,Yes,3,0
CR-1601,28,Two-Year,99.26,2790.12,1,7,127.3,Mailed Check,Yes,No,Yes,4,0
CR-1602,19,Two-Year,41.1,757.53,1,0,116.6,Bank Transfer,Yes,Yes,Yes,2,0
CR-1603,16,One-Year,70.15,1103.86,1,7,183.6,Bank Transfer,Yes,Yes,Yes,3,0
CR-1604,22,One-Year,42.7,953.66,1,6,90.7,Mailed Check,Yes,Yes,No,2,0
CR-1605,9,One-Year,35.74,348.69,0,13,182.3,Bank Transfer,No,Yes,No,1,0
CR-1606,8,Month-to-Month,84.49,714.2,0,11,101.4,Bank Transfer,No,No,No,3,0
CR-1607,47,Month-to-Month,62.95,2952.87,1,2,115.5,Electronic Check,No,No,No,2,1
CR-1608,67,One-Year,62.69,4214.12,1,2,192.4,Bank Transfer,No,Yes,Yes,2,0
CR-1609,9,Month-to-Month,50.6,462.68,0,3,68.9,Electronic Check,No,No,No,2,1
CR-1610,11,Month-to-Month,90.2,992.73,3,2,58.9,Credit Card,No,No,Yes,3,1
CR-1611,26,One-Year,78.81,2024.58,2,11,179.9,Mailed Check,No,Yes,Yes,3,0
CR-1612,6,Month-to-Month,43.34,231.74,2,57,157.8,Electronic Check,No,Yes,No,1,1
CR-1613,8,Month-to-Month,70.4,583.2,1,11,173.5,Credit Card,Yes,No,No,2,0
CR-1614,3,Month-to-Month,87.09,236.29,0,10,186.2,Electronic Check,No,No,Yes,4,0
CR-1615,61,Two-Year,63.29,3807.38,2,5,164.6,Electronic Check,Yes,No,Yes,2,0
CR-1616,16,One-Year,101.23,1618.73,0,4,208.6,Credit Card,No,No,Yes,4,0
CR-1617,20,One-Year,73.54,1514.46,1,26,167.8,Electronic Check,Yes,No,No,3,1
CR-1618,19,Month-to-Month,67.52,1199.03,1,38,12.0,Bank Transfer,Yes,No,No,2,0
CR-1619,44,Two-Year,65.77,2885.23,2,7,20.2,Electronic Check,Yes,Yes,No,2,0
CR-1620,17,Two-Year,59.99,1040.09,1,3,314.2,Bank Transfer,No,No,Yes,2,0
CR-1621,46,One-Year,59.68,2690.58,0,16,160.0,Bank Transfer,No,No,Yes,2,0
CR-1622,25,Month-to-Month,66.24,1649.6,2,1,236.0,Mailed Check,No,Yes,No,2,0
CR-1623,31,One-Year,86.88,2659.1,0,15,132.3,Credit Card,Yes,Yes,No,3,0
CR-1624,11,One-Year,79.63,845.71,2,18,155.4,Electronic Check,Yes,No,Yes,3,0
CR-1625,9,Two-Year,72.2,637.73,2,1,123.7,Electronic Check,Yes,No,Yes,2,0
CR-1626,30,Two-Year,85.59,2534.01,0,41,357.3,Mailed Check,No,Yes,Yes,3,0
CR-1627,20,One-Year,43.12,826.21,2,46,180.3,Credit Card,No,No,Yes,2,0
CR-1628,10,Month-to-Month,46.95,467.72,1,30,117.2,Bank Transfer,No,No,No,2,0
CR-1629,7,Month-to-Month,72.82,576.55,1,7,27.9,Bank Transfer,No,No,Yes,2,1
CR-1630,26,Month-to-Month,76.53,2012.51,0,3,317.9,Bank Transfer,No,No,No,3,0
CR-1631,26,One-Year,62.64,1658.96,4,9,146.9,Bank Transfer,Yes,No,No,2,0
CR-1632,30,One-Year,54.39,1655.62,2,5,219.5,Credit Card,Yes,Yes,No,1,0
CR-1633,69,Two-Year,60.94,4183.93,3,2,228.5,Electronic Check,No,Yes,No,2,0
CR-1634,7,Month-to-Month,43.37,312.91,2,6,123.0,Mailed Check,Yes,Yes,Yes,1,0
CR-1635,9,Month-to-Month,52.31,503.72,3,11,213.8,Electronic Check,No,Yes,Yes,2,1
CR-1636,36,Two-Year,46.7,1706.05,2,0,111.7,Bank Transfer,No,Yes,No,1,0
CR-1637,11,Month-to-Month,84.87,939.41,0,4,80.8,Electronic Check,Yes,Yes,No,3,0
CR-1638,19,One-Year,37.22,722.78,2,0,253.2,Bank Transfer,Yes,No,Yes,1,0
CR-1639,3,One-Year,51.78,229.23,1,15,147.3,Bank Transfer,Yes,Yes,Yes,2,0
CR-1640,61,Two-Year,69.26,4250.04,1,11,201.5,Electronic Check,No,No,Yes,1,0
CR-1641,15,Two-Year,96.07,1431.6,3,0,192.9,Mailed Check,Yes,Yes,Yes,4,0
CR-1642,8,Month-to-Month,54.16,431.06,0,36,211.0,Bank Transfer,Yes,Yes,Yes,2,0
CR-1643,34,One-Year,86.07,2894.76,3,0,35.5,Bank Transfer,No,Yes,Yes,3,0
CR-1644,4,Month-to-Month,78.49,384.37,2,9,113.2,Bank Transfer,Yes,Yes,No,3,0
CR-1645,13,One-Year,68.14,933.94,1,16,134.0,Electronic Check,Yes,Yes,No,3,0
CR-1646,69,Two-Year,83.83,5786.77,2,17,93.5,Bank Transfer,Yes,Yes,Yes,3,0
CR-1647,3,Month-to-Month,34.47,168.83,2,0,194.3,Electronic Check,Yes,No,No,1,1
CR-1648,6,One-Year,76.76,479.53,2,26,255.0,Bank Transfer,No,Yes,Yes,2,0
CR-1649,10,Month-to-Month,47.95,466.57,0,27,267.6,Credit Card,No,Yes,Yes,1,1
CR-1650,72,Two-Year,76.23,5515.75,1,9,132.9,Electronic Check,Yes,Yes,No,3,0
CR-1651,19,Month-to-Month,98.09,1875.67,0,7,183.4,Bank Transfer,No,No,No,4,0
CR-1652,70,Two-Year,106.03,7447.24,1,0,195.7,Electronic Check,Yes,Yes,Yes,4,0
CR-1653,13,Month-to-Month,44.86,542.11,3,9,209.7,Electronic Check,No,Yes,No,1,1
CR-1654,34,Month-to-Month,82.22,2771.17,1,5,89.7,Bank Transfer,No,Yes,No,2,1
CR-1655,2,Month-to-Month,72.36,189.37,3,16,305.6,Electronic Check,Yes,No,No,2,1
CR-1656,59,Two-Year,47.88,2875.71,0,5,234.1,Bank Transfer,Yes,No,Yes,1,0
CR-1657,8,Month-to-Month,33.63,311.49,1,12,236.2,Electronic Check,Yes,Yes,Yes,1,1
CR-1658,16,Month-to-Month,59.53,1019.04,1,1,256.3,Mailed Check,No,No,No,2,0
CR-1659,20,Two-Year,101.79,2053.12,4,1,202.7,Bank Transfer,Yes,No,Yes,4,0
CR-1660,56,One-Year,52.77,2970.33,4,1,77.8,Electronic Check,Yes,Yes,No,2,0
CR-1661,1,Month-to-Month,73.93,73.93,1,0,148.9,Electronic Check,Yes,Yes,Yes,2,1
CR-1662,3,Month-to-Month,51.26,136.36,1,8,27.9,Electronic Check,Yes,No,No,2,0
CR-1663,17,Month-to-Month,54.63,869.06,3,17,193.2,Electronic Check,No,No,Yes,2,1
CR-1664,23,Two-Year,91.38,2092.1,1,10,146.5,Credit Card,No,No,No,4,0
CR-1665,13,One-Year,68.44,827.96,1,9,156.8,Credit Card,No,Yes,Yes,2,0
CR-1666,64,Two-Year,34.95,2269.23,2,12,256.3,Electronic Check,Yes,No,No,1,0
CR-1667,19,Two-Year,43.0,828.65,1,4,123.4,Bank Transfer,Yes,Yes,Yes,2,0
CR-1668,7,Month-to-Month,107.88,694.37,2,4,139.8,Electronic Check,Yes,Yes,Yes,4,0
CR-1669,5,Month-to-Month,56.56,277.1,0,4,161.8,Credit Card,No,No,No,2,1
CR-1670,25,Month-to-Month,50.31,1316.78,1,13,12.8,Electronic Check,Yes,No,No,2,0
CR-1671,46,One-Year,35.45,1626.93,1,1,138.7,Mailed Check,No,No,No,1,0
CR-1672,8,Month-to-Month,60.17,451.41,0,0,12.0,Credit Card,Yes,Yes,Yes,1,1
CR-1673,15,Two-Year,72.43,1032.88,1,9,113.2,Mailed Check,No,No,No,3,0
CR-1674,18,One-Year,59.77,1023.19,1,31,228.4,Electronic Check,No,Yes,No,2,0
CR-1675,25,Month-to-Month,56.53,1429.32,0,10,195.8,Bank Transfer,No,No,No,2,0
CR-1676,23,One-Year,48.67,1106.39,3,16,112.4,Credit Card,Yes,Yes,No,2,0
CR-1677,2,Month-to-Month,89.57,168.61,2,12,163.3,Credit Card,Yes,No,No,4,1
CR-1678,54,Two-Year,29.99,1606.57,2,7,74.0,Electronic Check,No,Yes,Yes,1,0
CR-1679,1,One-Year,88.56,88.56,2,13,159.8,Mailed Check,No,No,No,3,0
CR-1680,31,One-Year,62.01,1885.5,1,19,394.4,Mailed Check,Yes,No,Yes,2,0
CR-1681,14,One-Year,103.83,1463.1,2,2,307.7,Electronic Check,Yes,Yes,No,3,0
CR-1682,58,Two-Year,89.91,5172.1,2,4,164.2,Bank Transfer,No,No,No,4,0
CR-1683,33,One-Year,52.41,1706.85,3,2,172.8,Electronic Check,No,Yes,No,2,0
CR-1684,9,Month-to-Month,58.34,555.38,1,6,81.6,Credit Card,Yes,No,No,1,0
CR-1685,47,Month-to-Month,53.58,2529.55,3,23,95.9,Credit Card,Yes,No,No,1,0
CR-1686,11,Month-to-Month,82.85,931.92,1,4,189.0,Electronic Check,No,No,No,3,0
CR-1687,8,Month-to-Month,31.86,319.39,2,5,118.0,Electronic Check,No,Yes,No,1,0
CR-1688,10,Month-to-Month,60.45,602.71,1,21,232.3,Electronic Check,Yes,Yes,Yes,1,1
CR-1689,7,Month-to-Month,42.28,296.6,0,7,285.6,Electronic Check,Yes,Yes,No,1,1
CR-1690,1,Month-to-Month,56.69,56.69,2,8,186.6,Electronic Check,No,Yes,Yes,2,1
CR-1691,57,Two-Year,54.43,3089.21,2,21,168.1,Bank Transfer,Yes,Yes,No,1,0
CR-1692,12,One-Year,78.78,915.04,0,7,25.5,Credit Card,Yes,Yes,Yes,3,0
CR-1693,62,Two-Year,67.34,4177.6,3,12,219.8,Bank Transfer,Yes,No,Yes,3,0
CR-1694,19,One-Year,61.4,1177.25,0,0,68.5,Bank Transfer,Yes,No,No,2,0
CR-1695,30,Month-to-Month,53.19,1608.02,0,2,126.6,Electronic Check,Yes,No,Yes,2,1
CR-1696,70,Two-Year,30.91,2165.63,2,5,236.8,Electronic Check,Yes,No,No,2,0
CR-1697,28,One-Year,70.18,1992.83,4,7,242.4,Credit Card,No,Yes,Yes,3,0
CR-1698,33,Two-Year,55.72,1839.64,1,37,122.7,Electronic Check,Yes,No,Yes,2,0
CR-1699,6,Month-to-Month,49.44,284.36,3,38,127.3,Electronic Check,Yes,No,No,2,1
CR-1700,6,Month-to-Month,66.75,372.69,3,20,104.1,Electronic Check,Yes,Yes,No,2,1
CR-1701,1,One-Year,71.23,71.23,2,4,64.2,Bank Transfer,Yes,No,No,3,0
CR-1702,13,Month-to-Month,65.78,898.95,1,36,109.2,Credit Card,No,No,Yes,2,1
CR-1703,18,One-Year,48.67,855.09,3,12,30.9,Bank Transfer,No,No,No,2,0
CR-1704,23,One-Year,52.09,1170.3,4,5,214.6,Electronic Check,No,No,Yes,1,0
CR-1705,62,Month-to-Month,48.24,2978.35,2,13,191.6,Credit Card,Yes,No,No,2,0
CR-1706,6,Month-to-Month,37.58,217.13,2,0,204.8,Electronic Check,Yes,No,No,2,0
CR-1707,5,Month-to-Month,73.37,416.01,3,1,83.6,Bank Transfer,Yes,Yes,No,2,1
CR-1708,60,Two-Year,52.44,3136.56,0,19,64.4,Electronic Check,Yes,No,No,2,0
CR-1709,30,Two-Year,96.57,2976.1,1,11,164.3,Mailed Check,Yes,Yes,No,3,0
CR-1710,58,One-Year,48.65,2823.61,1,4,165.1,Credit Card,Yes,No,No,1,0
CR-1711,5,One-Year,68.9,406.21,1,7,148.2,Bank Transfer,No,Yes,No,2,0
CR-1712,46,Month-to-Month,71.45,3313.52,2,25,136.8,Credit Card,No,No,Yes,2,0
CR-1713,25,One-Year,62.13,1564.08,4,10,296.9,Bank Transfer,Yes,No,Yes,2,0
CR-1714,53,Month-to-Month,62.24,3346.06,2,5,194.1,Electronic Check,Yes,No,Yes,2,0
CR-1715,8,One-Year,91.81,768.15,2,1,317.7,Credit Card,No,No,No,3,1
CR-1716,6,One-Year,44.11,283.7,0,3,261.5,Bank Transfer,Yes,Yes,No,1,0
CR-1717,70,Two-Year,71.72,5089.93,4,42,296.3,Bank Transfer,Yes,Yes,No,3,0
CR-1718,15,One-Year,84.86,1257.95,2,6,74.0,Electronic Check,Yes,No,No,3,0
CR-1719,10,Month-to-Month,39.86,368.75,1,7,207.5,Electronic Check,Yes,No,No,2,0
CR-1720,15,Two-Year,92.2,1362.71,0,7,125.5,Bank Transfer,Yes,No,Yes,3,0
CR-1721,26,One-Year,74.4,1986.97,2,23,26.9,Bank Transfer,Yes,No,Yes,2,0
CR-1722,29,Two-Year,72.98,2159.94,4,10,279.7,Electronic Check,Yes,No,Yes,2,0
CR-1723,57,Two-Year,108.6,6174.44,0,13,136.5,Electronic Check,No,No,Yes,4,0
CR-1724,6,Month-to-Month,42.16,182.32,0,5,75.6,Bank Transfer,Yes,No,Yes,1,0
CR-1725,12,One-Year,41.93,496.98,2,0,126.8,Electronic Check,Yes,Yes,No,1,0
CR-1726,14,Month-to-Month,30.7,399.4,0,29,96.3,Bank Transfer,Yes,No,Yes,1,1
CR-1727,3,Month-to-Month,78.48,220.62,1,32,104.5,Bank Transfer,Yes,Yes,Yes,2,1
CR-1728,3,Month-to-Month,38.15,82.82,2,32,142.3,Electronic Check,Yes,Yes,No,1,1
CR-1729,8,Month-to-Month,100.4,754.91,1,31,298.5,Credit Card,Yes,No,No,4,1
CR-1730,4,Month-to-Month,63.54,310.66,1,18,106.7,Electronic Check,Yes,No,No,2,0
CR-1731,60,One-Year,65.6,3915.49,0,12,292.7,Credit Card,Yes,No,Yes,3,0
CR-1732,8,Month-to-Month,25.55,246.78,0,20,227.9,Credit Card,No,Yes,No,1,1
CR-1733,28,Two-Year,61.06,1703.04,0,10,191.7,Bank Transfer,Yes,No,No,2,0
CR-1734,7,Month-to-Month,38.46,235.3,0,1,219.8,Mailed Check,Yes,No,Yes,1,0
CR-1735,22,One-Year,42.11,941.69,2,5,161.1,Credit Card,No,No,No,1,0
CR-1736,5,Month-to-Month,71.65,346.52,5,39,262.9,Mailed Check,No,Yes,Yes,2,1
CR-1737,18,One-Year,99.25,1780.29,2,4,205.4,Bank Transfer,No,No,No,4,0
CR-1738,71,One-Year,68.59,4874.24,1,22,26.8,Bank Transfer,No,No,No,2,0
CR-1739,35,One-Year,65.45,2266.38,4,1,183.7,Bank Transfer,Yes,No,Yes,2,0
CR-1740,19,Month-to-Month,57.84,1050.33,0,4,222.7,Electronic Check,Yes,Yes,No,2,0
CR-1741,9,Two-Year,32.98,295.28,1,4,136.9,Mailed Check,No,Yes,No,1,0
CR-1742,8,Month-to-Month,63.65,538.12,0,0,170.1,Credit Card,No,Yes,No,2,0
CR-1743,1,Month-to-Month,43.84,43.84,2,1,111.0,Bank Transfer,Yes,No,Yes,1,0
CR-1744,63,Month-to-Month,88.15,5558.07,0,2,49.8,Mailed Check,No,No,Yes,3,0
CR-1745,5,Month-to-Month,77.49,432.62,0,20,36.0,Mailed Check,Yes,No,Yes,3,1
CR-1746,1,One-Year,58.03,58.03,4,0,37.0,Electronic Check,Yes,No,Yes,2,1
CR-1747,27,Month-to-Month,58.71,1587.75,3,3,213.5,Credit Card,Yes,Yes,No,2,1
CR-1748,54,Month-to-Month,33.81,1827.4,2,0,12.0,Bank Transfer,Yes,Yes,No,1,0
CR-1749,5,Month-to-Month,93.47,446.88,3,13,106.7,Bank Transfer,No,Yes,Yes,3,0
CR-1750,25,Month-to-Month,90.4,2230.2,1,10,98.7,Mailed Check,No,Yes,Yes,3,0
CR-1751,9,Month-to-Month,66.87,572.15,1,11,137.4,Credit Card,Yes,No,No,3,0
CR-1752,22,One-Year,51.04,1133.93,0,5,12.0,Credit Card,Yes,Yes,No,1,0
CR-1753,7,One-Year,24.55,194.59,0,2,192.3,Bank Transfer,Yes,No,Yes,1,0
CR-1754,3,One-Year,70.85,236.7,1,14,58.1,Credit Card,Yes,Yes,No,2,0
CR-1755,59,Two-Year,90.04,5301.0,1,18,250.6,Bank Transfer,Yes,No,Yes,4,0
CR-1756,59,Two-Year,100.6,5968.2,0,1,110.3,Electronic Check,Yes,No,Yes,4,0
CR-1757,1,Month-to-Month,41.7,50.92,1,7,152.4,Bank Transfer,Yes,Yes,No,2,0
CR-1758,28,One-Year,67.01,1878.4,2,3,160.3,Electronic Check,Yes,No,No,3,0
CR-1759,46,Two-Year,101.69,4577.56,0,2,179.5,Bank Transfer,No,Yes,No,4,0
CR-1760,15,One-Year,35.99,515.33,2,14,163.0,Credit Card,No,No,No,1,0
CR-1761,9,Month-to-Month,70.6,589.77,1,8,125.8,Electronic Check,Yes,No,No,3,0
CR-1762,1,Month-to-Month,56.96,75.77,2,2,187.4,Credit Card,Yes,No,Yes,1,0
CR-1763,5,One-Year,83.11,418.4,1,4,197.3,Electronic Check,No,No,No,2,0
CR-1764,34,One-Year,52.37,1748.42,2,37,98.8,Bank Transfer,No,Yes,No,1,0
CR-1765,9,Two-Year,50.08,459.85,0,20,194.1,Bank Transfer,Yes,Yes,No,2,0
CR-1766,7,Month-to-Month,96.64,633.78,1,23,255.3,Credit Card,Yes,Yes,No,3,0
CR-1767,3,Month-to-Month,45.39,104.86,1,6,216.5,Credit Card,Yes,Yes,Yes,2,0
CR-1768,11,Month-to-Month,39.96,418.25,4,10,234.6,Bank Transfer,Yes,Yes,Yes,1,1
CR-1769,61,Two-Year,43.55,2672.75,1,5,173.8,Electronic Check,Yes,No,Yes,1,0
CR-1770,21,Month-to-Month,80.24,1727.02,2,0,85.1,Credit Card,Yes,No,No,2,0
CR-1771,27,Month-to-Month,70.13,1875.93,1,5,95.2,Bank Transfer,No,No,Yes,2,0
CR-1772,8,Two-Year,56.36,490.55,1,9,185.6,Electronic Check,Yes,No,No,2,0
CR-1773,11,Month-to-Month,33.55,370.47,1,3,235.4,Electronic Check,No,No,No,1,0
CR-1774,67,Two-Year,89.02,5971.42,3,20,382.9,Electronic Check,Yes,Yes,No,3,0
CR-1775,11,Month-to-Month,91.67,1006.46,1,1,238.5,Electronic Check,Yes,No,No,4,1
CR-1776,11,One-Year,63.17,688.95,1,5,66.4,Bank Transfer,No,Yes,No,2,0
CR-1777,39,Two-Year,65.3,2559.88,0,1,98.6,Bank Transfer,No,No,No,3,0
CR-1778,33,Two-Year,102.69,3410.98,1,5,342.3,Bank Transfer,Yes,No,No,4,0
CR-1779,59,Two-Year,65.89,3860.97,1,0,142.8,Electronic Check,Yes,No,Yes,2,0
CR-1780,46,Month-to-Month,48.58,2229.0,2,3,163.8,Mailed Check,Yes,Yes,Yes,2,0
CR-1781,66,Month-to-Month,89.32,5945.2,2,5,83.2,Bank Transfer,Yes,No,No,3,0
CR-1782,17,Month-to-Month,48.55,830.67,1,7,285.2,Bank Transfer,Yes,Yes,No,1,0
CR-1783,2,Month-to-Month,68.4,145.4,3,8,200.0,Electronic Check,Yes,No,No,2,1
CR-1784,71,Two-Year,75.21,5374.93,0,3,98.0,Bank Transfer,Yes,No,No,3,0
CR-1785,11,Month-to-Month,44.79,477.65,0,8,80.5,Bank Transfer,Yes,Yes,No,1,0
CR-1786,3,Month-to-Month,79.63,237.87,1,7,184.6,Bank Transfer,No,Yes,No,3,0
CR-1787,1,Month-to-Month,59.52,84.03,3,4,163.5,Mailed Check,Yes,No,No,2,0
CR-1788,10,One-Year,62.71,664.27,1,19,226.6,Credit Card,Yes,No,No,2,0
CR-1789,62,Two-Year,73.56,4489.77,4,8,203.8,Credit Card,Yes,Yes,No,2,0
CR-1790,15,Month-to-Month,71.75,1054.15,0,4,138.8,Electronic Check,No,No,No,2,1
CR-1791,39,One-Year,67.18,2590.07,1,32,116.5,Electronic Check,Yes,No,No,3,0
CR-1792,1,Month-to-Month,70.85,70.85,2,20,147.2,Electronic Check,Yes,Yes,No,2,1
CR-1793,20,One-Year,108.91,2150.52,0,44,115.9,Credit Card,No,Yes,No,4,0
CR-1794,9,Month-to-Month,59.49,555.33,0,12,149.6,Bank Transfer,No,Yes,Yes,2,0
CR-1795,41,Month-to-Month,66.08,2714.45,0,5,161.3,Credit Card,Yes,Yes,No,2,0
CR-1796,57,One-Year,101.94,5837.26,0,3,88.2,Bank Transfer,No,Yes,Yes,4,0
CR-1797,1,Month-to-Month,34.5,63.09,0,11,210.5,Electronic Check,No,Yes,No,1,1
CR-1798,36,Two-Year,75.18,2726.85,1,43,130.4,Electronic Check,Yes,Yes,No,3,0
CR-1799,41,Two-Year,50.51,2060.84,2,10,92.6,Electronic Check,Yes,Yes,Yes,1,0
CR-1800,21,Month-to-Month,74.04,1557.97,3,23,131.9,Electronic Check,No,No,No,3,1
CR-1801,62,Two-Year,70.75,4372.67,3,4,179.4,Electronic Check,Yes,No,No,2,0
CR-1802,16,One-Year,110.05,1719.86,3,5,166.6,Electronic Check,Yes,No,No,4,0
CR-1803,50,One-Year,90.44,4550.61,2,26,193.8,Credit Card,Yes,No,No,3,1
CR-1804,70,Month-to-Month,62.8,4393.48,1,15,231.9,Bank Transfer,Yes,Yes,No,1,0
CR-1805,70,Two-Year,42.09,2901.22,2,43,264.4,Electronic Check,Yes,No,No,1,0
CR-1806,24,Two-Year,62.77,1522.59,1,16,182.8,Electronic Check,No,No,No,2,0
CR-1807,10,Month-to-Month,64.21,635.38,1,6,74.4,Mailed Check,No,No,No,2,0
CR-1808,15,Month-to-Month,42.4,574.21,1,8,138.5,Bank Transfer,Yes,No,Yes,1,0
CR-1809,69,One-Year,48.42,3299.77,2,25,79.7,Mailed Check,Yes,No,No,1,0
CR-1810,10,Month-to-Month,43.89,417.88,1,8,295.7,Bank Transfer,No,Yes,Yes,2,0
CR-1811,47,One-Year,45.05,2123.67,0,3,319.0,Mailed Check,Yes,No,No,1,0
CR-1812,48,One-Year,65.23,3154.68,0,6,212.0,Electronic Check,No,No,No,3,0
CR-1813,27,One-Year,69.37,1895.6,2,7,228.7,Electronic Check,No,No,No,3,0
CR-1814,43,Two-Year,86.33,3730.28,0,1,180.1,Credit Card,No,Yes,Yes,3,0
CR-1815,39,One-Year,41.01,1598.36,1,14,189.3,Mailed Check,Yes,No,No,1,0
CR-1816,1,Month-to-Month,49.98,101.65,1,1,32.2,Credit Card,Yes,No,No,1,1
CR-1817,25,One-Year,58.79,1490.75,2,5,154.1,Bank Transfer,Yes,No,Yes,2,0
CR-1818,64,Month-to-Month,108.06,6922.5,3,17,89.5,Electronic Check,Yes,Yes,No,4,1
CR-1819,10,Month-to-Month,58.61,603.1,1,6,182.5,Electronic Check,No,Yes,No,2,0
CR-1820,52,Two-Year,41.45,2143.43,1,20,155.2,Electronic Check,No,Yes,No,2,0
CR-1821,66,Month-to-Month,45.25,2984.78,0,4,315.7,Electronic Check,No,No,No,1,0
CR-1822,10,Month-to-Month,39.31,330.64,4,34,233.3,Electronic Check,Yes,Yes,No,2,0
CR-1823,43,Two-Year,46.47,1986.61,0,2,182.8,Bank Transfer,No,Yes,No,2,0
CR-1824,9,Month-to-Month,34.17,360.33,2,0,138.6,Credit Card,Yes,No,No,1,0
CR-1825,33,Month-to-Month,50.92,1684.81,0,22,294.1,Electronic Check,No,No,No,2,0
CR-1826,62,Two-Year,55.55,3447.3,0,15,157.6,Electronic Check,Yes,No,No,2,0
CR-1827,49,Two-Year,50.58,2508.38,4,2,186.5,Electronic Check,Yes,No,No,2,0
CR-1828,21,Two-Year,46.94,996.47,4,46,163.4,Electronic Check,No,No,No,2,1
CR-1829,23,One-Year,94.42,2148.07,4,7,127.7,Electronic Check,No,Yes,No,3,0
CR-1830,39,Month-to-Month,54.22,2115.29,1,33,162.9,Electronic Check,No,No,No,2,1
CR-1831,55,Two-Year,38.69,2093.89,3,7,12.0,Mailed Check,Yes,No,No,2,0
CR-1832,8,Month-to-Month,75.39,608.63,3,7,36.2,Bank Transfer,No,Yes,Yes,3,0
CR-1833,62,One-Year,85.75,5291.37,0,6,188.0,Electronic Check,No,Yes,No,4,0
CR-1834,61,Month-to-Month,52.15,3209.0,0,4,285.5,Bank Transfer,No,Yes,No,2,0
CR-1835,8,Month-to-Month,50.1,385.49,3,8,187.9,Electronic Check,Yes,No,Yes,1,1
CR-1836,5,One-Year,74.52,347.86,1,6,102.4,Electronic Check,No,Yes,No,3,0
CR-1837,1,Month-to-Month,31.47,31.47,4,0,44.6,Electronic Check,Yes,No,No,1,1
CR-1838,60,One-Year,101.46,6098.56,2,3,222.8,Electronic Check,Yes,Yes,No,4,0
CR-1839,57,One-Year,54.5,3070.28,0,2,114.6,Credit Card,Yes,No,Yes,1,0
CR-1840,66,Two-Year,102.37,6740.78,0,22,211.5,Credit Card,No,No,No,4,0
CR-1841,7,Month-to-Month,36.46,258.37,1,10,191.2,Bank Transfer,Yes,No,No,2,0
CR-1842,16,Month-to-Month,67.85,1125.75,1,15,198.3,Credit Card,Yes,No,No,3,0
CR-1843,7,Month-to-Month,61.47,354.43,1,34,162.7,Bank Transfer,No,Yes,No,2,0
CR-1844,15,Month-to-Month,94.56,1436.85,1,11,190.7,Electronic Check,Yes,No,No,4,0
CR-1845,62,Two-Year,39.73,2451.75,0,44,150.4,Bank Transfer,Yes,No,No,1,0
CR-1846,16,One-Year,33.17,515.88,1,4,109.2,Bank Transfer,No,No,No,1,0
CR-1847,2,Month-to-Month,28.94,37.45,1,2,82.9,Electronic Check,Yes,No,Yes,1,0
CR-1848,61,Two-Year,117.08,7130.96,2,5,12.0,Credit Card,Yes,Yes,No,4,0
CR-1849,39,One-Year,61.27,2408.15,0,7,145.5,Credit Card,Yes,No,No,2,0
CR-1850,12,One-Year,67.42,792.94,3,24,281.6,Credit Card,Yes,Yes,No,2,0
CR-1851,13,One-Year,61.06,843.54,3,9,218.4,Electronic Check,Yes,Yes,Yes,2,0
CR-1852,34,Month-to-Month,79.46,2720.36,0,3,178.2,Electronic Check,No,No,Yes,3,0
CR-1853,29,Month-to-Month,60.38,1756.96,2,14,101.3,Electronic Check,No,No,No,2,0
CR-1854,24,One-Year,49.8,1190.22,5,7,239.8,Mailed Check,Yes,No,Yes,2,0
CR-1855,61,Two-Year,63.86,3931.16,2,1,150.5,Credit Card,Yes,No,No,3,0
CR-1856,11,Month-to-Month,82.86,951.54,0,9,286.0,Credit Card,Yes,No,No,3,0
CR-1857,8,One-Year,44.88,324.2,3,26,81.5,Bank Transfer,Yes,No,Yes,1,1
CR-1858,72,Two-Year,52.38,3750.3,0,20,100.0,Bank Transfer,No,No,No,1,0
CR-1859,7,Month-to-Month,50.35,371.49,1,9,92.2,Electronic Check,Yes,No,No,1,1
CR-1860,10,Month-to-Month,52.91,557.2,2,5,41.4,Credit Card,No,No,Yes,2,0
CR-1861,10,Month-to-Month,72.33,714.29,0,1,85.0,Credit Card,No,No,Yes,2,0
CR-1862,19,One-Year,68.65,1282.08,1,6,168.3,Bank Transfer,No,Yes,Yes,2,0
CR-1863,5,Month-to-Month,103.91,521.91,2,15,103.0,Electronic Check,Yes,No,Yes,4,0
CR-1864,2,Month-to-Month,83.49,211.28,1,4,12.0,Credit Card,Yes,No,No,2,1
CR-1865,8,Month-to-Month,99.44,796.75,0,2,245.9,Electronic Check,Yes,No,No,3,0
CR-1866,24,One-Year,67.9,1591.68,1,29,25.3,Credit Card,No,No,Yes,2,0
CR-1867,36,Month-to-Month,48.65,1754.69,3,18,207.1,Bank Transfer,Yes,No,No,1,1
CR-1868,16,One-Year,71.82,1172.6,3,11,162.5,Bank Transfer,Yes,Yes,No,2,0
CR-1869,22,One-Year,91.16,2002.48,0,1,329.4,Credit Card,No,No,No,4,0
CR-1870,52,Two-Year,37.3,1977.35,5,1,239.8,Credit Card,Yes,No,No,1,0
CR-1871,72,Two-Year,67.73,4902.54,4,1,119.6,Electronic Check,Yes,Yes,Yes,2,0
CR-1872,22,Month-to-Month,34.44,755.83,2,10,103.8,Mailed Check,Yes,No,Yes,1,0
CR-1873,21,One-Year,66.93,1406.82,0,1,280.2,Mailed Check,Yes,No,Yes,2,0
CR-1874,51,Two-Year,62.57,3135.82,1,20,41.9,Bank Transfer,No,Yes,No,2,0
CR-1875,4,Month-to-Month,70.44,318.07,0,54,175.3,Bank Transfer,Yes,Yes,No,3,1
CR-1876,67,Two-Year,79.26,5300.53,1,5,149.5,Bank Transfer,Yes,No,No,3,0
CR-1877,19,One-Year,74.05,1394.95,1,6,132.5,Bank Transfer,No,Yes,No,2,0
CR-1878,5,Month-to-Month,97.82,472.6,3,13,188.3,Mailed Check,Yes,No,No,4,1
CR-1879,53,Two-Year,61.87,3292.81,1,30,175.2,Electronic Check,Yes,Yes,No,2,0
CR-1880,9,Month-to-Month,82.29,706.75,0,24,196.6,Electronic Check,Yes,No,Yes,3,1
CR-1881,1,Month-to-Month,65.59,65.59,1,0,171.1,Mailed Check,No,No,No,2,0
CR-1882,15,Month-to-Month,75.69,1133.77,2,2,193.4,Electronic Check,No,Yes,Yes,3,0
CR-1883,42,Two-Year,82.5,3446.2,0,15,167.5,Credit Card,Yes,No,Yes,3,0
CR-1884,32,One-Year,86.51,2778.38,2,12,107.2,Electronic Check,Yes,No,Yes,4,0
CR-1885,8,Month-to-Month,35.01,262.38,0,1,160.3,Mailed Check,No,No,No,1,1
CR-1886,35,One-Year,54.29,1948.0,1,7,102.8,Credit Card,Yes,Yes,No,2,0
CR-1887,6,One-Year,83.7,523.0,1,16,97.6,Mailed Check,Yes,No,Yes,3,0
CR-1888,3,One-Year,80.6,262.23,3,2,133.1,Mailed Check,No,Yes,Yes,3,0
CR-1889,72,One-Year,59.66,4277.37,1,22,150.4,Electronic Check,No,No,Yes,2,0
CR-1890,45,Two-Year,49.91,2318.12,1,0,162.8,Bank Transfer,No,Yes,Yes,1,0
CR-1891,9,Month-to-Month,46.79,407.94,2,16,233.3,Credit Card,No,No,Yes,1,1
CR-1892,7,Month-to-Month,58.1,385.29,4,10,120.1,Credit Card,No,Yes,No,2,1
CR-1893,31,Two-Year,68.65,2149.35,2,4,175.7,Electronic Check,No,No,No,3,0
CR-1894,3,One-Year,70.8,218.26,1,14,169.4,Mailed Check,Yes,Yes,No,3,0
CR-1895,8,Month-to-Month,28.33,202.09,1,16,111.3,Electronic Check,Yes,No,Yes,1,0
CR-1896,21,Two-Year,98.41,2132.49,0,29,165.9,Credit Card,No,No,No,4,0
CR-1897,23,Month-to-Month,34.38,820.01,2,5,240.2,Bank Transfer,Yes,Yes,Yes,1,0
CR-1898,45,Two-Year,56.05,2522.37,2,12,174.9,Bank Transfer,No,No,Yes,2,0
CR-1899,8,Month-to-Month,41.72,405.79,2,10,178.1,Electronic Check,No,Yes,Yes,1,0
CR-1900,57,One-Year,89.44,5122.4,1,8,103.6,Electronic Check,Yes,No,No,3,0
CR-1901,26,Month-to-Month,88.29,2295.18,2,24,317.5,Electronic Check,Yes,No,No,3,1
CR-1902,2,Month-to-Month,60.45,189.34,2,0,108.1,Bank Transfer,Yes,No,No,2,1
CR-1903,42,One-Year,73.66,3113.49,2,3,26.6,Bank Transfer,Yes,Yes,Yes,2,0
CR-1904,54,One-Year,22.88,1253.98,1,8,228.8,Credit Card,No,Yes,No,1,0
CR-1905,30,Month-to-Month,79.77,2381.51,3,2,150.8,Electronic Check,Yes,Yes,No,2,1
CR-1906,58,One-Year,67.92,3940.84,3,26,135.8,Bank Transfer,No,No,Yes,2,0
CR-1907,8,Month-to-Month,44.03,339.92,1,11,116.4,Mailed Check,Yes,No,Yes,1,0
CR-1908,29,One-Year,70.09,2075.8,3,7,309.7,Credit Card,No,No,No,3,0
CR-1909,2,Month-to-Month,56.62,64.96,2,18,188.4,Electronic Check,Yes,No,No,2,0
CR-1910,1,Month-to-Month,49.09,90.07,4,6,204.0,Credit Card,Yes,No,No,1,1
CR-1911,26,Two-Year,49.32,1256.0,2,8,173.0,Mailed Check,Yes,No,No,1,0
CR-1912,5,One-Year,49.68,246.66,3,0,181.6,Mailed Check,Yes,Yes,No,1,0
CR-1913,6,Month-to-Month,53.72,313.46,1,5,271.9,Credit Card,No,No,No,2,1
CR-1914,64,Two-Year,51.7,3293.2,3,1,139.9,Bank Transfer,No,Yes,No,2,0
CR-1915,48,One-Year,44.95,2178.29,1,12,43.4,Electronic Check,Yes,No,Yes,1,0
CR-1916,58,Month-to-Month,86.7,5028.44,3,7,229.4,Credit Card,Yes,No,No,3,0
CR-1917,10,Month-to-Month,61.03,590.27,0,3,199.7,Credit Card,No,No,Yes,2,0
CR-1918,22,One-Year,75.81,1672.44,0,6,168.6,Electronic Check,No,Yes,Yes,2,0
CR-1919,9,Month-to-Month,97.33,855.09,1,2,197.7,Electronic Check,Yes,Yes,Yes,4,1
CR-1920,42,Month-to-Month,42.99,1789.45,2,28,130.3,Bank Transfer,Yes,No,No,1,1
CR-1921,69,Month-to-Month,67.71,4627.07,1,0,161.7,Credit Card,Yes,No,Yes,2,0
CR-1922,27,Two-Year,73.19,1962.62,0,22,149.5,Electronic Check,Yes,No,No,2,0
CR-1923,6,Month-to-Month,29.51,191.89,2,7,112.7,Bank Transfer,Yes,No,No,1,0
CR-1924,30,Month-to-Month,31.82,955.71,0,10,255.1,Mailed Check,Yes,Yes,No,1,0
CR-1925,2,Month-to-Month,57.87,170.19,3,3,47.0,Electronic Check,Yes,Yes,Yes,2,1
CR-1926,20,One-Year,110.59,2290.18,2,37,348.9,Mailed Check,Yes,Yes,No,3,0
CR-1927,29,One-Year,76.39,2201.38,2,3,230.2,Bank Transfer,Yes,Yes,No,3,0
CR-1928,64,One-Year,59.78,3800.92,1,9,17.8,Electronic Check,Yes,Yes,Yes,2,0
CR-1929,44,Two-Year,67.18,2989.81,0,55,142.1,Electronic Check,Yes,Yes,Yes,2,0
CR-1930,53,One-Year,70.77,3760.87,0,23,146.5,Electronic Check,Yes,No,No,2,1
CR-1931,4,Month-to-Month,44.7,212.88,1,8,191.4,Electronic Check,Yes,Yes,Yes,1,1
CR-1932,61,Month-to-Month,54.64,3345.0,2,51,80.8,Credit Card,Yes,Yes,Yes,1,0
CR-1933,46,One-Year,49.06,2250.93,4,13,162.6,Credit Card,No,No,No,2,0
CR-1934,13,Month-to-Month,53.34,687.76,3,2,150.3,Mailed Check,Yes,Yes,No,2,0
CR-1935,18,One-Year,54.62,996.14,3,5,101.0,Bank Transfer,No,Yes,No,1,0
CR-1936,14,Month-to-Month,43.11,597.21,2,4,89.9,Bank Transfer,Yes,Yes,Yes,1,0
CR-1937,11,One-Year,30.38,370.77,1,4,233.5,Electronic Check,Yes,No,Yes,1,0
CR-1938,29,Month-to-Month,47.77,1346.26,0,15,24.3,Bank Transfer,No,No,Yes,2,0
CR-1939,69,Two-Year,52.89,3685.83,2,9,198.2,Bank Transfer,Yes,No,No,2,0
CR-1940,1,One-Year,43.02,43.02,0,0,223.8,Bank Transfer,Yes,Yes,No,1,0
CR-1941,27,One-Year,47.67,1291.44,4,23,142.5,Mailed Check,Yes,No,Yes,1,0
CR-1942,6,Month-to-Month,39.71,228.33,2,3,164.2,Bank Transfer,Yes,Yes,No,1,0
CR-1943,58,Two-Year,46.85,2671.81,0,60,253.1,Credit Card,Yes,Yes,No,1,0
CR-1944,11,Month-to-Month,56.63,561.13,0,33,103.6,Bank Transfer,No,No,Yes,2,1
CR-1945,43,Two-Year,55.24,2342.39,1,31,111.9,Electronic Check,Yes,No,No,1,0
CR-1946,3,Month-to-Month,104.52,314.93,1,18,120.4,Credit Card,No,Yes,Yes,3,0
CR-1947,1,Month-to-Month,57.07,57.07,2,2,253.2,Electronic Check,Yes,No,No,2,1
CR-1948,65,Two-Year,65.8,4245.77,0,8,263.4,Bank Transfer,Yes,Yes,No,2,0
CR-1949,2,Month-to-Month,46.98,134.53,0,2,48.3,Bank Transfer,No,Yes,No,1,0
CR-1950,38,One-Year,44.39,1649.85,1,3,240.5,Electronic Check,Yes,Yes,Yes,1,0
CR-1951,1,Month-to-Month,49.53,69.9,2,10,225.5,Bank Transfer,No,No,Yes,1,0
CR-1952,7,One-Year,101.79,685.86,1,0,284.3,Electronic Check,Yes,Yes,Yes,4,0
CR-1953,3,One-Year,74.29,189.19,3,38,190.8,Electronic Check,Yes,No,Yes,3,1
CR-1954,53,Two-Year,56.17,2958.89,1,27,156.5,Credit Card,Yes,Yes,No,1,0
CR-1955,69,Two-Year,63.02,4366.98,1,5,251.6,Bank Transfer,Yes,No,No,2,0
CR-1956,29,Two-Year,39.15,1094.21,3,7,215.9,Electronic Check,Yes,Yes,No,1,0
CR-1957,47,Month-to-Month,67.43,3177.83,2,6,339.6,Bank Transfer,Yes,Yes,Yes,1,0
CR-1958,71,One-Year,77.84,5497.82,2,23,236.7,Credit Card,Yes,No,No,3,0
CR-1959,5,Month-to-Month,45.55,204.33,1,12,172.3,Electronic Check,Yes,No,Yes,1,0
CR-1960,24,One-Year,62.75,1518.02,3,3,66.1,Bank Transfer,Yes,Yes,No,2,0
CR-1961,39,Two-Year,59.7,2393.5,2,6,113.5,Bank Transfer,No,No,Yes,2,0
CR-1962,11,Month-to-Month,65.49,693.06,2,6,45.1,Mailed Check,Yes,Yes,No,2,0
CR-1963,5,Month-to-Month,88.55,464.35,2,35,142.8,Bank Transfer,No,No,Yes,4,0
CR-1964,48,One-Year,84.97,4069.18,1,2,234.1,Electronic Check,Yes,No,Yes,3,0
CR-1965,45,One-Year,61.42,2749.66,2,1,159.7,Bank Transfer,Yes,Yes,No,3,0
CR-1966,3,Month-to-Month,48.02,176.2,1,23,241.7,Bank Transfer,Yes,No,No,2,0
CR-1967,7,One-Year,61.26,403.51,0,24,187.0,Electronic Check,No,Yes,No,1,0
CR-1968,17,Month-to-Month,66.44,1094.86,2,22,127.8,Mailed Check,No,Yes,Yes,3,1
CR-1969,3,One-Year,77.4,246.01,1,7,167.0,Electronic Check,Yes,No,Yes,4,0
CR-1970,2,Month-to-Month,48.69,145.22,4,11,197.8,Electronic Check,Yes,Yes,Yes,2,1
CR-1971,24,One-Year,114.4,2768.1,2,9,171.1,Electronic Check,Yes,Yes,No,4,0
CR-1972,71,Month-to-Month,25.08,1738.47,1,0,172.1,Credit Card,No,Yes,Yes,1,0
CR-1973,64,One-Year,33.44,2121.7,0,9,98.5,Bank Transfer,Yes,No,No,1,0
CR-1974,3,Month-to-Month,28.42,114.65,0,0,125.4,Electronic Check,No,Yes,No,1,1
CR-1975,22,Two-Year,58.26,1329.15,2,4,340.7,Credit Card,Yes,Yes,No,2,0
CR-1976,42,Two-Year,74.64,3141.74,1,29,258.3,Electronic Check,No,Yes,No,3,0
CR-1977,9,Month-to-Month,56.19,488.33,1,3,42.1,Electronic Check,Yes,Yes,No,2,0
CR-1978,6,Month-to-Month,115.56,742.74,2,30,12.0,Electronic Check,No,No,Yes,4,1
CR-1979,2,One-Year,49.01,95.78,0,3,166.1,Mailed Check,Yes,Yes,Yes,2,0
CR-1980,54,One-Year,59.98,3220.75,4,4,231.5,Credit Card,Yes,No,Yes,2,0
CR-1981,3,Month-to-Month,82.39,223.92,1,10,118.4,Credit Card,Yes,No,No,3,1
CR-1982,65,Two-Year,33.2,2122.15,0,15,241.7,Electronic Check,Yes,Yes,Yes,1,0
CR-1983,41,Two-Year,83.87,3523.68,2,7,164.8,Bank Transfer,Yes,No,No,3,0
CR-1984,53,Month-to-Month,39.0,2109.63,0,23,147.0,Bank Transfer,No,No,Yes,1,0
CR-1985,3,Month-to-Month,46.74,120.53,0,0,220.5,Bank Transfer,No,No,No,1,0
CR-1986,8,One-Year,59.92,531.31,0,28,117.4,Electronic Check,No,No,No,2,0
CR-1987,33,Month-to-Month,76.49,2540.17,0,2,137.1,Credit Card,Yes,No,No,4,0
CR-1988,2,Month-to-Month,74.06,162.34,4,23,213.6,Electronic Check,No,No,Yes,2,1
CR-1989,6,Month-to-Month,81.7,468.66,2,5,157.5,Bank Transfer,Yes,No,No,2,0
CR-1990,15,Two-Year,77.23,1143.03,4,19,312.7,Bank Transfer,No,No,No,3,1
CR-1991,57,One-Year,34.02,1937.87,1,12,215.5,Credit Card,Yes,Yes,Yes,1,0
CR-1992,34,Two-Year,94.06,3139.07,2,2,210.3,Electronic Check,No,No,No,3,0
CR-1993,11,Month-to-Month,79.9,864.3,1,27,156.0,Electronic Check,Yes,Yes,Yes,2,1
CR-1994,2,Month-to-Month,41.31,82.75,0,3,230.0,Bank Transfer,No,Yes,Yes,1,0
CR-1995,34,Two-Year,58.81,2038.83,1,3,134.2,Mailed Check,Yes,No,No,2,0
CR-1996,69,One-Year,42.2,2893.3,2,18,182.6,Mailed Check,No,Yes,Yes,1,0
CR-1997,1,Month-to-Month,26.25,50.61,2,1,86.7,Electronic Check,Yes,Yes,No,1,1
CR-1998,1,Month-to-Month,40.09,40.09,2,2,243.2,Electronic Check,No,Yes,Yes,1,1
CR-1999,4,Month-to-Month,60.15,275.61,1,7,183.2,Bank Transfer,Yes,Yes,No,1,1
CR-2000,5,Month-to-Month,59.31,269.54,1,19,318.6,Bank Transfer,No,Yes,No,2,0
CR-2001,6,Month-to-Month,50.6,307.51,2,1,351.4,Credit Card,Yes,No,No,2,0
CR-2002,3,Month-to-Month,65.97,210.1,0,8,221.1,Bank Transfer,Yes,Yes,Yes,2,0
CR-2003,4,One-Year,54.33,223.63,0,13,165.5,Bank Transfer,No,No,No,2,0
CR-2004,40,Two-Year,78.34,3130.4,1,21,84.3,Credit Card,No,No,Yes,3,0
CR-2005,43,Two-Year,30.31,1266.08,2,30,232.4,Electronic Check,No,No,No,1,0
CR-2006,45,One-Year,50.63,2251.66,3,16,176.8,Credit Card,No,Yes,No,2,0
CR-2007,11,Month-to-Month,50.38,584.07,2,11,203.0,Bank Transfer,Yes,No,Yes,1,0
CR-2008,19,Month-to-Month,62.16,1163.12,1,6,298.4,Credit Card,Yes,Yes,Yes,2,1
CR-2009,37,One-Year,53.24,1966.78,2,1,94.0,Electronic Check,Yes,No,No,2,0
CR-2010,19,Month-to-Month,80.2,1479.04,1,13,86.1,Electronic Check,Yes,Yes,Yes,3,0
CR-2011,6,One-Year,72.93,463.34,3,54,141.1,Mailed Check,Yes,No,Yes,3,0
CR-2012,71,Two-Year,71.16,5012.78,1,14,225.7,Bank Transfer,No,No,Yes,3,0
CR-2013,31,Two-Year,54.64,1721.32,0,0,204.4,Mailed Check,Yes,No,No,1,0
CR-2014,6,Month-to-Month,50.83,273.1,1,7,88.3,Credit Card,Yes,No,Yes,1,0
CR-2015,60,Two-Year,96.79,5837.84,0,10,220.5,Mailed Check,Yes,Yes,No,4,0
CR-2016,35,Month-to-Month,62.44,2185.71,3,12,63.9,Electronic Check,Yes,No,No,2,0
CR-2017,1,Month-to-Month,96.92,96.92,1,13,93.0,Electronic Check,Yes,No,No,4,0
CR-2018,42,Two-Year,65.87,2814.55,2,8,150.8,Credit Card,Yes,No,No,2,0
CR-2019,19,One-Year,89.0,1688.93,1,2,115.7,Credit Card,No,Yes,No,4,0
CR-2020,10,Month-to-Month,105.63,1045.45,4,31,231.2,Bank Transfer,Yes,Yes,Yes,4,1
CR-2021,26,One-Year,64.54,1705.31,0,13,182.9,Bank Transfer,No,Yes,Yes,2,0
CR-2022,5,Month-to-Month,40.37,157.44,0,2,301.2,Mailed Check,Yes,No,No,1,1
CR-2023,27,One-Year,56.12,1439.43,2,4,140.2,Electronic Check,Yes,No,No,2,0
CR-2024,30,One-Year,105.41,3197.04,1,28,150.2,Bank Transfer,Yes,Yes,No,4,0
CR-2025,55,Two-Year,77.5,4237.41,2,24,256.8,Electronic Check,No,Yes,Yes,3,0
CR-2026,31,Month-to-Month,36.01,1142.25,1,5,152.7,Electronic Check,No,No,No,1,0
CR-2027,7,Month-to-Month,57.15,401.43,1,0,279.5,Bank Transfer,Yes,No,No,2,0
CR-2028,48,One-Year,86.69,4126.2,0,0,203.3,Credit Card,Yes,Yes,Yes,3,0
CR-2029,29,One-Year,44.89,1320.03,2,3,12.0,Credit Card,Yes,No,No,2,0
CR-2030,31,Month-to-Month,75.45,2326.64,1,10,254.2,Mailed Check,Yes,No,Yes,3,0
CR-2031,20,One-Year,89.71,1761.88,0,9,233.0,Electronic Check,No,Yes,No,3,0
CR-2032,13,Two-Year,95.32,1207.62,2,11,236.1,Bank Transfer,Yes,Yes,Yes,4,0
CR-2033,51,Two-Year,45.73,2280.24,2,13,12.0,Electronic Check,Yes,No,Yes,1,0
CR-2034,2,One-Year,53.87,119.83,1,0,107.0,Electronic Check,No,Yes,No,1,0
CR-2035,5,One-Year,51.92,231.54,1,1,112.9,Electronic Check,Yes,No,No,1,0
CR-2036,16,One-Year,92.6,1480.56,2,4,92.7,Electronic Check,No,No,Yes,4,0
CR-2037,28,One-Year,59.7,1666.15,1,1,299.4,Bank Transfer,No,Yes,Yes,2,0
CR-2038,60,One-Year,52.05,3094.75,1,0,159.1,Electronic Check,Yes,Yes,No,1,0
CR-2039,1,Month-to-Month,70.39,70.39,2,11,157.1,Bank Transfer,Yes,No,No,2,1
CR-2040,26,Month-to-Month,60.12,1639.13,0,18,204.2,Mailed Check,Yes,No,Yes,2,0
CR-2041,68,One-Year,78.46,5333.82,3,15,205.5,Credit Card,No,Yes,No,3,0
CR-2042,14,Month-to-Month,81.68,1198.22,2,18,12.0,Credit Card,No,No,No,3,0
CR-2043,11,Two-Year,74.67,856.32,1,12,108.3,Credit Card,Yes,No,No,2,0
CR-2044,9,Month-to-Month,53.68,473.49,3,14,47.0,Bank Transfer,Yes,Yes,Yes,1,1
CR-2045,26,Month-to-Month,103.93,2707.61,5,3,192.0,Credit Card,Yes,No,Yes,4,0
CR-2046,34,One-Year,32.21,1099.7,1,54,136.9,Credit Card,Yes,Yes,Yes,1,0
CR-2047,29,Month-to-Month,58.25,1744.58,1,2,161.2,Electronic Check,Yes,No,Yes,2,0
CR-2048,22,Month-to-Month,40.78,922.06,2,2,12.0,Credit Card,No,No,No,1,0
CR-2049,20,Month-to-Month,57.18,1119.38,2,3,135.2,Bank Transfer,Yes,No,Yes,1,0
CR-2050,32,One-Year,40.61,1310.07,0,40,249.2,Electronic Check,No,Yes,Yes,1,0
CR-2051,26,One-Year,73.53,1935.91,0,48,272.8,Credit Card,No,No,No,2,0
CR-2052,36,Two-Year,55.29,1955.18,4,17,217.5,Credit Card,Yes,No,No,2,0
CR-2053,25,One-Year,38.09,967.07,1,10,53.2,Bank Transfer,No,No,Yes,1,0
CR-2054,46,One-Year,47.81,2239.62,0,8,260.8,Electronic Check,Yes,No,No,1,0
CR-2055,8,Month-to-Month,94.68,731.72,0,38,217.9,Bank Transfer,No,No,No,3,1
CR-2056,52,One-Year,40.88,2104.18,2,13,150.6,Bank Transfer,Yes,No,No,1,0
CR-2057,13,One-Year,18.5,275.31,2,31,12.0,Mailed Check,No,Yes,No,1,0
CR-2058,29,Month-to-Month,45.36,1304.81,3,4,236.3,Credit Card,No,No,Yes,2,0
CR-2059,4,Month-to-Month,81.98,298.46,1,4,112.6,Credit Card,Yes,Yes,No,3,1
CR-2060,16,One-Year,28.25,478.47,2,21,187.7,Electronic Check,Yes,No,No,1,0
CR-2061,9,Month-to-Month,88.34,812.37,2,1,165.5,Electronic Check,Yes,No,No,4,1
CR-2062,10,Month-to-Month,61.12,614.03,2,32,283.1,Electronic Check,Yes,No,Yes,2,1
CR-2063,1,Month-to-Month,36.51,70.25,0,7,150.0,Bank Transfer,Yes,No,Yes,2,0
CR-2064,9,One-Year,39.2,388.67,1,28,158.8,Electronic Check,No,No,Yes,1,0
CR-2065,48,Two-Year,49.35,2366.32,2,4,286.3,Bank Transfer,No,No,No,2,0
CR-2066,1,Month-to-Month,28.01,87.24,0,13,107.3,Electronic Check,Yes,No,No,1,1
CR-2067,5,Month-to-Month,52.98,312.4,0,7,225.1,Bank Transfer,No,Yes,No,2,0
CR-2068,16,One-Year,32.31,457.43,3,10,144.1,Electronic Check,Yes,No,Yes,1,1
CR-2069,48,Two-Year,65.69,3122.22,2,7,79.8,Electronic Check,No,No,Yes,2,0
CR-2070,1,Two-Year,90.97,90.97,2,37,160.1,Credit Card,Yes,No,No,3,0
CR-2071,2,Month-to-Month,75.36,140.98,1,12,215.3,Bank Transfer,Yes,Yes,No,3,0
CR-2072,6,One-Year,37.04,185.9,1,3,268.3,Credit Card,Yes,Yes,No,1,0
CR-2073,17,Month-to-Month,56.86,942.19,0,26,278.0,Credit Card,No,No,No,2,0
CR-2074,8,Month-to-Month,49.92,432.08,3,3,136.4,Credit Card,Yes,Yes,No,2,0
CR-2075,21,One-Year,30.11,579.67,1,5,81.0,Electronic Check,Yes,Yes,No,1,0
CR-2076,63,One-Year,44.54,2809.91,0,1,134.5,Electronic Check,Yes,Yes,No,2,0
CR-2077,57,Two-Year,29.7,1696.61,3,25,65.5,Bank Transfer,Yes,No,Yes,1,0
CR-2078,17,Month-to-Month,77.32,1311.97,1,3,142.6,Mailed Check,Yes,No,No,2,0
CR-2079,5,Month-to-Month,72.1,364.42,2,3,132.7,Credit Card,Yes,No,No,3,1
CR-2080,40,Two-Year,18.5,673.03,1,27,218.2,Bank Transfer,Yes,Yes,No,1,0
CR-2081,62,Two-Year,37.13,2277.77,0,18,12.0,Electronic Check,Yes,Yes,No,1,0
CR-2082,13,Month-to-Month,27.1,398.59,2,1,101.3,Bank Transfer,Yes,Yes,Yes,1,0
CR-2083,18,Month-to-Month,97.59,1720.71,0,16,102.0,Bank Transfer,Yes,No,No,4,0
CR-2084,32,One-Year,78.52,2562.64,1,26,255.0,Credit Card,Yes,No,No,3,0
CR-2085,59,One-Year,43.56,2527.84,1,0,70.9,Bank Transfer,Yes,Yes,No,1,0
CR-2086,10,Two-Year,60.59,560.09,1,19,178.1,Electronic Check,Yes,Yes,Yes,2,0
CR-2087,31,Two-Year,39.27,1188.82,1,8,149.7,Electronic Check,Yes,Yes,No,1,0
CR-2088,7,Month-to-Month,46.44,358.95,1,12,243.4,Electronic Check,Yes,No,Yes,2,1
CR-2089,3,Month-to-Month,60.25,164.37,0,7,207.7,Bank Transfer,Yes,No,Yes,2,0
CR-2090,17,Month-to-Month,107.19,1832.59,5,13,169.7,Electronic Check,Yes,No,Yes,4,1
CR-2091,5,One-Year,61.14,307.91,0,0,115.6,Bank Transfer,No,No,No,1,0
CR-2092,31,Month-to-Month,58.62,1815.59,0,15,12.0,Credit Card,No,Yes,No,2,0
CR-2093,59,One-Year,77.7,4622.52,3,0,179.8,Electronic Check,Yes,No,Yes,3,0
CR-2094,60,One-Year,84.0,5063.15,1,6,202.4,Bank Transfer,Yes,Yes,Yes,3,0
CR-2095,58,Two-Year,75.93,4369.65,3,1,34.0,Credit Card,Yes,Yes,Yes,2,0
CR-2096,1,Month-to-Month,56.14,56.14,2,19,61.3,Bank Transfer,No,Yes,No,2,1
CR-2097,10,Month-to-Month,67.93,731.6,2,4,180.2,Bank Transfer,Yes,Yes,Yes,2,0
CR-2098,63,Two-Year,52.77,3334.1,1,6,187.1,Bank Transfer,Yes,Yes,No,2,0
CR-2099,71,Two-Year,82.3,5798.06,2,6,80.7,Bank Transfer,Yes,No,No,3,0
CR-2100,1,One-Year,106.71,106.71,0,16,114.1,Electronic Check,Yes,Yes,No,4,0
CR-2101,4,Month-to-Month,66.09,291.06,1,7,13.1,Electronic Check,Yes,No,No,3,0
CR-2102,62,One-Year,55.75,3477.57,0,17,270.2,Electronic Check,No,No,No,2,0
CR-2103,20,One-Year,88.55,1743.36,1,0,56.0,Credit Card,Yes,No,No,3,0
CR-2104,15,Month-to-Month,49.16,759.83,0,2,203.4,Electronic Check,Yes,Yes,No,1,1
CR-2105,23,Two-Year,53.36,1275.26,1,8,157.2,Mailed Check,No,No,Yes,1,0
CR-2106,4,Month-to-Month,69.48,321.66,1,32,263.2,Credit Card,Yes,No,No,2,1
CR-2107,53,Month-to-Month,39.59,2146.4,3,0,96.6,Credit Card,Yes,Yes,No,1,1
CR-2108,13,Two-Year,118.99,1563.53,0,0,164.9,Credit Card,Yes,No,Yes,4,0
CR-2109,40,Two-Year,62.37,2489.47,0,1,24.1,Electronic Check,Yes,No,No,2,0
CR-2110,51,Month-to-Month,30.44,1540.37,2,11,12.0,Bank Transfer,No,No,Yes,2,1
CR-2111,8,Month-to-Month,58.18,464.92,1,5,207.7,Mailed Check,Yes,No,No,2,0
CR-2112,31,Month-to-Month,74.31,2277.33,4,19,17.2,Electronic Check,No,Yes,No,3,1
CR-2113,24,Month-to-Month,68.95,1644.02,0,0,141.7,Electronic Check,No,No,Yes,2,0
CR-2114,24,Month-to-Month,38.49,962.01,1,2,240.9,Electronic Check,Yes,Yes,Yes,1,0
CR-2115,7,Month-to-Month,89.99,581.66,2,3,219.7,Bank Transfer,Yes,Yes,No,3,0
CR-2116,55,Two-Year,66.58,3615.68,4,10,106.8,Electronic Check,Yes,No,No,2,0
CR-2117,2,Month-to-Month,33.0,90.92,3,12,32.9,Bank Transfer,No,No,Yes,1,1
CR-2118,22,Month-to-Month,59.6,1300.69,1,1,200.8,Credit Card,Yes,No,No,2,0
CR-2119,16,One-Year,35.24,506.07,1,31,267.4,Electronic Check,Yes,Yes,No,1,1
CR-2120,11,Month-to-Month,98.85,1085.51,2,4,107.0,Credit Card,No,Yes,Yes,4,0
CR-2121,6,One-Year,53.19,313.02,0,13,95.7,Electronic Check,Yes,No,Yes,2,0
CR-2122,9,Month-to-Month,97.74,866.73,1,8,118.0,Electronic Check,Yes,Yes,No,4,0
CR-2123,1,Month-to-Month,58.28,78.85,0,2,205.7,Electronic Check,Yes,Yes,Yes,2,0
CR-2124,7,Month-to-Month,95.48,628.36,1,20,258.3,Credit Card,Yes,No,No,4,0
CR-2125,7,One-Year,63.51,444.96,0,18,60.8,Credit Card,Yes,No,Yes,1,0
CR-2126,6,Month-to-Month,39.4,230.07,4,5,40.1,Electronic Check,No,No,No,1,1
CR-2127,48,Two-Year,23.66,1136.81,1,9,347.2,Electronic Check,Yes,No,Yes,1,0
CR-2128,8,Month-to-Month,71.16,517.31,5,3,145.8,Credit Card,Yes,No,No,2,1
CR-2129,30,Month-to-Month,53.08,1576.72,1,12,180.2,Credit Card,Yes,No,Yes,1,0
CR-2130,16,One-Year,41.21,659.95,0,4,104.6,Electronic Check,No,Yes,Yes,2,0
CR-2131,3,One-Year,53.99,178.2,2,20,199.2,Bank Transfer,No,No,Yes,2,1
CR-2132,17,Two-Year,65.36,1166.51,1,2,236.8,Credit Card,Yes,Yes,Yes,2,0
CR-2133,48,One-Year,66.24,3203.7,2,0,184.0,Electronic Check,Yes,No,No,2,0
CR-2134,53,One-Year,42.95,2290.18,3,3,299.3,Electronic Check,No,No,No,1,0
CR-2135,11,Month-to-Month,79.18,909.12,2,2,133.9,Electronic Check,Yes,Yes,No,3,0
CR-2136,23,One-Year,51.61,1177.92,0,7,139.0,Credit Card,Yes,No,No,2,0
CR-2137,8,Month-to-Month,73.0,630.62,1,2,178.5,Electronic Check,Yes,Yes,Yes,4,0
CR-2138,29,Two-Year,81.5,2397.08,2,15,197.2,Credit Card,Yes,No,Yes,2,0
CR-2139,18,Two-Year,87.31,1558.2,0,3,178.2,Credit Card,Yes,No,Yes,4,0
CR-2140,7,Month-to-Month,62.77,497.11,0,13,57.2,Bank Transfer,No,No,No,2,0
CR-2141,36,One-Year,95.41,3448.17,4,9,185.0,Electronic Check,Yes,No,Yes,4,0
CR-2142,9,One-Year,51.97,533.52,1,47,130.1,Mailed Check,Yes,Yes,No,1,1
CR-2143,56,Two-Year,80.15,4497.5,2,60,113.5,Bank Transfer,Yes,No,No,3,0
CR-2144,61,Month-to-Month,80.53,4895.47,2,22,162.6,Bank Transfer,Yes,No,No,3,0
CR-2145,21,Month-to-Month,18.5,365.47,0,15,83.1,Mailed Check,Yes,No,No,1,0
CR-2146,31,One-Year,52.67,1622.1,2,5,69.2,Credit Card,Yes,No,No,2,0
CR-2147,8,Month-to-Month,86.45,674.46,3,15,12.0,Bank Transfer,Yes,No,Yes,3,0
CR-2148,53,One-Year,67.55,3618.29,2,34,299.8,Bank Transfer,Yes,No,No,2,0
CR-2149,6,Month-to-Month,33.48,200.01,2,0,204.5,Electronic Check,Yes,No,No,1,1
CR-2150,3,Month-to-Month,45.22,87.24,0,8,150.7,Mailed Check,No,No,Yes,2,0
CR-2151,30,Month-to-Month,44.27,1334.49,0,2,106.6,Credit Card,Yes,No,Yes,1,0
CR-2152,24,Month-to-Month,49.93,1202.09,3,8,12.0,Electronic Check,No,Yes,Yes,3,1
CR-2153,21,Month-to-Month,31.51,647.65,1,6,101.7,Credit Card,Yes,No,No,1,1
CR-2154,67,Two-Year,60.6,4068.23,1,9,217.3,Credit Card,Yes,Yes,Yes,1,0
CR-2155,48,Two-Year,57.45,2756.28,1,8,235.4,Electronic Check,Yes,Yes,No,1,0
CR-2156,24,One-Year,65.87,1599.89,2,35,211.4,Bank Transfer,Yes,No,Yes,2,1
CR-2157,23,One-Year,100.07,2318.86,3,8,172.7,Electronic Check,Yes,No,No,4,0
CR-2158,32,Two-Year,23.5,762.95,2,20,264.3,Credit Card,Yes,No,No,1,0
CR-2159,47,One-Year,35.59,1633.76,1,4,133.7,Electronic Check,Yes,No,Yes,1,0
CR-2160,14,Month-to-Month,58.05,876.27,0,6,246.8,Credit Card,Yes,No,No,2,0
CR-2161,24,Month-to-Month,71.81,1676.76,0,6,129.2,Electronic Check,No,Yes,No,3,0
CR-2162,27,Month-to-Month,57.5,1548.64,1,3,89.5,Electronic Check,Yes,Yes,No,2,0
CR-2163,13,Month-to-Month,73.99,929.04,2,5,79.5,Electronic Check,Yes,Yes,No,2,0
CR-2164,11,One-Year,55.58,623.27,2,10,74.8,Credit Card,No,No,Yes,2,0
CR-2165,15,One-Year,39.59,598.0,2,9,212.7,Electronic Check,Yes,Yes,No,1,0
CR-2166,31,One-Year,68.4,2115.34,0,11,100.6,Bank Transfer,No,No,Yes,2,0
CR-2167,11,One-Year,46.81,560.44,3,4,77.4,Bank Transfer,No,Yes,Yes,2,0
CR-2168,22,Month-to-Month,70.6,1586.45,2,4,217.1,Credit Card,Yes,Yes,Yes,3,0
CR-2169,8,Month-to-Month,89.62,707.15,3,10,186.2,Bank Transfer,Yes,Yes,Yes,4,0
CR-2170,12,One-Year,79.56,978.84,1,1,237.0,Electronic Check,No,No,No,3,0
CR-2171,11,Month-to-Month,57.55,679.99,2,3,201.0,Electronic Check,Yes,No,No,2,0
CR-2172,8,Month-to-Month,57.87,496.0,1,0,99.8,Electronic Check,Yes,No,No,2,0
CR-2173,17,One-Year,36.35,613.86,2,0,166.1,Bank Transfer,Yes,No,Yes,1,0
CR-2174,46,Two-Year,68.29,3093.63,1,3,170.0,Credit Card,Yes,Yes,Yes,3,0
CR-2175,20,One-Year,67.09,1351.54,2,0,86.5,Electronic Check,No,No,No,2,0
CR-2176,40,Two-Year,93.62,3764.86,0,3,71.6,Credit Card,Yes,No,No,4,0
CR-2177,24,Month-to-Month,49.19,1157.47,0,11,105.5,Electronic Check,Yes,Yes,Yes,1,0
CR-2178,2,Month-to-Month,67.88,136.44,2,0,322.9,Electronic Check,Yes,No,No,3,0
CR-2179,70,One-Year,54.35,3802.01,0,6,127.0,Bank Transfer,Yes,Yes,Yes,2,0
CR-2180,7,Month-to-Month,40.79,327.16,0,26,258.6,Electronic Check,Yes,Yes,No,1,1
CR-2181,4,One-Year,59.72,294.49,2,17,122.5,Credit Card,No,Yes,No,2,0
CR-2182,18,One-Year,104.54,1916.98,1,4,231.1,Mailed Check,No,No,Yes,4,1
CR-2183,19,Month-to-Month,92.69,1758.54,6,28,232.2,Electronic Check,Yes,No,No,4,1
CR-2184,13,One-Year,86.47,1158.54,1,4,236.2,Bank Transfer,Yes,Yes,Yes,3,0
CR-2185,5,Month-to-Month,46.75,253.21,1,0,191.0,Mailed Check,Yes,No,Yes,1,0
CR-2186,64,One-Year,77.93,4985.27,0,56,270.2,Electronic Check,Yes,No,No,3,0
CR-2187,28,One-Year,51.49,1504.49,1,22,190.3,Electronic Check,Yes,No,No,2,0
CR-2188,63,Two-Year,68.57,4297.77,1,6,297.1,Electronic Check,No,No,No,2,0
CR-2189,45,Two-Year,33.74,1536.42,4,12,30.4,Credit Card,Yes,Yes,No,1,0
CR-2190,30,Month-to-Month,42.79,1308.89,0,12,187.9,Credit Card,No,No,No,1,0
CR-2191,9,Month-to-Month,42.46,373.52,1,2,182.7,Credit Card,Yes,No,No,1,1
CR-2192,5,One-Year,76.93,401.42,0,2,85.1,Bank Transfer,No,No,No,3,0
CR-2193,10,Month-to-Month,39.11,419.46,1,6,206.4,Credit Card,Yes,No,No,1,0
CR-2194,22,Month-to-Month,34.78,772.5,1,26,40.8,Electronic Check,No,Yes,Yes,1,1
CR-2195,30,Two-Year,44.83,1359.07,0,0,107.7,Mailed Check,No,No,No,2,0
CR-2196,25,Month-to-Month,75.04,1879.16,0,16,12.0,Electronic Check,No,No,No,2,1
CR-2197,43,Two-Year,38.08,1661.37,0,0,284.7,Electronic Check,No,No,Yes,1,0
CR-2198,37,One-Year,41.72,1536.77,2,7,141.5,Mailed Check,No,Yes,No,1,0
CR-2199,9,Month-to-Month,41.66,365.59,1,11,333.4,Credit Card,Yes,No,No,1,0
CR-2200,17,Month-to-Month,71.96,1223.94,1,12,224.2,Credit Card,Yes,Yes,No,2,0
CR-2201,57,Two-Year,62.33,3588.32,2,0,195.8,Electronic Check,Yes,Yes,No,1,0
CR-2202,67,One-Year,62.6,4141.78,4,5,113.1,Credit Card,Yes,No,No,2,0
CR-2203,18,One-Year,41.43,718.46,2,9,76.3,Bank Transfer,No,Yes,Yes,1,0
CR-2204,9,Month-to-Month,31.77,354.2,0,0,201.8,Credit Card,Yes,No,No,1,0
CR-2205,4,Month-to-Month,46.56,194.5,1,1,154.3,Mailed Check,Yes,Yes,No,2,0
CR-2206,35,Two-Year,25.26,871.89,1,11,52.9,Electronic Check,Yes,No,Yes,1,0
CR-2207,5,Month-to-Month,35.04,199.05,4,8,38.7,Bank Transfer,Yes,No,Yes,1,1
CR-2208,22,Month-to-Month,40.09,858.43,0,1,83.3,Credit Card,Yes,Yes,Yes,2,0
CR-2209,3,Two-Year,71.79,152.29,1,8,305.7,Bank Transfer,Yes,No,Yes,2,0
CR-2210,7,Month-to-Month,83.23,593.25,1,26,337.1,Electronic Check,Yes,Yes,No,3,1
CR-2211,61,One-Year,40.48,2447.36,2,0,176.4,Electronic Check,Yes,No,Yes,1,0
CR-2212,27,Month-to-Month,90.09,2435.47,1,11,171.9,Bank Transfer,Yes,Yes,No,3,0
CR-2213,22,One-Year,68.29,1512.26,5,0,133.1,Electronic Check,No,Yes,No,3,0
CR-2214,4,Month-to-Month,70.8,287.46,2,0,85.2,Electronic Check,No,No,No,3,0
CR-2215,14,One-Year,41.66,531.97,0,1,270.0,Electronic Check,Yes,Yes,Yes,2,0
CR-2216,23,One-Year,86.74,1995.81,1,6,309.9,Electronic Check,Yes,No,No,3,0
CR-2217,35,Month-to-Month,34.9,1234.84,2,17,88.5,Electronic Check,Yes,Yes,No,1,0
CR-2218,18,One-Year,43.16,734.88,1,3,153.4,Electronic Check,No,No,Yes,1,0
CR-2219,29,Month-to-Month,53.03,1492.29,1,10,124.0,Mailed Check,Yes,Yes,Yes,1,0
CR-2220,52,One-Year,110.71,5724.85,1,5,126.4,Electronic Check,Yes,Yes,No,4,0
CR-2221,16,One-Year,60.71,993.76,0,2,254.9,Credit Card,No,Yes,No,2,0
CR-2222,7,Month-to-Month,100.84,645.93,0,7,55.0,Credit Card,No,Yes,No,4,0
CR-2223,24,One-Year,33.96,839.93,0,17,197.3,Bank Transfer,No,No,No,1,0
CR-2224,21,One-Year,113.83,2402.19,3,19,218.3,Electronic Check,No,No,No,4,0
CR-2225,16,One-Year,95.34,1517.71,0,20,148.6,Credit Card,No,No,No,4,0
CR-2226,12,Month-to-Month,97.8,1129.18,1,4,231.4,Bank Transfer,No,Yes,No,4,0
CR-2227,13,Month-to-Month,56.93,716.2,2,17,171.8,Electronic Check,Yes,Yes,Yes,2,1
CR-2228,48,Two-Year,90.99,4390.98,1,2,257.4,Bank Transfer,No,No,Yes,3,0
CR-2229,10,One-Year,99.0,1027.7,1,14,38.2,Electronic Check,No,No,No,4,1
CR-2230,47,Two-Year,68.61,3193.73,1,32,132.1,Electronic Check,Yes,No,Yes,2,0
CR-2231,47,Two-Year,64.54,3067.64,1,0,154.3,Bank Transfer,Yes,Yes,No,2,0
CR-2232,21,Month-to-Month,76.8,1633.38,1,6,12.0,Electronic Check,No,No,Yes,3,0
CR-2233,9,Month-to-Month,70.29,632.4,2,11,73.1,Credit Card,Yes,Yes,No,2,0
CR-2234,14,One-Year,82.45,1132.16,2,13,94.9,Mailed Check,No,No,No,3,0
CR-2235,61,One-Year,33.39,2019.35,1,2,235.9,Electronic Check,Yes,No,No,1,0
CR-2236,6,Month-to-Month,51.11,361.35,1,39,103.5,Electronic Check,No,No,No,2,1
CR-2237,33,Two-Year,44.49,1473.52,2,10,94.6,Credit Card,Yes,Yes,No,1,0
CR-2238,53,One-Year,52.07,2799.61,1,1,225.4,Bank Transfer,Yes,No,No,1,0
CR-2239,5,Month-to-Month,59.39,304.2,2,0,30.6,Bank Transfer,No,No,Yes,1,1
CR-2240,49,Month-to-Month,61.23,2986.69,1,16,12.0,Credit Card,Yes,Yes,No,3,0
CR-2241,9,One-Year,43.26,406.86,3,0,131.1,Mailed Check,No,No,No,1,0
CR-2242,35,One-Year,83.9,3001.24,2,1,44.2,Bank Transfer,Yes,No,Yes,3,0
CR-2243,62,Two-Year,81.96,5062.2,1,9,47.2,Electronic Check,No,Yes,No,3,0
CR-2244,34,Two-Year,71.09,2444.48,2,10,205.9,Bank Transfer,Yes,Yes,No,2,0
CR-2245,11,Month-to-Month,49.56,550.88,4,12,230.1,Bank Transfer,Yes,Yes,No,1,1
CR-2246,7,Month-to-Month,33.14,188.49,0,5,223.1,Bank Transfer,No,No,Yes,1,0
CR-2247,63,Month-to-Month,50.85,3159.39,3,16,248.7,Electronic Check,Yes,No,No,2,0
CR-2248,53,One-Year,46.12,2430.8,1,40,259.3,Bank Transfer,No,No,Yes,1,1
CR-2249,13,One-Year,70.91,932.25,3,3,12.0,Bank Transfer,No,Yes,No,2,1
CR-2250,35,One-Year,98.43,3471.4,0,13,196.0,Electronic Check,Yes,No,No,4,0
CR-2251,57,One-Year,27.22,1504.41,0,29,117.6,Mailed Check,Yes,Yes,No,1,0
CR-2252,18,Month-to-Month,50.53,929.12,1,12,100.2,Mailed Check,Yes,No,Yes,2,0
CR-2253,6,Month-to-Month,103.92,619.97,4,12,204.8,Credit Card,Yes,No,Yes,4,1
CR-2254,41,Month-to-Month,75.51,3096.01,2,2,21.6,Bank Transfer,Yes,No,No,3,1
CR-2255,20,Month-to-Month,80.18,1621.26,3,8,19.9,Electronic Check,Yes,Yes,No,3,1
CR-2256,39,One-Year,89.65,3548.73,2,9,210.7,Credit Card,No,Yes,Yes,3,0
CR-2257,9,Month-to-Month,48.98,449.93,4,13,199.0,Bank Transfer,Yes,No,Yes,2,0
CR-2258,10,One-Year,74.86,707.9,5,60,170.9,Bank Transfer,Yes,No,No,3,1
CR-2259,58,One-Year,91.77,5317.05,2,0,89.6,Electronic Check,Yes,No,No,4,0
CR-2260,14,Month-to-Month,64.55,929.26,1,0,219.5,Bank Transfer,Yes,Yes,No,2,0
CR-2261,39,Two-Year,68.73,2707.02,2,0,214.4,Mailed Check,No,No,Yes,2,0
CR-2262,23,Two-Year,46.2,1082.57,2,14,166.8,Electronic Check,Yes,No,No,2,0
CR-2263,11,Month-to-Month,60.94,655.04,1,1,65.8,Electronic Check,No,No,No,2,1
CR-2264,2,Month-to-Month,51.69,62.35,3,10,126.0,Bank Transfer,No,No,No,1,1
CR-2265,7,Month-to-Month,42.45,314.84,2,4,227.0,Credit Card,Yes,Yes,Yes,2,0
CR-2266,10,Month-to-Month,60.36,567.17,3,6,266.2,Electronic Check,No,No,No,2,1
CR-2267,15,One-Year,48.84,753.39,0,2,133.9,Credit Card,No,Yes,Yes,2,0
CR-2268,18,One-Year,36.58,679.24,1,22,140.0,Electronic Check,No,Yes,No,1,0
CR-2269,24,Two-Year,53.95,1280.77,1,9,147.1,Credit Card,Yes,Yes,No,3,0
CR-2270,43,Two-Year,56.93,2444.62,1,31,182.0,Electronic Check,Yes,Yes,No,1,0
CR-2271,8,Month-to-Month,39.44,321.48,1,9,113.5,Electronic Check,Yes,No,No,1,1
CR-2272,13,One-Year,52.93,669.65,0,1,12.0,Credit Card,Yes,No,No,2,0
CR-2273,6,Month-to-Month,64.28,344.23,1,2,255.4,Credit Card,Yes,No,No,2,0
CR-2274,35,Two-Year,32.58,1139.12,3,49,303.6,Mailed Check,No,No,No,1,0
CR-2275,65,One-Year,49.63,3227.9,4,14,111.0,Electronic Check,Yes,No,No,2,0
CR-2276,25,Month-to-Month,94.1,2393.33,1,0,74.7,Bank Transfer,Yes,No,No,3,0
CR-2277,4,Month-to-Month,79.09,292.9,0,13,149.0,Electronic Check,Yes,No,No,2,0
CR-2278,44,One-Year,55.08,2455.57,1,5,145.0,Electronic Check,Yes,Yes,No,2,0
CR-2279,66,Two-Year,53.67,3507.81,0,4,239.6,Electronic Check,Yes,Yes,Yes,1,0
CR-2280,23,One-Year,64.56,1444.54,1,1,164.4,Electronic Check,No,No,No,2,0
CR-2281,50,One-Year,64.86,3233.97,2,20,96.6,Mailed Check,No,No,Yes,3,0
CR-2282,49,Two-Year,51.72,2506.05,3,0,54.5,Electronic Check,Yes,Yes,No,2,0
CR-2283,49,One-Year,94.51,4590.23,2,3,229.3,Bank Transfer,Yes,Yes,No,3,0
CR-2284,72,One-Year,46.73,3422.89,0,4,208.0,Bank Transfer,No,No,Yes,2,0
CR-2285,1,Month-to-Month,101.81,101.81,0,1,244.8,Electronic Check,Yes,No,Yes,3,0
CR-2286,32,One-Year,73.29,2414.62,1,7,82.5,Mailed Check,Yes,No,No,3,0
CR-2287,4,One-Year,94.81,349.4,1,0,307.1,Electronic Check,Yes,No,No,3,0
CR-2288,2,Month-to-Month,93.94,136.62,4,3,20.5,Mailed Check,Yes,No,No,4,1
CR-2289,17,One-Year,69.0,1211.74,1,29,216.8,Mailed Check,No,Yes,Yes,2,0
CR-2290,9,Month-to-Month,110.95,976.75,2,4,12.0,Mailed Check,No,No,Yes,4,0
CR-2291,37,Two-Year,74.9,2775.47,0,4,96.8,Credit Card,Yes,No,No,2,0
CR-2292,10,Month-to-Month,73.16,690.93,3,7,284.9,Electronic Check,Yes,Yes,No,3,0
CR-2293,12,One-Year,34.43,412.02,1,9,226.5,Electronic Check,Yes,No,No,1,0
CR-2294,5,Month-to-Month,60.19,259.8,1,18,116.3,Bank Transfer,Yes,Yes,No,2,1
CR-2295,14,Month-to-Month,66.0,921.78,2,2,118.5,Electronic Check,No,Yes,No,3,0
CR-2296,25,One-Year,45.39,1120.53,3,22,168.0,Credit Card,Yes,No,No,1,0
CR-2297,60,Two-Year,52.79,3174.31,0,15,201.1,Credit Card,Yes,No,No,2,0
CR-2298,61,Two-Year,89.83,5498.4,3,14,260.1,Electronic Check,Yes,No,No,3,0
CR-2299,2,One-Year,37.3,81.83,4,0,123.5,Electronic Check,Yes,Yes,Yes,1,1
CR-2300,7,Month-to-Month,43.58,318.59,5,0,31.1,Electronic Check,Yes,No,No,2,1
CR-2301,63,One-Year,75.01,4722.36,0,9,172.6,Bank Transfer,Yes,Yes,No,2,0
CR-2302,54,Month-to-Month,62.83,3379.76,0,21,123.4,Electronic Check,No,Yes,Yes,2,0
CR-2303,14,One-Year,43.29,620.16,0,9,55.9,Credit Card,Yes,Yes,No,1,0
CR-2304,17,Month-to-Month,53.94,913.64,0,2,183.8,Credit Card,No,No,No,1,0
CR-2305,18,Two-Year,51.72,928.76,1,1,143.0,Electronic Check,No,Yes,No,1,0
CR-2306,3,One-Year,35.38,118.07,1,13,184.5,Bank Transfer,No,Yes,Yes,1,0
CR-2307,51,Two-Year,38.5,1932.5,0,14,88.4,Bank Transfer,Yes,Yes,Yes,1,0
CR-2308,13,One-Year,67.87,925.2,0,2,198.9,Bank Transfer,No,No,Yes,3,0
CR-2309,29,One-Year,46.36,1336.96,2,0,54.6,Mailed Check,No,No,No,2,0
CR-2310,38,Two-Year,84.79,3225.75,3,5,93.8,Electronic Check,Yes,No,No,3,0
CR-2311,48,Month-to-Month,46.92,2250.82,3,9,140.6,Bank Transfer,No,No,No,1,0
CR-2312,68,Two-Year,68.61,4685.06,0,13,299.3,Mailed Check,Yes,Yes,No,2,0
CR-2313,35,Month-to-Month,73.82,2593.88,4,18,222.8,Bank Transfer,No,No,Yes,2,0
CR-2314,42,One-Year,86.74,3641.58,2,10,246.2,Bank Transfer,Yes,Yes,No,3,0
CR-2315,29,Month-to-Month,87.63,2584.73,1,1,273.4,Credit Card,No,Yes,No,3,0
CR-2316,5,Month-to-Month,58.22,195.0,0,12,448.2,Credit Card,Yes,No,Yes,3,0
CR-2317,27,Month-to-Month,39.93,1115.39,2,45,163.3,Electronic Check,Yes,No,No,1,0
CR-2318,23,One-Year,88.65,2066.56,1,25,273.6,Bank Transfer,Yes,Yes,Yes,3,0
CR-2319,6,Month-to-Month,49.32,240.85,2,22,241.0,Electronic Check,Yes,No,No,2,0
CR-2320,32,Month-to-Month,79.92,2585.32,3,3,239.7,Bank Transfer,No,No,No,3,0
CR-2321,30,One-Year,66.19,2017.45,2,15,301.9,Bank Transfer,Yes,No,No,2,0
CR-2322,32,Month-to-Month,65.43,2110.61,4,20,126.5,Credit Card,Yes,Yes,Yes,2,1
CR-2323,27,One-Year,46.69,1213.86,2,12,120.1,Credit Card,No,Yes,Yes,1,0
CR-2324,72,Two-Year,66.99,4843.76,0,3,185.6,Electronic Check,Yes,No,No,2,0
CR-2325,7,Month-to-Month,44.81,343.89,2,33,145.4,Electronic Check,Yes,No,Yes,1,0
CR-2326,58,Two-Year,28.37,1628.29,0,6,185.5,Electronic Check,Yes,No,No,1,0
CR-2327,4,Month-to-Month,48.07,205.51,3,1,285.0,Electronic Check,No,No,Yes,1,1
CR-2328,5,One-Year,99.85,488.65,0,1,121.7,Credit Card,No,No,No,4,0
CR-2329,2,Month-to-Month,46.5,119.56,1,11,135.6,Bank Transfer,No,No,No,2,0
CR-2330,2,Month-to-Month,92.8,176.19,0,6,173.9,Electronic Check,No,Yes,No,3,1
CR-2331,59,Two-Year,102.34,6020.66,2,1,141.7,Mailed Check,Yes,No,Yes,4,0
CR-2332,29,Month-to-Month,83.2,2411.62,0,14,12.0,Bank Transfer,No,No,No,4,0
CR-2333,29,One-Year,70.83,2013.82,1,17,113.6,Electronic Check,Yes,No,No,3,0
CR-2334,27,One-Year,73.36,1976.56,0,14,215.0,Electronic Check,Yes,No,No,3,0
CR-2335,1,Month-to-Month,37.35,48.21,1,2,275.0,Bank Transfer,Yes,Yes,No,1,0
CR-2336,16,Month-to-Month,45.93,760.98,3,12,67.6,Electronic Check,Yes,Yes,No,1,0
CR-2337,33,Month-to-Month,51.24,1698.39,2,0,67.3,Credit Card,No,No,No,2,0
CR-2338,13,Two-Year,72.28,896.66,0,4,162.4,Bank Transfer,Yes,No,Yes,2,0
CR-2339,42,Two-Year,53.46,2285.89,1,5,12.0,Mailed Check,No,Yes,No,1,0
CR-2340,28,Month-to-Month,67.19,1924.4,2,19,124.4,Electronic Check,Yes,No,No,2,1
CR-2341,4,Month-to-Month,61.44,249.14,1,5,21.1,Credit Card,Yes,No,No,2,0
CR-2342,66,Two-Year,88.37,5809.86,1,0,269.5,Mailed Check,Yes,Yes,Yes,3,0
CR-2343,70,Two-Year,58.24,4060.85,1,4,98.5,Electronic Check,Yes,No,Yes,2,0
CR-2344,15,Month-to-Month,53.76,800.29,0,7,292.2,Electronic Check,No,Yes,No,2,0
CR-2345,11,Month-to-Month,72.9,810.26,1,32,249.1,Bank Transfer,No,Yes,No,2,1
CR-2346,4,One-Year,64.18,247.59,0,31,108.3,Mailed Check,Yes,Yes,Yes,2,0
CR-2347,39,Month-to-Month,90.16,3490.49,0,2,74.2,Bank Transfer,Yes,No,Yes,4,0
CR-2348,9,Month-to-Month,38.82,380.07,2,2,144.5,Credit Card,Yes,No,No,1,0
CR-2349,2,Two-Year,53.64,115.0,1,1,151.6,Credit Card,Yes,No,Yes,2,0
CR-2350,38,Two-Year,81.22,3054.79,2,17,187.7,Electronic Check,No,Yes,Yes,2,0
CR-2351,20,Month-to-Month,61.04,1229.54,2,0,97.9,Bank Transfer,Yes,Yes,No,2,0
CR-2352,64,Month-to-Month,44.58,2857.98,1,1,219.7,Electronic Check,Yes,No,No,1,0
CR-2353,8,Month-to-Month,50.21,380.14,2,8,181.2,Electronic Check,No,Yes,No,1,1
CR-2354,14,Month-to-Month,30.85,467.75,0,3,132.8,Credit Card,Yes,No,No,1,0
CR-2355,62,Two-Year,71.97,4466.19,0,1,103.0,Credit Card,No,Yes,Yes,2,0
CR-2356,27,One-Year,72.92,1962.34,5,4,145.2,Mailed Check,No,Yes,No,3,0
CR-2357,10,Month-to-Month,79.3,790.5,0,3,94.6,Electronic Check,Yes,Yes,Yes,2,0
CR-2358,69,Two-Year,39.87,2764.35,0,7,164.7,Bank Transfer,Yes,No,Yes,1,0
CR-2359,8,Month-to-Month,71.38,568.87,1,42,166.8,Credit Card,No,Yes,Yes,2,0
CR-2360,1,Month-to-Month,18.5,18.5,0,1,180.9,Electronic Check,Yes,Yes,No,1,0
CR-2361,9,Month-to-Month,85.25,799.23,0,5,301.3,Electronic Check,Yes,No,No,4,0
CR-2362,41,Two-Year,58.06,2337.91,0,29,149.4,Bank Transfer,Yes,No,No,2,0
CR-2363,31,One-Year,76.69,2339.84,1,23,240.4,Bank Transfer,No,No,Yes,4,0
CR-2364,63,Month-to-Month,67.01,4244.94,2,5,178.4,Mailed Check,Yes,Yes,No,2,0
CR-2365,36,Two-Year,82.13,3029.16,0,13,140.9,Bank Transfer,Yes,Yes,No,3,0
CR-2366,17,One-Year,33.09,588.82,1,1,150.5,Credit Card,Yes,No,Yes,1,0
CR-2367,51,Two-Year,42.84,2240.77,1,13,155.3,Mailed Check,Yes,Yes,No,1,0
CR-2368,1,Month-to-Month,51.06,51.06,2,39,182.4,Electronic Check,Yes,Yes,No,1,1
CR-2369,1,Month-to-Month,39.97,39.97,1,8,83.3,Credit Card,Yes,Yes,No,2,1
CR-2370,45,Two-Year,48.27,2185.85,1,7,42.8,Electronic Check,Yes,No,Yes,2,0
CR-2371,21,One-Year,57.65,1239.26,3,2,212.3,Electronic Check,No,Yes,No,2,0
CR-2372,3,Month-to-Month,79.24,198.37,1,11,231.8,Credit Card,No,No,Yes,3,0
CR-2373,16,Month-to-Month,42.41,672.16,0,9,219.7,Electronic Check,Yes,No,No,1,1
CR-2374,16,Month-to-Month,69.89,1117.43,0,11,172.4,Electronic Check,No,No,No,2,0
CR-2375,6,Month-to-Month,83.77,482.25,0,0,221.4,Electronic Check,Yes,No,No,3,1
CR-2376,10,One-Year,67.97,662.83,2,8,217.1,Electronic Check,No,No,Yes,2,0
CR-2377,52,One-Year,65.1,3410.49,5,9,223.0,Bank Transfer,Yes,No,No,3,0
CR-2378,18,One-Year,62.45,1138.19,4,2,91.2,Bank Transfer,Yes,Yes,No,2,0
CR-2379,37,Two-Year,57.93,2167.36,1,2,72.2,Bank Transfer,Yes,No,Yes,2,0
CR-2380,57,One-Year,57.62,3294.45,0,3,128.9,Mailed Check,Yes,No,Yes,1,0
CR-2381,4,Month-to-Month,98.74,368.76,3,13,158.6,Electronic Check,No,Yes,Yes,4,0
CR-2382,46,Two-Year,72.31,3338.95,3,10,140.6,Electronic Check,Yes,No,Yes,3,0
CR-2383,5,One-Year,105.53,499.09,2,20,12.0,Electronic Check,Yes,No,Yes,4,0
CR-2384,20,One-Year,66.63,1323.25,0,3,297.7,Credit Card,No,No,Yes,2,0
CR-2385,2,Month-to-Month,70.78,110.47,1,26,138.1,Bank Transfer,No,No,No,3,1
CR-2386,9,Month-to-Month,57.52,499.35,1,14,173.8,Mailed Check,Yes,Yes,No,2,0
CR-2387,67,Two-Year,57.69,3867.94,2,5,259.6,Credit Card,Yes,Yes,No,2,0
CR-2388,70,Month-to-Month,91.27,6375.18,4,1,12.0,Electronic Check,No,No,Yes,3,0
CR-2389,2,One-Year,45.03,63.57,1,3,119.1,Electronic Check,Yes,No,No,1,0
CR-2390,33,Month-to-Month,50.27,1693.04,1,34,129.0,Bank Transfer,Yes,Yes,No,1,1
CR-2391,12,Two-Year,56.07,669.25,1,4,133.1,Credit Card,No,Yes,No,2,0
CR-2392,32,One-Year,82.35,2619.36,2,4,146.1,Electronic Check,Yes,Yes,No,3,0
CR-2393,50,Two-Year,74.03,3669.03,2,2,275.8,Bank Transfer,No,No,No,2,0
CR-2394,53,One-Year,57.39,2985.51,3,18,213.9,Credit Card,Yes,Yes,Yes,2,1
CR-2395,26,One-Year,98.15,2545.24,0,3,236.6,Credit Card,No,Yes,Yes,4,0
CR-2396,5,Month-to-Month,47.37,195.5,0,4,163.8,Credit Card,Yes,No,Yes,2,0
CR-2397,3,One-Year,35.34,127.38,3,5,48.1,Credit Card,Yes,Yes,Yes,1,0
CR-2398,5,Month-to-Month,57.66,289.18,0,6,12.0,Electronic Check,No,Yes,No,2,0
CR-2399,5,Two-Year,68.39,388.7,2,5,37.6,Electronic Check,Yes,No,No,3,0
CR-2400,49,Two-Year,56.22,2761.47,1,7,188.8,Electronic Check,No,No,No,1,0
CR-2401,33,Month-to-Month,52.62,1714.66,1,18,162.5,Electronic Check,Yes,Yes,Yes,2,0
CR-2402,8,One-Year,50.87,350.56,1,18,143.2,Mailed Check,No,No,No,1,0
CR-2403,43,Two-Year,62.87,2727.61,1,17,130.5,Electronic Check,No,Yes,Yes,2,0
CR-2404,1,Month-to-Month,43.31,43.31,0,1,320.9,Credit Card,No,No,Yes,1,0
CR-2405,28,Month-to-Month,75.86,2111.84,2,17,94.2,Credit Card,No,Yes,No,2,0
CR-2406,30,One-Year,38.39,1201.92,3,1,234.2,Credit Card,Yes,No,No,2,0
CR-2407,43,Two-Year,95.04,4105.05,3,1,160.2,Bank Transfer,Yes,Yes,No,4,0
CR-2408,9,Month-to-Month,68.2,625.5,1,32,155.1,Bank Transfer,No,Yes,Yes,3,1
CR-2409,10,Month-to-Month,77.39,802.23,2,18,254.1,Bank Transfer,No,No,No,4,0
CR-2410,25,One-Year,49.05,1253.46,2,8,277.0,Mailed Check,Yes,No,No,2,0
CR-2411,64,Two-Year,43.17,2810.31,2,22,140.8,Electronic Check,Yes,No,No,1,0
CR-2412,7,Month-to-Month,35.75,232.18,1,49,223.9,Electronic Check,Yes,No,No,1,1
CR-2413,10,One-Year,105.97,1048.4,3,10,189.1,Bank Transfer,No,No,Yes,4,0
CR-2414,10,Month-to-Month,58.86,560.93,1,10,160.6,Electronic Check,No,No,No,2,0
CR-2415,33,Month-to-Month,93.75,3092.77,1,15,176.3,Bank Transfer,Yes,No,No,4,0
CR-2416,68,One-Year,39.8,2702.43,1,2,105.0,Mailed Check,Yes,Yes,No,1,0
CR-2417,24,One-Year,42.02,955.83,1,2,135.5,Credit Card,No,No,No,1,0
CR-2418,1,One-Year,56.82,56.82,3,15,113.5,Credit Card,No,No,Yes,2,1
CR-2419,43,One-Year,52.49,2300.24,1,4,232.1,Electronic Check,Yes,No,Yes,2,0
CR-2420,13,One-Year,52.89,694.9,3,1,152.4,Electronic Check,No,No,Yes,1,0
CR-2421,34,Month-to-Month,54.76,1883.3,4,4,56.2,Credit Card,Yes,No,No,2,1
CR-2422,7,Month-to-Month,57.16,396.5,1,4,102.1,Credit Card,No,No,Yes,2,0
CR-2423,32,Two-Year,65.29,2032.67,2,36,12.0,Bank Transfer,No,Yes,Yes,2,0
CR-2424,42,Two-Year,46.19,1936.12,0,13,120.4,Mailed Check,No,No,No,1,0
CR-2425,20,Month-to-Month,70.07,1432.65,3,8,163.0,Mailed Check,No,Yes,No,3,1
CR-2426,7,Month-to-Month,68.55,444.28,1,38,149.1,Bank Transfer,Yes,Yes,No,2,0
CR-2427,30,Month-to-Month,66.38,2013.81,2,25,318.4,Electronic Check,No,Yes,No,2,0
CR-2428,12,One-Year,62.78,702.31,1,7,206.0,Bank Transfer,No,No,No,2,0
CR-2429,5,One-Year,74.69,374.06,2,25,202.4,Mailed Check,Yes,Yes,No,3,0
CR-2430,24,One-Year,56.93,1382.66,1,5,28.5,Electronic Check,Yes,Yes,No,2,0
CR-2431,50,One-Year,94.98,4739.64,4,2,130.8,Bank Transfer,Yes,No,Yes,4,0
CR-2432,19,Two-Year,48.68,999.09,1,2,121.1,Credit Card,No,No,No,2,0
CR-2433,54,Two-Year,42.61,2286.14,1,11,97.1,Electronic Check,Yes,No,No,1,0
CR-2434,1,Month-to-Month,69.92,69.92,1,7,96.0,Bank Transfer,Yes,Yes,No,2,0
CR-2435,2,Month-to-Month,69.76,145.65,2,11,15.4,Electronic Check,Yes,Yes,Yes,2,1
CR-2436,31,One-Year,57.19,1750.24,0,12,57.9,Credit Card,Yes,Yes,Yes,2,0
CR-2437,64,Two-Year,71.64,4541.72,1,0,229.9,Credit Card,Yes,No,No,2,0
CR-2438,56,One-Year,62.06,3442.43,2,0,148.6,Credit Card,Yes,Yes,Yes,1,0
CR-2439,68,Two-Year,57.84,3955.86,1,8,119.5,Electronic Check,No,Yes,No,2,0
CR-2440,67,One-Year,85.92,5747.49,1,2,159.6,Electronic Check,No,No,No,3,0
CR-2441,21,One-Year,38.37,856.83,3,11,253.4,Credit Card,Yes,No,No,2,0
CR-2442,31,One-Year,48.42,1487.78,1,8,160.3,Bank Transfer,Yes,Yes,No,2,0
CR-2443,10,Month-to-Month,97.91,1000.42,1,9,203.2,Electronic Check,Yes,No,No,4,0
CR-2444,22,One-Year,50.93,1135.79,1,3,92.3,Electronic Check,Yes,Yes,Yes,2,0
CR-2445,19,Two-Year,63.39,1190.73,4,11,110.5,Bank Transfer,No,Yes,No,1,0
CR-2446,63,Two-Year,84.98,5327.38,0,19,188.3,Electronic Check,Yes,Yes,Yes,3,0
CR-2447,4,Month-to-Month,52.66,158.69,2,60,311.4,Bank Transfer,Yes,No,No,1,0
CR-2448,23,Month-to-Month,78.71,1826.92,4,20,274.4,Credit Card,No,No,Yes,3,0
CR-2449,23,One-Year,32.97,794.26,0,8,206.6,Bank Transfer,Yes,No,No,1,0
CR-2450,8,Month-to-Month,37.81,254.78,2,2,172.1,Mailed Check,Yes,No,No,1,0
CR-2451,12,Two-Year,45.54,535.37,1,12,272.1,Electronic Check,Yes,No,Yes,1,0
CR-2452,70,One-Year,54.62,3803.39,0,30,223.6,Bank Transfer,Yes,Yes,No,2,0
CR-2453,57,One-Year,49.71,2850.01,1,2,12.0,Electronic Check,Yes,No,No,1,0
CR-2454,15,One-Year,50.11,741.79,0,3,75.7,Credit Card,No,No,No,1,0
CR-2455,38,One-Year,79.05,3043.59,1,1,187.1,Mailed Check,No,No,No,3,1
CR-2456,30,One-Year,60.74,1810.67,1,14,17.0,Bank Transfer,No,Yes,No,3,0
CR-2457,8,Month-to-Month,96.15,732.11,0,5,88.2,Electronic Check,No,No,No,3,1
CR-2458,66,One-Year,76.87,5059.36,2,0,104.0,Electronic Check,No,No,Yes,3,0
CR-2459,22,Month-to-Month,88.09,1927.22,0,22,139.5,Credit Card,Yes,No,Yes,2,0
CR-2460,10,Month-to-Month,85.53,871.08,3,8,137.0,Credit Card,Yes,No,Yes,3,0
CR-2461,43,Month-to-Month,58.9,2521.49,1,4,136.9,Mailed Check,Yes,No,Yes,2,0
CR-2462,2,Month-to-Month,65.48,144.16,2,4,226.0,Electronic Check,Yes,No,No,2,1
CR-2463,36,Two-Year,58.81,2093.45,1,3,138.8,Bank Transfer,No,No,Yes,3,0
CR-2464,24,One-Year,53.26,1269.4,0,6,129.2,Credit Card,No,No,Yes,1,0
CR-2465,10,One-Year,104.67,1023.15,0,4,52.1,Mailed Check,Yes,No,No,3,0
CR-2466,31,Two-Year,40.11,1218.01,0,8,241.9,Bank Transfer,Yes,No,Yes,2,0
CR-2467,28,Two-Year,40.13,1161.89,2,16,106.3,Electronic Check,Yes,No,Yes,1,0
CR-2468,20,Month-to-Month,41.95,817.55,4,12,73.0,Mailed Check,No,Yes,No,1,0
CR-2469,37,Month-to-Month,51.75,1904.32,4,3,177.0,Electronic Check,No,Yes,Yes,1,0
CR-2470,24,Month-to-Month,100.06,2432.78,1,8,98.6,Bank Transfer,No,No,No,3,0
CR-2471,61,Two-Year,100.83,6173.13,1,20,117.9,Bank Transfer,No,Yes,No,4,0
CR-2472,35,Two-Year,82.42,2933.94,2,0,180.7,Electronic Check,Yes,Yes,No,2,0
CR-2473,54,Two-Year,44.7,2428.28,2,0,133.9,Bank Transfer,Yes,No,Yes,1,0
CR-2474,9,Month-to-Month,47.51,409.58,3,8,344.9,Credit Card,No,Yes,Yes,1,1
CR-2475,25,Two-Year,82.28,2118.71,3,11,154.0,Electronic Check,Yes,No,No,3,0
CR-2476,4,Month-to-Month,55.2,238.26,2,2,209.4,Electronic Check,Yes,No,No,1,0
CR-2477,10,Month-to-Month,92.78,923.16,1,15,12.0,Credit Card,No,Yes,No,4,1
CR-2478,54,One-Year,69.18,3737.44,3,11,91.1,Mailed Check,No,No,No,2,0
CR-2479,34,Month-to-Month,66.69,2272.84,2,28,73.0,Credit Card,Yes,No,Yes,3,0
CR-2480,29,One-Year,58.15,1679.25,0,2,83.6,Credit Card,No,No,No,2,0
CR-2481,12,Month-to-Month,54.63,614.28,3,15,193.2,Mailed Check,Yes,Yes,Yes,2,0
CR-2482,6,Month-to-Month,61.88,420.08,2,0,242.8,Credit Card,Yes,No,Yes,2,1
CR-2483,63,Two-Year,75.84,4777.26,3,9,187.6,Mailed Check,Yes,Yes,No,3,0
CR-2484,66,Two-Year,90.32,5966.62,1,8,141.9,Credit Card,No,Yes,Yes,3,0
CR-2485,7,Month-to-Month,52.21,427.81,1,5,109.5,Credit Card,Yes,No,No,2,0
CR-2486,49,One-Year,43.69,2120.31,1,20,249.1,Credit Card,No,No,No,2,0
CR-2487,6,One-Year,83.43,520.24,0,0,325.7,Mailed Check,Yes,No,No,4,0
CR-2488,16,Two-Year,106.94,1687.27,0,8,170.8,Credit Card,Yes,No,Yes,4,0
CR-2489,67,Month-to-Month,51.3,3446.73,3,2,235.1,Credit Card,Yes,No,Yes,2,0
CR-2490,1,Month-to-Month,46.98,53.03,0,14,187.5,Electronic Check,Yes,Yes,No,1,1
CR-2491,54,One-Year,40.05,2186.42,1,0,220.4,Mailed Check,Yes,Yes,No,1,0
CR-2492,2,Month-to-Month,87.24,210.73,4,19,66.8,Bank Transfer,Yes,Yes,Yes,3,1
CR-2493,57,Two-Year,40.69,2301.94,2,20,120.9,Electronic Check,No,Yes,No,1,1
CR-2494,52,Two-Year,70.64,3715.78,1,19,191.6,Credit Card,No,No,No,1,0
CR-2495,51,One-Year,61.98,3205.6,3,1,257.0,Electronic Check,Yes,Yes,Yes,1,0
CR-2496,61,Two-Year,57.85,3521.35,2,10,94.5,Electronic Check,Yes,No,No,2,0
CR-2497,18,Two-Year,56.48,1016.44,1,0,12.0,Electronic Check,Yes,No,No,2,0
CR-2498,56,Two-Year,74.32,4147.09,0,20,120.1,Electronic Check,Yes,No,Yes,1,0
CR-2499,64,One-Year,32.21,2052.28,0,14,240.8,Electronic Check,No,No,No,1,0
CR-2500,29,Two-Year,78.45,2238.95,3,8,33.3,Bank Transfer,Yes,Yes,No,3,0
CR-2501,7,Month-to-Month,97.22,703.87,3,14,65.8,Credit Card,No,No,No,4,0
CR-2502,71,Two-Year,42.98,2990.07,1,1,172.5,Bank Transfer,No,No,Yes,1,0
CR-2503,69,Month-to-Month,25.61,1746.18,3,8,150.7,Bank Transfer,Yes,Yes,No,1,0
CR-2504,35,Month-to-Month,65.97,2307.57,1,3,207.6,Credit Card,No,Yes,No,2,0
CR-2505,11,Month-to-Month,69.3,801.29,1,39,61.7,Electronic Check,Yes,No,No,3,1
CR-2506,8,Month-to-Month,93.36,730.52,4,21,134.0,Credit Card,Yes,No,No,3,1
CR-2507,3,Month-to-Month,64.44,206.16,1,14,255.6,Electronic Check,No,No,No,3,1
CR-2508,18,Month-to-Month,79.59,1430.19,2,29,64.6,Credit Card,No,No,No,3,1
CR-2509,6,Month-to-Month,20.84,153.39,1,4,278.2,Electronic Check,Yes,No,No,1,1
CR-2510,2,Month-to-Month,21.46,54.19,1,25,74.6,Mailed Check,No,Yes,Yes,1,0
CR-2511,54,Two-Year,52.61,2865.85,2,4,228.0,Electronic Check,No,No,Yes,2,0
CR-2512,46,Month-to-Month,72.02,3296.4,2,14,130.2,Bank Transfer,No,No,No,3,0
CR-2513,9,Month-to-Month,75.66,650.52,1,14,68.4,Electronic Check,Yes,No,Yes,2,0
CR-2514,13,Month-to-Month,96.59,1266.68,2,0,120.2,Bank Transfer,No,No,No,4,0
CR-2515,1,Month-to-Month,91.92,91.92,1,4,203.6,Bank Transfer,No,Yes,Yes,3,0
CR-2516,41,One-Year,75.2,3084.11,1,0,159.5,Electronic Check,Yes,Yes,No,3,0
CR-2517,2,Month-to-Month,49.06,107.64,1,60,249.5,Electronic Check,Yes,No,No,1,1
CR-2518,69,Two-Year,35.75,2504.01,2,1,274.9,Electronic Check,Yes,Yes,No,1,0
CR-2519,5,Month-to-Month,71.07,378.95,1,8,65.4,Credit Card,Yes,No,Yes,3,1
CR-2520,3,Month-to-Month,24.79,53.94,1,17,59.5,Electronic Check,Yes,No,No,1,1
CR-2521,5,Month-to-Month,46.36,197.45,1,2,55.6,Credit Card,No,Yes,No,1,1
CR-2522,60,Two-Year,99.62,6028.42,2,7,88.1,Bank Transfer,No,No,No,4,0
CR-2523,54,One-Year,86.77,4638.1,1,10,248.3,Electronic Check,Yes,No,No,3,0
CR-2524,50,Month-to-Month,45.15,2243.92,2,1,204.8,Electronic Check,No,Yes,No,1,0
CR-2525,68,Two-Year,99.26,6769.04,0,16,116.4,Mailed Check,No,No,Yes,3,0
CR-2526,63,Two-Year,44.76,2869.04,3,3,159.1,Bank Transfer,Yes,No,Yes,1,0
CR-2527,28,One-Year,52.92,1476.07,1,2,272.3,Electronic Check,Yes,No,No,1,0
CR-2528,33,Month-to-Month,57.76,1906.9,2,8,312.6,Credit Card,Yes,No,Yes,2,0
CR-2529,51,Month-to-Month,69.92,3539.67,0,5,180.8,Credit Card,Yes,No,No,3,0
CR-2530,26,One-Year,50.18,1308.48,0,27,12.0,Electronic Check,Yes,Yes,Yes,1,1
CR-2531,3,Month-to-Month,60.11,145.83,2,23,183.8,Bank Transfer,Yes,No,No,2,0
CR-2532,11,Month-to-Month,51.32,542.01,1,7,234.8,Electronic Check,No,No,Yes,1,0
CR-2533,29,One-Year,100.53,2938.29,0,4,178.0,Electronic Check,Yes,No,No,4,0
CR-2534,22,Month-to-Month,53.07,1154.53,1,4,218.1,Bank Transfer,Yes,Yes,No,2,0
CR-2535,62,Two-Year,71.74,4475.4,3,3,188.6,Credit Card,No,Yes,No,2,0
CR-2536,43,Two-Year,34.29,1469.86,2,8,61.2,Bank Transfer,No,No,No,1,0
CR-2537,2,Month-to-Month,67.25,93.43,0,17,89.1,Bank Transfer,No,Yes,No,2,0
CR-2538,15,Month-to-Month,73.82,1142.35,1,4,134.3,Electronic Check,Yes,No,No,2,0
CR-2539,72,Month-to-Month,75.15,5371.34,0,2,245.2,Bank Transfer,No,No,Yes,3,0
CR-2540,32,One-Year,54.56,1727.87,2,7,98.7,Electronic Check,Yes,No,Yes,1,0
CR-2541,70,One-Year,100.98,7062.61,0,0,196.5,Bank Transfer,No,Yes,No,4,0
CR-2542,28,Two-Year,69.52,1976.73,2,13,184.3,Electronic Check,Yes,Yes,No,2,0
CR-2543,19,Month-to-Month,34.63,642.18,2,8,286.9,Credit Card,Yes,Yes,No,1,0
CR-2544,35,One-Year,63.14,2182.1,1,7,156.7,Electronic Check,No,No,No,2,0
CR-2545,3,Month-to-Month,46.92,145.64,2,3,19.6,Bank Transfer,Yes,No,No,2,1
CR-2546,27,One-Year,114.11,3074.55,1,25,211.7,Bank Transfer,Yes,Yes,No,4,0
CR-2547,65,Month-to-Month,58.86,3811.88,0,1,331.0,Credit Card,Yes,No,No,3,0
CR-2548,2,Month-to-Month,57.45,121.39,1,22,217.0,Credit Card,Yes,Yes,No,2,1
CR-2549,6,Month-to-Month,33.68,165.97,3,5,97.0,Electronic Check,Yes,No,Yes,1,1
CR-2550,12,Two-Year,49.75,545.34,1,23,73.4,Credit Card,No,Yes,Yes,1,0
CR-2551,17,Month-to-Month,80.24,1428.24,2,14,83.8,Electronic Check,Yes,Yes,Yes,2,1
CR-2552,69,Two-Year,85.55,5906.08,0,1,320.3,Electronic Check,Yes,No,No,3,0
CR-2553,31,One-Year,108.61,3372.14,0,19,133.8,Mailed Check,No,No,No,3,0
CR-2554,67,One-Year,29.22,1934.28,4,12,107.0,Electronic Check,No,Yes,No,1,0
CR-2555,2,One-Year,29.99,86.91,2,0,147.3,Electronic Check,No,Yes,No,1,0
CR-2556,71,Month-to-Month,52.07,3680.97,2,1,134.6,Electronic Check,Yes,Yes,No,2,0
CR-2557,7,Two-Year,98.21,603.89,3,11,285.4,Bank Transfer,Yes,No,No,4,0
CR-2558,3,Month-to-Month,50.73,135.18,2,11,78.8,Mailed Check,Yes,No,Yes,2,0
CR-2559,28,Month-to-Month,53.48,1489.0,1,15,254.5,Electronic Check,No,Yes,Yes,2,1
CR-2560,31,Month-to-Month,67.2,2078.1,3,14,169.8,Bank Transfer,Yes,No,Yes,2,0
CR-2561,39,Month-to-Month,30.61,1187.82,1,11,256.6,Bank Transfer,No,Yes,No,1,0
CR-2562,59,Two-Year,49.67,2911.18,0,15,286.6,Electronic Check,No,Yes,No,2,0
CR-2563,10,Month-to-Month,75.01,727.85,1,9,166.8,Bank Transfer,Yes,No,Yes,3,0
CR-2564,6,Month-to-Month,93.96,554.82,2,3,134.8,Bank Transfer,Yes,No,No,4,1
CR-2565,49,One-Year,71.1,3434.54,2,26,165.3,Electronic Check,Yes,Yes,Yes,2,0
CR-2566,21,Two-Year,33.99,655.06,2,0,152.4,Credit Card,Yes,No,No,1,0
CR-2567,13,Month-to-Month,53.8,702.34,0,5,27.4,Electronic Check,No,Yes,No,2,0
CR-2568,8,Month-to-Month,84.82,682.0,0,14,284.2,Electronic Check,Yes,No,No,3,1
CR-2569,61,One-Year,51.01,3137.99,2,6,179.7,Mailed Check,Yes,No,No,1,0
CR-2570,46,Two-Year,93.29,4283.67,2,0,67.0,Credit Card,Yes,Yes,No,3,0
CR-2571,54,Month-to-Month,83.69,4483.45,3,0,12.0,Credit Card,Yes,No,Yes,3,0
CR-2572,8,Month-to-Month,62.3,440.21,2,11,12.0,Bank Transfer,Yes,Yes,Yes,2,0
CR-2573,57,One-Year,66.75,3778.04,2,36,221.6,Bank Transfer,Yes,Yes,No,2,0
CR-2574,14,One-Year,76.33,1081.3,2,8,110.5,Bank Transfer,Yes,Yes,No,3,0
CR-2575,12,Month-to-Month,58.25,742.24,1,7,123.6,Electronic Check,Yes,Yes,No,2,0
CR-2576,19,One-Year,25.26,481.56,1,4,199.1,Credit Card,No,Yes,No,1,0
CR-2577,62,One-Year,51.93,3183.25,2,3,118.7,Bank Transfer,No,Yes,No,1,0
CR-2578,67,Two-Year,45.11,2995.97,0,0,203.7,Mailed Check,No,Yes,No,1,0
CR-2579,4,One-Year,86.77,321.62,4,3,167.6,Bank Transfer,Yes,Yes,No,3,0
CR-2580,16,One-Year,32.84,513.26,0,6,153.3,Electronic Check,No,No,No,2,0
CR-2581,8,Month-to-Month,60.53,517.87,1,2,34.2,Bank Transfer,Yes,No,Yes,2,1
CR-2582,15,Month-to-Month,70.44,1092.57,3,1,94.4,Electronic Check,Yes,Yes,Yes,3,0
CR-2583,2,Month-to-Month,76.01,146.85,1,13,208.2,Credit Card,Yes,No,No,2,0
CR-2584,4,Month-to-Month,85.14,346.05,0,24,105.4,Bank Transfer,Yes,No,Yes,3,1
CR-2585,5,Month-to-Month,63.34,292.77,0,30,256.4,Electronic Check,No,Yes,No,2,1
CR-2586,28,One-Year,56.68,1535.74,2,10,347.7,Mailed Check,Yes,Yes,No,2,0
CR-2587,4,One-Year,64.97,313.53,0,0,212.5,Mailed Check,Yes,No,No,2,0
CR-2588,44,One-Year,87.72,3790.01,2,14,279.4,Mailed Check,Yes,No,Yes,4,0
CR-2589,29,One-Year,78.0,2206.92,0,1,217.7,Electronic Check,No,No,No,3,0
CR-2590,57,One-Year,37.22,2175.43,4,12,117.3,Credit Card,Yes,No,No,1,0
CR-2591,20,One-Year,119.66,2393.7,0,16,176.0,Mailed Check,Yes,No,No,4,0
CR-2592,1,Month-to-Month,93.7,93.7,1,14,321.1,Bank Transfer,No,No,No,3,0
CR-2593,59,One-Year,53.63,3184.65,3,33,118.1,Electronic Check,Yes,No,No,1,0
CR-2594,63,One-Year,28.1,1793.49,2,14,76.9,Credit Card,No,No,No,1,0
CR-2595,31,One-Year,69.64,2118.86,2,12,69.3,Credit Card,No,Yes,No,2,0
CR-2596,6,One-Year,62.88,361.29,2,3,142.6,Credit Card,Yes,No,Yes,2,0
CR-2597,8,Month-to-Month,73.23,612.13,2,28,79.7,Electronic Check,No,No,No,2,0
CR-2598,27,Month-to-Month,46.22,1223.43,1,2,293.9,Electronic Check,No,Yes,No,1,1
CR-2599,10,Month-to-Month,60.93,617.76,0,25,177.3,Bank Transfer,Yes,Yes,No,2,0
CR-2600,6,Month-to-Month,45.34,314.78,1,4,237.7,Bank Transfer,Yes,No,Yes,1,0
CR-2601,3,Month-to-Month,24.94,24.94,1,1,136.1,Credit Card,No,No,No,1,0
CR-2602,1,One-Year,53.33,53.33,1,19,68.8,Electronic Check,Yes,No,Yes,2,1
CR-2603,38,Two-Year,64.73,2467.59,1,0,55.2,Electronic Check,Yes,Yes,No,2,0
CR-2604,7,One-Year,72.39,452.97,1,19,87.4,Electronic Check,No,Yes,No,2,0
CR-2605,32,Month-to-Month,91.5,2912.11,1,3,187.8,Electronic Check,Yes,Yes,No,4,0
CR-2606,32,Two-Year,42.59,1394.21,3,23,201.6,Bank Transfer,No,No,No,1,0
CR-2607,39,Two-Year,26.99,1031.48,2,12,208.3,Electronic Check,Yes,No,Yes,1,0
CR-2608,6,Month-to-Month,57.59,301.01,6,12,40.9,Credit Card,No,No,Yes,1,0
CR-2609,15,One-Year,72.14,1116.02,4,5,160.0,Credit Card,Yes,No,No,2,0
CR-2610,55,Two-Year,85.52,4716.94,1,0,77.9,Electronic Check,Yes,Yes,No,3,0
CR-2611,11,Month-to-Month,65.07,713.7,1,19,192.1,Mailed Check,Yes,Yes,No,2,1
CR-2612,7,Month-to-Month,76.53,532.76,1,2,198.3,Credit Card,Yes,No,Yes,2,0
CR-2613,2,Month-to-Month,52.95,136.75,2,5,66.2,Bank Transfer,Yes,No,No,2,0
CR-2614,21,One-Year,51.87,1098.11,1,10,237.4,Mailed Check,Yes,No,Yes,2,0
CR-2615,13,Month-to-Month,71.62,950.43,7,7,347.1,Electronic Check,No,No,Yes,2,1
CR-2616,3,One-Year,70.94,192.04,0,2,226.8,Bank Transfer,Yes,No,No,2,0
CR-2617,1,Month-to-Month,31.07,31.07,3,1,147.0,Electronic Check,Yes,No,No,1,1
CR-2618,6,Month-to-Month,73.69,460.8,1,1,134.7,Bank Transfer,Yes,Yes,Yes,3,0
CR-2619,12,Month-to-Month,77.89,967.71,1,21,143.3,Bank Transfer,No,Yes,Yes,2,0
CR-2620,21,One-Year,47.12,982.78,1,0,99.1,Bank Transfer,No,No,No,1,0
CR-2621,54,Month-to-Month,68.87,3745.61,1,41,180.2,Electronic Check,No,Yes,Yes,2,1
CR-2622,3,Month-to-Month,85.41,246.17,1,2,68.9,Electronic Check,Yes,No,Yes,4,0
CR-2623,26,One-Year,49.57,1286.1,1,1,12.0,Bank Transfer,Yes,Yes,No,1,0
CR-2624,34,One-Year,28.8,1031.77,1,9,177.6,Electronic Check,Yes,No,Yes,1,0
CR-2625,11,Month-to-Month,41.2,444.45,0,0,161.7,Credit Card,No,No,No,2,0
CR-2626,5,Month-to-Month,68.27,330.83,2,10,114.3,Credit Card,Yes,No,No,2,0
CR-2627,1,Month-to-Month,57.34,57.34,1,20,57.4,Electronic Check,No,Yes,Yes,1,1
CR-2628,40,One-Year,94.46,3799.1,1,0,183.2,Electronic Check,Yes,No,No,4,0
CR-2629,43,Two-Year,55.53,2366.49,0,17,80.8,Electronic Check,Yes,Yes,Yes,2,0
CR-2630,16,One-Year,96.11,1542.18,1,5,148.9,Credit Card,Yes,Yes,Yes,3,0
CR-2631,11,Month-to-Month,59.05,640.1,0,1,301.2,Mailed Check,Yes,Yes,No,2,0
CR-2632,4,Month-to-Month,78.34,299.99,3,2,212.1,Electronic Check,Yes,Yes,No,3,1
CR-2633,60,Month-to-Month,77.94,4672.87,4,27,50.5,Credit Card,Yes,No,No,2,1
CR-2634,34,Two-Year,39.46,1340.41,1,1,58.0,Credit Card,Yes,No,Yes,1,0
CR-2635,14,Month-to-Month,90.46,1301.72,0,22,172.1,Electronic Check,No,Yes,No,4,0
CR-2636,33,One-Year,51.16,1733.89,1,8,50.0,Mailed Check,Yes,No,No,1,1
CR-2637,3,Month-to-Month,89.88,289.16,2,0,12.0,Bank Transfer,Yes,Yes,No,4,1
CR-2638,45,Month-to-Month,59.55,2717.9,0,6,202.6,Mailed Check,Yes,Yes,No,2,0
CR-2639,56,Two-Year,83.81,4718.98,0,18,185.7,Bank Transfer,Yes,Yes,No,4,0
CR-2640,57,Two-Year,62.85,3597.29,2,14,196.0,Electronic Check,Yes,No,No,2,0
CR-2641,25,Month-to-Month,79.68,2035.65,2,7,181.0,Mailed Check,Yes,No,No,3,0
CR-2642,8,Month-to-Month,52.68,382.19,2,21,154.8,Electronic Check,Yes,Yes,No,1,1
CR-2643,5,Month-to-Month,69.57,327.32,1,1,107.0,Mailed Check,Yes,Yes,No,2,1
CR-2644,1,One-Year,84.52,84.52,2,26,201.3,Electronic Check,No,No,No,3,1
CR-2645,3,Month-to-Month,82.94,239.78,2,20,282.4,Credit Card,Yes,No,Yes,3,1
CR-2646,52,One-Year,42.27,2218.62,2,13,119.9,Bank Transfer,Yes,No,No,1,0
CR-2647,58,Month-to-Month,67.1,3858.35,1,18,78.3,Mailed Check,Yes,No,No,2,0
CR-2648,36,Two-Year,49.88,1810.76,2,8,69.2,Electronic Check,Yes,No,Yes,2,0
CR-2649,6,Month-to-Month,19.51,99.45,1,12,90.7,Bank Transfer,Yes,No,Yes,1,0
CR-2650,6,Month-to-Month,72.62,425.31,3,9,176.2,Bank Transfer,Yes,No,Yes,2,0
CR-2651,1,Month-to-Month,85.74,91.75,1,4,12.0,Mailed Check,Yes,Yes,No,3,1
CR-2652,9,Month-to-Month,59.73,588.01,2,9,195.1,Electronic Check,No,Yes,No,2,0
CR-2653,29,One-Year,71.75,2059.38,0,3,211.5,Bank Transfer,Yes,No,Yes,2,0
CR-2654,44,Two-Year,89.69,3943.96,0,6,16.2,Bank Transfer,No,No,Yes,4,0
CR-2655,20,Month-to-Month,35.95,686.65,3,3,81.7,Electronic Check,No,Yes,No,1,0
CR-2656,4,Month-to-Month,52.56,188.58,3,1,166.4,Credit Card,Yes,No,No,2,0
CR-2657,10,Month-to-Month,84.68,814.18,0,4,148.5,Electronic Check,No,Yes,Yes,3,0
CR-2658,48,One-Year,63.17,3039.5,1,21,201.6,Credit Card,Yes,Yes,No,3,0
CR-2659,25,Month-to-Month,71.33,1796.01,1,5,148.7,Bank Transfer,Yes,Yes,No,3,0
CR-2660,28,One-Year,81.9,2313.81,3,15,261.2,Electronic Check,No,Yes,No,3,0
CR-2661,5,Month-to-Month,30.96,132.19,1,2,134.3,Bank Transfer,Yes,Yes,No,1,0
CR-2662,69,Two-Year,54.4,3768.84,1,6,81.4,Credit Card,No,Yes,Yes,2,0
CR-2663,11,Month-to-Month,56.88,629.07,1,1,74.9,Bank Transfer,Yes,No,No,3,0
CR-2664,7,Month-to-Month,49.06,341.69,3,1,218.8,Electronic Check,Yes,Yes,No,1,0
CR-2665,32,Month-to-Month,36.12,1118.6,4,10,162.4,Electronic Check,Yes,No,No,1,1
CR-2666,26,One-Year,68.01,1772.86,0,10,210.7,Credit Card,Yes,Yes,Yes,3,0
CR-2667,53,One-Year,66.05,3506.2,1,2,209.0,Electronic Check,Yes,Yes,No,3,0
CR-2668,4,Month-to-Month,56.82,230.33,1,7,12.0,Mailed Check,No,No,No,2,0
CR-2669,68,One-Year,81.2,5533.6,0,21,68.8,Bank Transfer,Yes,No,No,4,0
CR-2670,44,One-Year,98.42,4351.32,0,2,78.3,Bank Transfer,Yes,No,No,3,0
CR-2671,70,One-Year,73.15,5087.56,2,0,94.7,Bank Transfer,Yes,Yes,Yes,4,0
CR-2672,4,Month-to-Month,92.49,363.46,1,11,126.4,Bank Transfer,Yes,No,Yes,4,1
CR-2673,9,Month-to-Month,62.07,574.1,2,0,239.9,Mailed Check,Yes,Yes,Yes,2,0
CR-2674,29,Month-to-Month,71.25,2058.2,2,42,255.9,Bank Transfer,Yes,No,No,3,1
CR-2675,18,One-Year,63.12,1164.94,1,10,136.6,Electronic Check,Yes,Yes,No,2,0
CR-2676,1,Month-to-Month,71.0,73.71,1,6,139.9,Bank Transfer,No,No,Yes,3,1
CR-2677,10,Month-to-Month,94.3,884.35,0,6,103.6,Bank Transfer,No,No,No,3,0
CR-2678,55,One-Year,31.81,1774.73,1,9,167.1,Credit Card,No,No,No,1,0
CR-2679,1,Month-to-Month,19.49,19.49,0,1,176.2,Mailed Check,Yes,No,No,1,0
CR-2680,1,Month-to-Month,30.02,30.02,2,29,224.5,Bank Transfer,Yes,No,No,1,1
CR-2681,13,Month-to-Month,82.86,1069.61,6,10,223.9,Electronic Check,Yes,No,No,3,0
CR-2682,30,Two-Year,77.82,2296.55,2,2,12.0,Bank Transfer,No,No,Yes,3,0
CR-2683,2,Month-to-Month,68.52,159.63,1,9,147.8,Mailed Check,Yes,Yes,Yes,2,0
CR-2684,22,Month-to-Month,66.02,1451.36,1,1,270.7,Mailed Check,Yes,Yes,Yes,2,0
CR-2685,14,Month-to-Month,72.64,989.25,5,0,125.0,Mailed Check,Yes,No,No,3,1
CR-2686,44,Month-to-Month,56.11,2493.17,0,10,251.1,Electronic Check,Yes,No,No,2,0
CR-2687,1,Month-to-Month,39.15,52.91,4,11,135.5,Bank Transfer,No,No,Yes,1,1
CR-2688,16,Month-to-Month,79.84,1270.37,1,9,174.0,Electronic Check,Yes,Yes,Yes,2,0
CR-2689,6,Month-to-Month,103.91,586.09,0,2,69.0,Electronic Check,Yes,No,Yes,4,0
CR-2690,10,Month-to-Month,97.92,953.93,0,10,72.1,Electronic Check,No,Yes,Yes,3,0
CR-2691,17,Month-to-Month,69.41,1154.25,0,0,218.0,Electronic Check,Yes,No,No,2,0
CR-2692,40,Two-Year,42.36,1716.79,1,10,230.5,Bank Transfer,No,Yes,No,1,0
CR-2693,2,Month-to-Month,50.81,51.19,2,8,162.1,Electronic Check,No,Yes,Yes,2,0
CR-2694,54,One-Year,81.02,4373.66,0,11,61.8,Electronic Check,Yes,Yes,Yes,3,0
CR-2695,51,Two-Year,60.39,3072.38,1,24,163.5,Electronic Check,Yes,No,No,2,0
CR-2696,8,Month-to-Month,60.06,511.55,0,20,260.6,Credit Card,Yes,No,Yes,2,1
CR-2697,13,One-Year,40.91,538.81,0,43,299.4,Electronic Check,Yes,Yes,No,1,1
CR-2698,31,One-Year,76.48,2386.94,1,41,134.7,Credit Card,No,Yes,Yes,4,0
CR-2699,23,Month-to-Month,55.61,1263.27,2,16,27.2,Electronic Check,Yes,No,No,1,0
CR-2700,19,One-Year,42.5,770.57,2,34,227.2,Credit Card,No,No,No,1,0
CR-2701,18,Two-Year,64.86,1157.72,1,22,137.9,Electronic Check,No,No,Yes,3,0
CR-2702,67,Two-Year,101.82,6845.25,0,14,235.4,Electronic Check,Yes,Yes,Yes,4,0
CR-2703,20,One-Year,52.44,1072.05,4,0,182.5,Credit Card,No,Yes,No,2,0
CR-2704,17,One-Year,66.62,1119.62,4,0,89.3,Mailed Check,No,Yes,No,2,0
CR-2705,19,Month-to-Month,69.82,1300.76,1,19,164.7,Electronic Check,Yes,Yes,No,2,1
CR-2706,24,Month-to-Month,53.2,1245.1,1,7,264.7,Electronic Check,No,No,No,1,0
CR-2707,12,One-Year,41.39,492.58,1,18,148.1,Mailed Check,Yes,Yes,No,1,0
CR-2708,21,Month-to-Month,56.86,1198.16,1,4,77.2,Electronic Check,No,No,Yes,2,0
CR-2709,58,Two-Year,36.74,2175.12,2,5,32.9,Electronic Check,No,No,Yes,1,0
CR-2710,50,One-Year,71.77,3592.2,0,13,98.2,Mailed Check,Yes,Yes,Yes,3,0
CR-2711,41,One-Year,42.83,1774.44,1,27,127.2,Credit Card,Yes,No,Yes,1,0
CR-2712,19,Month-to-Month,58.91,1095.88,1,1,225.6,Electronic Check,Yes,No,No,2,1
CR-2713,3,One-Year,52.75,159.5,0,21,70.3,Mailed Check,Yes,No,Yes,2,0
CR-2714,38,Two-Year,49.56,1887.48,0,17,284.3,Bank Transfer,Yes,No,Yes,2,0
CR-2715,62,Two-Year,59.91,3710.2,3,4,53.0,Electronic Check,Yes,Yes,Yes,2,0
CR-2716,58,One-Year,74.66,4329.63,2,4,346.5,Credit Card,Yes,No,Yes,3,0
CR-2717,26,One-Year,49.59,1293.13,1,0,298.0,Bank Transfer,Yes,Yes,Yes,2,0
CR-2718,19,Month-to-Month,87.31,1673.32,0,0,171.3,Bank Transfer,Yes,No,Yes,3,0
CR-2719,23,Two-Year,78.72,1845.63,0,7,28.2,Mailed Check,Yes,No,No,2,0
CR-2720,28,One-Year,52.63,1405.67,0,1,155.6,Electronic Check,Yes,Yes,No,1,0
CR-2721,10,Month-to-Month,53.8,571.41,1,2,129.1,Credit Card,No,Yes,No,2,1
CR-2722,41,One-Year,60.5,2429.18,0,20,58.1,Bank Transfer,Yes,Yes,No,2,0
CR-2723,1,Month-to-Month,94.4,103.66,1,9,183.3,Electronic Check,Yes,Yes,No,3,1
CR-2724,3,Month-to-Month,67.26,272.45,0,11,94.1,Credit Card,No,No,Yes,3,0
CR-2725,3,One-Year,50.83,151.21,1,2,102.8,Credit Card,Yes,No,No,1,0
CR-2726,65,One-Year,28.52,1859.2,2,19,143.7,Credit Card,No,Yes,No,1,0
CR-2727,7,Month-to-Month,59.84,409.57,1,22,114.0,Credit Card,Yes,Yes,Yes,1,1
CR-2728,2,Month-to-Month,92.7,205.42,3,8,326.3,Bank Transfer,Yes,Yes,No,4,1
CR-2729,15,One-Year,65.29,990.22,4,26,117.1,Electronic Check,No,Yes,Yes,1,0
CR-2730,57,One-Year,78.28,4441.68,3,20,195.3,Bank Transfer,No,Yes,Yes,2,0
CR-2731,30,One-Year,59.94,1794.77,1,14,171.6,Electronic Check,No,No,Yes,2,1
CR-2732,68,Two-Year,53.81,3625.53,1,14,188.2,Electronic Check,No,No,No,2,0
CR-2733,46,One-Year,44.95,2064.13,2,1,194.3,Bank Transfer,Yes,No,No,1,0
CR-2734,30,Two-Year,41.2,1223.42,2,3,230.5,Credit Card,Yes,Yes,Yes,1,0
CR-2735,17,One-Year,56.98,972.76,1,0,181.3,Bank Transfer,Yes,Yes,No,2,0
CR-2736,3,One-Year,26.42,57.96,0,0,178.0,Mailed Check,Yes,No,Yes,1,0
CR-2737,22,Month-to-Month,37.85,826.27,2,1,164.7,Electronic Check,No,Yes,No,1,0
CR-2738,35,Month-to-Month,31.9,1116.76,0,23,148.9,Electronic Check,Yes,No,Yes,1,1
CR-2739,11,Month-to-Month,66.52,734.07,2,3,87.1,Credit Card,Yes,No,No,2,0
CR-2740,3,Month-to-Month,70.91,220.96,0,38,155.1,Bank Transfer,Yes,Yes,No,2,1
CR-2741,3,One-Year,50.41,146.0,2,10,179.3,Electronic Check,Yes,Yes,Yes,1,0
CR-2742,3,Month-to-Month,64.42,169.66,3,2,192.2,Electronic Check,Yes,No,No,2,1
CR-2743,31,Month-to-Month,34.47,1071.03,5,7,174.4,Electronic Check,Yes,No,No,1,0
CR-2744,46,Two-Year,63.05,2894.93,1,2,141.4,Credit Card,Yes,No,Yes,2,0
CR-2745,8,Month-to-Month,50.93,438.18,2,45,155.4,Credit Card,No,Yes,No,1,1
CR-2746,24,One-Year,55.14,1357.88,1,20,115.7,Electronic Check,Yes,No,No,2,0
CR-2747,4,Month-to-Month,44.19,135.6,0,0,185.1,Electronic Check,Yes,Yes,No,1,1
CR-2748,41,Two-Year,95.55,3936.06,2,32,142.3,Electronic Check,No,No,No,4,0
CR-2749,13,Month-to-Month,59.62,799.59,1,14,174.4,Electronic Check,No,No,No,1,1
CR-2750,9,Month-to-Month,105.52,909.31,1,0,240.1,Electronic Check,Yes,Yes,No,4,1
CR-2751,24,One-Year,85.09,2059.54,0,12,103.3,Electronic Check,Yes,Yes,Yes,3,0
CR-2752,13,Two-Year,43.83,596.67,1,11,207.7,Bank Transfer,No,No,No,2,0
CR-2753,6,Month-to-Month,98.73,563.89,2,2,162.7,Electronic Check,Yes,No,No,4,1
CR-2754,10,Month-to-Month,41.45,407.41,2,15,321.7,Bank Transfer,Yes,No,No,1,1
CR-2755,12,One-Year,41.36,501.91,1,1,142.7,Electronic Check,Yes,No,No,1,0
CR-2756,10,One-Year,27.37,290.81,1,7,215.6,Credit Card,No,No,Yes,1,0
CR-2757,70,Two-Year,32.12,2218.75,0,0,161.2,Mailed Check,No,No,Yes,1,0
CR-2758,17,Two-Year,60.32,1060.15,1,38,48.9,Bank Transfer,No,No,No,2,0
CR-2759,8,Month-to-Month,72.14,516.24,2,15,118.3,Electronic Check,Yes,Yes,No,2,0
CR-2760,52,Month-to-Month,37.09,1968.39,1,1,230.4,Electronic Check,Yes,Yes,No,1,0
CR-2761,32,One-Year,57.0,1840.51,2,4,125.4,Electronic Check,No,No,Yes,2,0
CR-2762,9,One-Year,60.81,528.64,2,1,12.0,Electronic Check,Yes,No,Yes,1,0
CR-2763,37,One-Year,58.03,2173.04,2,16,157.5,Credit Card,Yes,No,Yes,2,0
CR-2764,40,One-Year,95.71,3796.97,1,0,72.6,Bank Transfer,Yes,No,No,4,0
CR-2765,67,Two-Year,59.85,4013.4,0,20,170.5,Electronic Check,Yes,No,No,2,0
CR-2766,7,Month-to-Month,47.54,339.94,3,31,284.1,Credit Card,No,Yes,No,2,1
CR-2767,56,One-Year,66.72,3743.4,5,12,221.6,Electronic Check,Yes,No,No,2,0
CR-2768,2,Month-to-Month,72.47,119.75,0,2,282.9,Electronic Check,Yes,Yes,Yes,3,1
CR-2769,12,One-Year,42.7,497.52,0,4,115.1,Credit Card,Yes,No,Yes,1,0
CR-2770,31,One-Year,101.44,3148.44,1,7,148.5,Electronic Check,No,Yes,Yes,4,0
CR-2771,19,Month-to-Month,80.43,1506.37,2,10,76.4,Credit Card,No,Yes,No,2,0
CR-2772,21,One-Year,47.82,1012.36,1,12,105.3,Mailed Check,No,No,No,2,0
CR-2773,5,Month-to-Month,105.65,509.83,2,8,85.8,Credit Card,Yes,Yes,No,4,1
CR-2774,6,Month-to-Month,105.69,664.14,4,4,55.5,Electronic Check,No,No,No,4,1
CR-2775,63,Two-Year,54.62,3487.94,1,24,269.3,Bank Transfer,Yes,No,No,2,0
CR-2776,28,Month-to-Month,49.0,1363.08,1,0,12.0,Bank Transfer,Yes,No,No,1,0
CR-2777,8,Month-to-Month,95.43,791.05,2,6,269.6,Mailed Check,Yes,Yes,No,3,0
CR-2778,29,Month-to-Month,53.35,1540.78,2,16,259.7,Mailed Check,Yes,Yes,Yes,2,0
CR-2779,68,One-Year,63.41,4283.79,2,0,200.0,Electronic Check,No,No,No,2,0
CR-2780,13,One-Year,47.05,598.88,1,13,70.8,Mailed Check,No,Yes,No,1,0
CR-2781,62,Two-Year,66.34,4115.65,2,18,33.4,Electronic Check,No,No,No,2,0
CR-2782,35,One-Year,86.69,2980.54,0,11,116.1,Electronic Check,No,Yes,Yes,3,0
CR-2783,24,One-Year,44.66,1090.61,0,0,210.0,Electronic Check,Yes,No,No,1,0
CR-2784,4,Month-to-Month,102.13,411.1,3,2,160.2,Electronic Check,Yes,Yes,No,4,1
CR-2785,35,One-Year,33.89,1216.17,5,4,76.5,Credit Card,No,Yes,Yes,1,0
CR-2786,26,Month-to-Month,44.64,1178.88,2,2,251.9,Electronic Check,No,No,No,1,0
CR-2787,62,One-Year,56.24,3490.48,0,36,294.8,Credit Card,No,No,Yes,2,0
CR-2788,41,Month-to-Month,66.7,2724.02,3,11,141.9,Mailed Check,Yes,No,No,3,0
CR-2789,1,Month-to-Month,91.91,137.6,0,3,168.7,Credit Card,No,Yes,Yes,4,0
CR-2790,3,Two-Year,81.69,310.17,0,29,39.3,Electronic Check,No,No,No,3,1
CR-2791,6,Month-to-Month,47.36,273.99,0,14,126.8,Credit Card,Yes,No,Yes,1,0
CR-2792,29,Month-to-Month,84.32,2476.55,1,3,200.8,Bank Transfer,No,Yes,No,4,0
CR-2793,28,One-Year,87.62,2432.16,3,5,188.4,Credit Card,Yes,Yes,Yes,4,0
CR-2794,56,One-Year,50.25,2796.37,2,2,119.4,Electronic Check,Yes,Yes,Yes,1,0
CR-2795,10,One-Year,66.08,649.21,0,38,138.1,Bank Transfer,No,Yes,No,2,0
CR-2796,24,One-Year,69.87,1697.42,0,8,124.2,Credit Card,No,No,Yes,2,0
CR-2797,25,Two-Year,74.68,1834.75,0,24,137.7,Credit Card,Yes,Yes,No,2,0
CR-2798,10,Month-to-Month,102.38,1070.3,0,4,193.9,Mailed Check,No,Yes,Yes,4,0
CR-2799,13,One-Year,38.85,533.19,1,21,12.0,Electronic Check,Yes,Yes,No,1,0
CR-2800,24,One-Year,62.15,1511.45,4,0,154.1,Electronic Check,Yes,Yes,No,2,1
CR-2801,32,One-Year,59.6,1898.39,1,44,188.0,Bank Transfer,Yes,Yes,No,1,0
CR-2802,4,Month-to-Month,88.64,379.44,4,26,114.4,Electronic Check,No,Yes,No,2,1
CR-2803,9,Month-to-Month,83.63,665.15,0,4,121.7,Electronic Check,No,Yes,No,3,0
CR-2804,8,Month-to-Month,48.36,400.11,0,16,124.0,Electronic Check,Yes,No,No,1,0
CR-2805,34,One-Year,68.26,2325.64,3,15,121.7,Credit Card,No,Yes,Yes,2,0
CR-2806,41,Two-Year,97.24,3930.25,5,25,160.5,Mailed Check,No,No,No,4,0
CR-2807,54,Two-Year,90.64,4906.75,1,4,170.3,Electronic Check,Yes,No,No,3,0
CR-2808,31,One-Year,71.08,2221.21,0,6,12.0,Electronic Check,Yes,No,Yes,2,0
CR-2809,57,Month-to-Month,46.54,2597.17,2,22,212.2,Electronic Check,No,No,No,1,1
CR-2810,35,One-Year,57.82,1988.1,2,16,136.8,Bank Transfer,Yes,No,Yes,2,0
CR-2811,5,Month-to-Month,63.79,380.88,1,5,314.6,Credit Card,Yes,No,No,3,0
CR-2812,6,One-Year,86.32,512.33,2,20,64.7,Electronic Check,Yes,Yes,No,3,0
CR-2813,7,One-Year,45.13,345.18,1,0,90.6,Bank Transfer,No,No,No,1,0
CR-2814,62,Month-to-Month,53.62,3358.24,1,16,143.8,Electronic Check,No,Yes,No,2,0
CR-2815,58,Two-Year,31.7,1850.42,0,2,193.1,Mailed Check,Yes,No,Yes,1,0
CR-2816,6,Month-to-Month,49.61,328.18,0,3,12.0,Mailed Check,No,No,Yes,1,0
CR-2817,58,One-Year,44.99,2546.03,2,7,93.7,Mailed Check,Yes,No,Yes,2,0
CR-2818,28,One-Year,46.0,1281.08,4,6,207.3,Electronic Check,Yes,No,Yes,1,0
CR-2819,5,Month-to-Month,51.44,164.78,1,8,84.2,Bank Transfer,No,Yes,No,1,0
CR-2820,8,Month-to-Month,84.5,623.62,2,8,269.6,Electronic Check,Yes,Yes,No,3,0
CR-2821,10,Month-to-Month,57.09,554.52,1,4,123.7,Bank Transfer,Yes,No,No,2,0
CR-2822,18,Month-to-Month,66.51,1177.22,0,2,88.1,Electronic Check,Yes,No,Yes,3,1
CR-2823,7,Month-to-Month,66.87,469.33,0,16,208.8,Credit Card,Yes,No,No,2,0
CR-2824,24,One-Year,91.01,2183.62,3,5,288.6,Credit Card,No,Yes,Yes,3,0
CR-2825,25,Two-Year,55.27,1385.76,2,7,193.3,Bank Transfer,Yes,No,No,2,0
CR-2826,3,Month-to-Month,48.07,149.45,1,11,260.8,Credit Card,No,Yes,Yes,1,0
CR-2827,4,Month-to-Month,76.82,317.27,0,26,294.1,Bank Transfer,No,No,No,2,1
CR-2828,43,One-Year,46.39,1966.0,2,13,86.3,Electronic Check,Yes,Yes,No,1,0
CR-2829,11,Month-to-Month,75.03,803.59,0,0,235.1,Bank Transfer,No,No,No,3,0
CR-2830,22,Month-to-Month,71.41,1569.91,0,20,38.1,Mailed Check,No,Yes,Yes,2,0
CR-2831,30,One-Year,35.62,1067.96,1,49,194.0,Bank Transfer,Yes,No,Yes,1,0
CR-2832,16,One-Year,48.02,735.86,2,7,154.3,Bank Transfer,Yes,No,No,2,0
CR-2833,14,One-Year,105.12,1504.13,2,38,259.4,Mailed Check,No,No,No,4,0
CR-2834,4,Month-to-Month,38.94,177.5,0,8,253.8,Bank Transfer,Yes,No,No,1,0
CR-2835,10,Month-to-Month,39.83,372.51,1,6,205.6,Mailed Check,Yes,No,No,1,0
CR-2836,68,Month-to-Month,72.73,4939.39,0,4,183.9,Electronic Check,Yes,Yes,Yes,3,0
CR-2837,27,Month-to-Month,38.27,1093.58,0,11,200.7,Bank Transfer,Yes,Yes,Yes,1,0
CR-2838,3,One-Year,57.03,175.91,4,2,164.9,Electronic Check,Yes,No,Yes,1,1
CR-2839,60,Two-Year,77.62,4669.07,1,1,155.1,Bank Transfer,Yes,No,No,2,0
CR-2840,7,One-Year,78.95,534.38,0,0,275.4,Electronic Check,Yes,Yes,No,2,0
CR-2841,13,Month-to-Month,71.9,925.31,0,3,285.0,Electronic Check,Yes,Yes,No,2,1
CR-2842,24,Two-Year,65.66,1621.18,0,5,148.7,Electronic Check,No,No,No,2,1
CR-2843,24,Month-to-Month,82.68,1987.72,0,8,179.0,Electronic Check,No,No,Yes,4,1
CR-2844,14,Month-to-Month,77.12,1077.55,1,3,166.5,Electronic Check,Yes,No,No,3,1
CR-2845,31,Two-Year,118.57,3675.9,3,45,31.1,Credit Card,Yes,Yes,No,4,0
CR-2846,1,Month-to-Month,56.64,133.0,1,3,133.1,Electronic Check,No,No,No,2,1
CR-2847,7,Month-to-Month,58.14,408.17,0,6,288.0,Bank Transfer,Yes,No,Yes,1,1
CR-2848,6,Month-to-Month,97.55,560.4,0,1,100.0,Electronic Check,No,Yes,Yes,4,0
CR-2849,4,Month-to-Month,18.5,54.34,2,3,329.2,Electronic Check,Yes,No,No,1,0
CR-2850,28,Two-Year,85.4,2414.62,0,0,253.8,Mailed Check,Yes,No,No,3,0
CR-2851,19,Month-to-Month,55.66,1014.69,1,9,192.1,Credit Card,Yes,No,No,1,0
CR-2852,12,One-Year,78.51,955.64,1,15,204.9,Credit Card,No,No,No,3,0
CR-2853,1,Month-to-Month,109.33,109.33,1,2,86.6,Bank Transfer,Yes,No,Yes,4,0
CR-2854,56,Two-Year,44.32,2426.16,1,5,138.8,Electronic Check,No,Yes,Yes,2,0
CR-2855,3,Month-to-Month,29.14,58.02,2,0,275.3,Electronic Check,Yes,Yes,Yes,1,1
CR-2856,58,One-Year,45.05,2613.73,6,20,110.8,Bank Transfer,Yes,Yes,Yes,1,0
CR-2857,49,One-Year,65.77,3264.59,6,16,244.9,Credit Card,Yes,No,Yes,2,0
CR-2858,8,Month-to-Month,56.57,479.96,5,0,49.8,Mailed Check,Yes,Yes,Yes,1,1
CR-2859,36,Two-Year,67.39,2417.23,1,4,64.1,Electronic Check,Yes,No,Yes,2,0
CR-2860,26,Month-to-Month,49.06,1304.73,2,34,312.1,Electronic Check,Yes,Yes,Yes,2,0
CR-2861,59,One-Year,63.13,3713.97,0,5,159.1,Electronic Check,Yes,Yes,Yes,2,0
CR-2862,29,One-Year,67.01,1899.29,4,8,116.9,Credit Card,Yes,No,No,2,0
CR-2863,28,Month-to-Month,42.26,1183.91,1,4,269.0,Electronic Check,No,Yes,No,2,0
CR-2864,56,Two-Year,42.56,2338.18,1,9,259.7,Bank Transfer,No,Yes,Yes,1,0
CR-2865,11,Two-Year,75.64,855.78,2,42,233.7,Mailed Check,Yes,No,Yes,3,0
CR-2866,15,One-Year,72.45,1110.93,1,60,114.4,Credit Card,Yes,No,Yes,3,0
CR-2867,18,Two-Year,47.99,837.42,1,16,137.0,Electronic Check,Yes,Yes,No,1,0
CR-2868,63,Two-Year,31.5,1988.87,0,5,184.9,Electronic Check,Yes,Yes,Yes,1,0
CR-2869,30,Month-to-Month,83.17,2499.18,1,7,215.6,Credit Card,Yes,No,Yes,3,0
CR-2870,23,One-Year,48.59,1143.73,2,4,119.3,Bank Transfer,Yes,No,No,1,0
CR-2871,7,Month-to-Month,53.84,339.53,0,46,173.7,Credit Card,No,Yes,Yes,1,1
CR-2872,1,Month-to-Month,49.77,67.75,2,13,181.4,Electronic Check,No,No,No,2,0
CR-2873,17,Two-Year,27.95,435.65,3,6,262.9,Credit Card,Yes,No,No,1,0
CR-2874,56,One-Year,45.79,2587.56,3,0,220.4,Credit Card,No,No,No,1,0
CR-2875,59,Two-Year,94.14,5586.14,1,8,39.5,Mailed Check,Yes,Yes,No,4,0
CR-2876,2,One-Year,72.03,123.97,3,45,142.9,Electronic Check,Yes,No,Yes,1,1
CR-2877,63,One-Year,101.58,6436.11,2,8,85.7,Electronic Check,No,Yes,No,4,0
CR-2878,15,One-Year,43.58,606.48,0,2,205.4,Electronic Check,Yes,No,Yes,1,0
CR-2879,35,Month-to-Month,77.27,2737.44,1,0,233.9,Mailed Check,No,Yes,No,3,0
CR-2880,32,Two-Year,48.82,1605.39,2,4,168.1,Electronic Check,Yes,Yes,Yes,2,0
CR-2881,54,Two-Year,48.64,2636.93,3,27,138.5,Electronic Check,No,Yes,Yes,1,0
CR-2882,62,Month-to-Month,78.21,4843.15,2,60,165.5,Electronic Check,Yes,Yes,No,3,1
CR-2883,26,Month-to-Month,78.22,2043.09,1,31,176.7,Credit Card,No,No,No,3,0
CR-2884,51,Two-Year,43.94,2222.83,0,14,108.8,Mailed Check,Yes,Yes,Yes,1,0
CR-2885,21,Month-to-Month,81.21,1784.15,2,8,62.5,Credit Card,Yes,No,No,3,0
CR-2886,56,Month-to-Month,43.61,2424.56,4,9,12.0,Bank Transfer,No,No,No,2,1
CR-2887,71,One-Year,87.37,6242.79,0,8,261.4,Mailed Check,No,No,No,3,0
CR-2888,22,Month-to-Month,70.54,1529.64,2,13,199.7,Electronic Check,No,No,No,3,0
CR-2889,6,Month-to-Month,41.62,297.62,1,5,189.0,Credit Card,Yes,No,No,1,0
CR-2890,1,Month-to-Month,55.86,116.23,0,12,261.2,Bank Transfer,Yes,No,No,1,0
CR-2891,61,One-Year,78.79,4817.77,4,1,59.6,Bank Transfer,Yes,No,No,2,0
CR-2892,23,One-Year,80.0,1848.6,0,3,21.1,Electronic Check,Yes,No,No,4,0
CR-2893,5,Month-to-Month,61.3,277.8,2,19,190.7,Electronic Check,No,No,Yes,2,1
CR-2894,44,One-Year,63.73,2771.85,2,25,183.5,Electronic Check,No,No,Yes,2,0
CR-2895,68,One-Year,27.92,1907.5,2,8,21.5,Electronic Check,No,No,No,1,0
CR-2896,25,One-Year,87.03,2219.5,2,0,188.8,Bank Transfer,Yes,Yes,Yes,3,0
CR-2897,26,Month-to-Month,62.16,1599.71,3,28,128.0,Electronic Check,Yes,Yes,No,2,0
CR-2898,45,Month-to-Month,80.94,3708.54,0,13,95.4,Electronic Check,No,Yes,Yes,3,0
CR-2899,3,Month-to-Month,87.82,245.16,1,5,133.3,Credit Card,No,Yes,No,4,1
CR-2900,27,One-Year,47.13,1279.39,1,10,12.0,Mailed Check,No,No,No,1,0
CR-2901,7,One-Year,51.38,366.62,1,6,112.7,Mailed Check,No,Yes,Yes,1,0
CR-2902,70,Two-Year,98.27,6875.85,1,6,103.7,Credit Card,No,No,No,4,0
CR-2903,2,Month-to-Month,37.86,37.86,2,23,204.6,Credit Card,Yes,No,No,1,1
CR-2904,1,Month-to-Month,74.64,74.64,0,1,147.3,Credit Card,No,Yes,No,3,0
CR-2905,22,One-Year,81.2,1792.39,0,1,211.1,Credit Card,Yes,Yes,No,3,0
CR-2906,9,Month-to-Month,61.49,550.53,2,0,12.0,Electronic Check,No,Yes,No,2,0
CR-2907,14,Month-to-Month,52.05,747.79,1,4,92.9,Electronic Check,No,No,No,1,0
CR-2908,5,Month-to-Month,38.2,213.71,3,1,204.5,Electronic Check,Yes,No,Yes,1,1
CR-2909,18,One-Year,48.82,871.56,1,2,135.3,Credit Card,Yes,No,Yes,2,0
CR-2910,48,Two-Year,46.59,2207.45,2,0,227.6,Credit Card,Yes,Yes,Yes,1,0
CR-2911,35,Month-to-Month,56.22,2014.15,4,2,15.6,Bank Transfer,Yes,Yes,No,2,0
CR-2912,22,Month-to-Month,68.84,1473.82,1,4,218.5,Electronic Check,Yes,No,Yes,2,0
CR-2913,34,One-Year,61.08,2058.86,0,0,108.9,Electronic Check,Yes,Yes,No,2,0
CR-2914,27,One-Year,67.55,1798.35,2,10,101.1,Credit Card,Yes,Yes,No,2,1
CR-2915,60,Two-Year,86.86,5233.99,4,9,239.3,Bank Transfer,Yes,Yes,Yes,4,0
CR-2916,12,Month-to-Month,62.43,788.67,1,1,253.0,Bank Transfer,Yes,No,No,2,1
CR-2917,25,One-Year,54.01,1345.04,1,9,242.8,Electronic Check,Yes,Yes,No,2,0
CR-2918,61,Two-Year,84.8,5179.69,2,60,323.1,Bank Transfer,Yes,No,No,4,0
CR-2919,24,Two-Year,52.39,1270.22,1,31,261.3,Mailed Check,Yes,Yes,Yes,2,0
CR-2920,64,Two-Year,91.56,5913.96,2,0,96.4,Mailed Check,Yes,No,Yes,4,0
CR-2921,44,Two-Year,55.45,2386.59,1,17,171.3,Electronic Check,No,Yes,No,1,0
CR-2922,33,One-Year,73.29,2440.9,2,4,131.2,Bank Transfer,Yes,Yes,Yes,3,0
CR-2923,49,Two-Year,48.28,2377.02,1,0,322.3,Electronic Check,No,No,No,2,0
CR-2924,32,Two-Year,80.31,2558.79,1,3,248.4,Bank Transfer,Yes,No,Yes,3,0
CR-2925,7,Month-to-Month,79.29,564.82,1,4,144.9,Bank Transfer,Yes,No,No,3,0
CR-2926,1,Month-to-Month,38.08,60.3,2,8,230.2,Electronic Check,Yes,No,No,1,1
CR-2927,12,Two-Year,59.39,730.17,1,11,61.4,Credit Card,Yes,Yes,No,2,0
CR-2928,5,Month-to-Month,88.76,508.56,2,15,180.0,Bank Transfer,Yes,Yes,Yes,3,0
CR-2929,49,Two-Year,49.71,2439.61,1,3,85.0,Mailed Check,No,No,No,1,0
CR-2930,28,One-Year,84.84,2376.33,2,4,24.9,Electronic Check,No,No,Yes,3,0
CR-2931,26,Month-to-Month,31.16,804.72,1,4,222.8,Electronic Check,No,No,Yes,1,0
CR-2932,15,One-Year,125.0,1891.59,2,4,232.7,Credit Card,No,No,Yes,4,0
CR-2933,10,Month-to-Month,53.51,534.14,0,60,196.6,Credit Card,No,No,No,1,0
CR-2934,47,One-Year,66.17,3110.39,4,16,145.4,Bank Transfer,Yes,Yes,No,2,0
CR-2935,54,One-Year,31.36,1693.97,3,40,58.7,Mailed Check,No,Yes,No,1,0
CR-2936,24,One-Year,52.48,1255.48,2,12,67.1,Bank Transfer,No,No,No,1,0
CR-2937,41,Month-to-Month,55.99,2277.33,0,5,82.5,Bank Transfer,Yes,No,No,2,0
CR-2938,19,Two-Year,59.06,1134.68,0,5,141.3,Mailed Check,No,No,Yes,2,0
CR-2939,63,One-Year,26.19,1641.42,1,7,246.1,Bank Transfer,Yes,No,No,1,0
CR-2940,24,One-Year,66.59,1616.57,1,5,244.8,Electronic Check,Yes,No,No,3,0
CR-2941,31,Two-Year,47.39,1472.41,3,19,28.1,Credit Card,No,No,No,1,1
CR-2942,4,Month-to-Month,89.06,344.64,1,6,104.5,Bank Transfer,No,No,No,3,0
CR-2943,7,Month-to-Month,67.85,521.89,4,3,102.4,Electronic Check,No,No,No,2,1
CR-2944,29,One-Year,67.51,1954.72,5,16,12.0,Electronic Check,No,Yes,Yes,2,0
CR-2945,67,One-Year,42.35,2856.13,1,21,205.3,Bank Transfer,Yes,No,No,1,0
CR-2946,25,Month-to-Month,56.93,1402.25,1,6,140.3,Electronic Check,Yes,No,No,2,0
CR-2947,55,Two-Year,63.89,3453.18,3,12,150.9,Mailed Check,Yes,No,No,2,0
CR-2948,70,Two-Year,51.21,3567.69,3,0,267.7,Electronic Check,No,No,No,1,0
CR-2949,63,Two-Year,43.05,2648.03,3,8,167.1,Electronic Check,Yes,Yes,Yes,1,0
CR-2950,65,One-Year,55.1,3574.39,2,0,125.5,Credit Card,No,No,Yes,1,1
CR-2951,7,Month-to-Month,40.85,330.01,2,0,205.8,Credit Card,Yes,No,No,1,0
CR-2952,8,Month-to-Month,33.2,238.44,2,10,244.7,Credit Card,No,Yes,Yes,1,0
CR-2953,9,Month-to-Month,42.9,322.92,1,3,183.7,Electronic Check,Yes,No,No,1,0
CR-2954,48,Two-Year,62.06,3023.89,1,14,215.1,Credit Card,Yes,No,No,2,0
CR-2955,63,Two-Year,60.18,3777.08,2,24,148.4,Bank Transfer,Yes,No,No,2,0
CR-2956,4,One-Year,73.81,294.77,2,1,153.5,Bank Transfer,Yes,No,Yes,2,0
CR-2957,52,Month-to-Month,51.05,2678.25,1,14,169.0,Credit Card,Yes,Yes,Yes,1,0
CR-2958,7,Month-to-Month,46.69,342.53,3,7,99.8,Electronic Check,No,No,Yes,2,1
CR-2959,38,One-Year,76.34,2923.44,3,1,114.6,Credit Card,Yes,No,Yes,2,0
CR-2960,43,One-Year,33.59,1471.38,4,11,270.2,Bank Transfer,No,No,No,2,0
CR-2961,30,Month-to-Month,100.51,2962.92,1,10,320.6,Mailed Check,No,No,Yes,3,0
CR-2962,6,Two-Year,58.13,306.35,3,7,287.4,Electronic Check,Yes,No,Yes,2,0
CR-2963,72,One-Year,41.1,2994.34,1,28,54.1,Mailed Check,Yes,Yes,No,1,0
CR-2964,58,Two-Year,60.4,3479.75,3,8,46.4,Credit Card,No,No,Yes,2,0
CR-2965,11,Month-to-Month,46.85,495.17,1,51,64.7,Bank Transfer,Yes,No,Yes,1,0
CR-2966,64,Two-Year,97.0,6170.11,1,7,170.8,Bank Transfer,Yes,No,No,4,0
CR-2967,72,Two-Year,77.67,5580.09,2,1,12.0,Mailed Check,Yes,Yes,No,3,0
CR-2968,30,Two-Year,74.09,2212.22,2,6,112.9,Bank Transfer,Yes,No,No,2,0
CR-2969,34,Month-to-Month,102.66,3462.32,1,2,272.6,Bank Transfer,Yes,Yes,No,4,0
CR-2970,11,Month-to-Month,51.41,533.92,0,10,238.6,Credit Card,Yes,No,No,2,1
CR-2971,9,One-Year,68.41,625.25,0,12,119.3,Electronic Check,Yes,No,Yes,2,0
CR-2972,3,Month-to-Month,48.24,120.49,3,6,125.3,Electronic Check,Yes,Yes,Yes,1,1
CR-2973,51,Month-to-Month,55.55,2814.86,0,1,205.4,Credit Card,Yes,No,No,2,0
CR-2974,52,One-Year,86.92,4454.25,1,6,234.8,Electronic Check,Yes,No,No,3,0
CR-2975,10,One-Year,77.42,832.35,1,0,117.3,Credit Card,Yes,No,No,3,0
CR-2976,26,One-Year,58.78,1556.53,3,12,141.3,Bank Transfer,Yes,No,No,2,0
CR-2977,3,Month-to-Month,58.51,160.69,1,17,114.7,Bank Transfer,Yes,No,Yes,2,1
CR-2978,5,Month-to-Month,36.72,156.63,2,36,53.5,Electronic Check,No,Yes,Yes,2,1
CR-2979,2,Month-to-Month,73.73,147.79,1,1,142.4,Credit Card,Yes,Yes,Yes,3,0
CR-2980,1,One-Year,68.13,68.13,1,8,136.3,Credit Card,No,No,Yes,2,0
CR-2981,27,Month-to-Month,60.78,1602.78,2,9,59.1,Bank Transfer,Yes,No,No,2,0
CR-2982,21,One-Year,48.15,934.63,3,28,211.7,Bank Transfer,No,Yes,Yes,2,0
CR-2983,4,One-Year,88.65,338.82,2,10,198.7,Electronic Check,Yes,Yes,Yes,3,0
CR-2984,27,Month-to-Month,76.01,2005.37,0,1,215.7,Credit Card,No,No,No,3,1
CR-2985,1,Month-to-Month,30.78,35.92,1,6,98.6,Bank Transfer,Yes,No,No,1,0
CR-2986,51,Month-to-Month,65.06,3323.4,1,11,12.0,Electronic Check,Yes,Yes,Yes,1,0
CR-2987,24,One-Year,68.47,1614.08,1,13,197.4,Credit Card,Yes,No,No,3,0
CR-2988,38,One-Year,87.79,3319.98,2,21,106.9,Mailed Check,Yes,Yes,No,3,0
CR-2989,32,One-Year,53.31,1758.81,1,2,88.7,Electronic Check,No,Yes,Yes,2,0
CR-2990,13,Month-to-Month,62.36,833.93,0,33,59.4,Credit Card,No,Yes,No,2,1
CR-2991,21,One-Year,87.98,1834.01,1,0,138.0,Credit Card,Yes,No,Yes,4,0
CR-2992,62,Two-Year,84.61,5314.58,4,45,286.2,Mailed Check,Yes,No,No,4,0
CR-2993,29,Month-to-Month,84.22,2406.47,2,21,119.6,Electronic Check,Yes,Yes,Yes,3,1
CR-2994,37,Two-Year,47.05,1716.47,0,11,72.8,Electronic Check,Yes,Yes,No,1,0
CR-2995,11,Month-to-Month,90.45,991.63,2,14,212.2,Mailed Check,Yes,No,No,3,0
CR-2996,63,Two-Year,42.66,2641.65,0,0,173.8,Electronic Check,Yes,No,No,1,0
CR-2997,9,Month-to-Month,101.2,964.51,4,0,12.0,Bank Transfer,No,No,No,3,1
CR-2998,11,Month-to-Month,45.68,507.97,2,1,213.0,Bank Transfer,Yes,No,No,1,0
CR-2999,35,Month-to-Month,66.67,2309.75,1,1,330.3,Bank Transfer,No,Yes,Yes,2,0
CR-3000,18,One-Year,47.42,866.99,1,8,12.0,Electronic Check,No,No,No,2,0
CR-3001,8,Month-to-Month,72.86,587.26,2,2,61.1,Mailed Check,Yes,Yes,Yes,3,0
CR-3002,16,One-Year,66.2,1050.06,2,21,12.0,Electronic Check,Yes,No,No,2,0
CR-3003,7,Month-to-Month,42.16,258.86,3,6,154.0,Credit Card,No,Yes,No,1,0
CR-3004,8,One-Year,80.88,603.95,0,13,239.2,Bank Transfer,Yes,Yes,Yes,3,0
CR-3005,26,Two-Year,52.84,1439.44,2,11,168.4,Electronic Check,Yes,No,Yes,2,0
CR-3006,10,Month-to-Month,62.22,581.62,2,4,271.4,Electronic Check,No,Yes,No,2,1
CR-3007,13,One-Year,98.19,1327.41,2,3,226.4,Mailed Check,Yes,Yes,Yes,4,0
CR-3008,66,Month-to-Month,49.2,3221.86,0,4,296.2,Bank Transfer,No,No,Yes,2,0
CR-3009,7,Month-to-Month,85.43,621.71,3,17,252.8,Bank Transfer,Yes,No,No,3,1
CR-3010,3,Month-to-Month,44.0,145.96,2,9,127.8,Credit Card,No,No,Yes,2,0
CR-3011,7,Month-to-Month,80.84,585.84,0,3,165.3,Electronic Check,No,No,Yes,3,0
CR-3012,42,Two-Year,96.66,4081.68,5,18,90.5,Credit Card,Yes,No,No,3,0
CR-3013,65,One-Year,67.81,4359.3,3,0,141.5,Electronic Check,No,No,Yes,2,0
CR-3014,42,One-Year,103.74,4336.79,0,13,164.9,Credit Card,No,Yes,No,4,0
CR-3015,69,Month-to-Month,52.03,3549.03,2,6,153.2,Electronic Check,Yes,Yes,No,2,0
CR-3016,39,Two-Year,96.69,3776.59,2,14,267.4,Credit Card,No,No,No,3,0
CR-3017,33,One-Year,92.77,3021.71,2,28,133.6,Credit Card,Yes,Yes,Yes,3,0
CR-3018,33,One-Year,52.56,1675.05,4,15,85.4,Bank Transfer,No,Yes,No,2,0
CR-3019,16,Month-to-Month,56.25,892.88,0,6,90.4,Electronic Check,Yes,No,Yes,2,0
CR-3020,29,Month-to-Month,109.55,3110.68,0,1,212.4,Electronic Check,Yes,No,No,4,1
CR-3021,25,Month-to-Month,60.96,1531.76,1,18,47.7,Mailed Check,Yes,Yes,Yes,1,0
CR-3022,61,Month-to-Month,48.35,2911.62,3,6,143.9,Electronic Check,Yes,No,No,2,0
CR-3023,6,Month-to-Month,50.96,280.54,2,0,266.2,Bank Transfer,No,Yes,Yes,2,0
CR-3024,8,One-Year,41.56,264.07,2,13,183.4,Electronic Check,Yes,No,No,1,0
CR-3025,9,One-Year,57.29,565.11,1,3,154.0,Mailed Check,Yes,Yes,Yes,3,0
CR-3026,71,Two-Year,43.19,3022.6,1,0,157.1,Bank Transfer,Yes,Yes,No,1,0
CR-3027,23,One-Year,54.86,1250.86,0,25,77.6,Electronic Check,Yes,Yes,Yes,1,0
CR-3028,1,Month-to-Month,64.61,64.61,1,7,91.4,Credit Card,Yes,No,No,3,0
CR-3029,57,Two-Year,44.27,2498.32,1,3,144.4,Mailed Check,Yes,Yes,No,1,0
CR-3030,1,Month-to-Month,55.18,107.73,2,13,181.7,Bank Transfer,No,No,Yes,2,0
CR-3031,40,Two-Year,95.4,3824.92,2,23,235.9,Bank Transfer,Yes,Yes,Yes,3,0
CR-3032,35,One-Year,73.3,2543.79,3,0,167.4,Electronic Check,No,Yes,Yes,3,0
CR-3033,40,One-Year,94.19,3766.57,2,12,268.2,Electronic Check,No,No,No,3,0
CR-3034,11,One-Year,37.03,390.51,1,16,288.4,Electronic Check,Yes,No,Yes,1,0
CR-3035,66,Month-to-Month,50.71,3344.09,1,2,223.6,Bank Transfer,No,No,No,1,0
CR-3036,10,Month-to-Month,63.52,657.52,3,7,258.0,Credit Card,Yes,No,Yes,2,0
CR-3037,8,Month-to-Month,41.62,323.03,3,1,80.7,Credit Card,Yes,Yes,No,1,1
CR-3038,63,One-Year,53.09,3351.27,2,15,68.1,Credit Card,Yes,Yes,No,2,0
CR-3039,33,One-Year,64.23,2126.68,2,20,201.4,Electronic Check,Yes,No,No,2,0
CR-3040,33,One-Year,56.59,1857.69,3,1,52.7,Credit Card,Yes,No,No,2,0
CR-3041,55,Two-Year,36.1,1963.42,1,18,136.8,Bank Transfer,No,No,No,1,0
CR-3042,2,Month-to-Month,75.73,135.7,2,16,221.7,Bank Transfer,No,No,Yes,2,0
CR-3043,65,Two-Year,66.48,4342.18,2,4,273.1,Bank Transfer,No,Yes,No,2,0
CR-3044,23,Month-to-Month,49.44,1160.59,1,12,139.7,Electronic Check,Yes,No,No,1,1
CR-3045,10,Month-to-Month,57.08,536.67,1,0,108.0,Electronic Check,Yes,Yes,No,2,0
CR-3046,24,Month-to-Month,59.14,1411.53,3,29,185.6,Bank Transfer,No,No,No,2,0
CR-3047,67,Month-to-Month,76.51,5103.58,2,8,74.1,Electronic Check,Yes,Yes,Yes,3,0
CR-3048,15,Month-to-Month,82.37,1259.55,1,10,146.1,Bank Transfer,Yes,Yes,No,3,0
CR-3049,41,Two-Year,85.42,3488.08,2,12,159.4,Electronic Check,Yes,No,No,3,0
CR-3050,46,One-Year,60.7,2858.23,2,9,157.8,Mailed Check,Yes,Yes,Yes,2,0
CR-3051,23,Month-to-Month,35.07,813.15,4,21,167.1,Mailed Check,No,No,No,1,1
CR-3052,9,Month-to-Month,50.61,490.95,1,10,93.2,Mailed Check,No,No,Yes,1,0
CR-3053,1,Month-to-Month,79.33,79.33,0,26,101.8,Mailed Check,Yes,No,No,3,1
CR-3054,3,One-Year,28.59,86.12,1,9,100.2,Mailed Check,No,No,No,1,0
CR-3055,22,Month-to-Month,39.65,890.79,0,2,30.4,Credit Card,No,Yes,No,2,0
CR-3056,43,Month-to-Month,45.98,1946.14,1,26,187.3,Mailed Check,No,Yes,No,1,0
CR-3057,5,Month-to-Month,34.71,174.16,0,12,231.6,Credit Card,Yes,No,Yes,1,1
CR-3058,46,Month-to-Month,83.31,3863.82,0,13,223.7,Credit Card,Yes,Yes,No,3,0
CR-3059,29,Month-to-Month,35.24,1012.14,0,46,139.0,Electronic Check,Yes,No,No,1,1
CR-3060,32,One-Year,62.33,1969.01,3,0,95.1,Credit Card,No,No,No,2,0
CR-3061,38,One-Year,39.22,1544.45,0,6,219.5,Mailed Check,No,Yes,Yes,1,0
CR-3062,65,Two-Year,78.52,5068.65,0,3,211.1,Bank Transfer,Yes,No,No,2,0
CR-3063,35,Month-to-Month,88.5,3102.18,1,10,177.4,Electronic Check,Yes,No,Yes,3,0
CR-3064,59,Two-Year,74.47,4372.48,2,18,299.5,Bank Transfer,No,No,Yes,2,0
CR-3065,34,Two-Year,79.24,2666.05,0,37,157.9,Credit Card,Yes,Yes,No,3,0
CR-3066,21,One-Year,51.22,1097.87,2,6,139.4,Credit Card,Yes,No,No,1,0
CR-3067,9,Month-to-Month,61.92,551.11,4,16,128.0,Bank Transfer,Yes,Yes,No,2,0
CR-3068,9,Month-to-Month,93.7,855.48,1,27,35.1,Electronic Check,Yes,No,No,3,1
CR-3069,71,One-Year,96.27,6767.52,2,12,212.9,Mailed Check,Yes,Yes,No,4,0
CR-3070,14,One-Year,29.03,421.51,1,3,151.6,Credit Card,Yes,No,Yes,1,0
CR-3071,40,One-Year,23.01,898.78,2,10,200.8,Electronic Check,No,Yes,Yes,1,0
CR-3072,23,Two-Year,59.68,1316.27,0,38,307.4,Credit Card,No,Yes,No,1,0
CR-3073,11,One-Year,47.79,582.23,4,48,128.7,Electronic Check,Yes,No,Yes,1,1
CR-3074,9,Month-to-Month,48.44,453.99,1,11,12.0,Electronic Check,Yes,Yes,No,1,1
CR-3075,20,One-Year,75.9,1524.82,0,23,198.5,Credit Card,Yes,No,Yes,2,0
CR-3076,61,Month-to-Month,44.48,2750.76,1,2,173.3,Credit Card,Yes,No,Yes,2,0
CR-3077,10,Month-to-Month,93.41,941.53,1,3,101.4,Bank Transfer,No,Yes,No,4,0
CR-3078,9,Month-to-Month,40.64,341.8,1,33,191.8,Electronic Check,Yes,Yes,No,1,1
CR-3079,13,Month-to-Month,104.42,1352.21,1,1,222.9,Electronic Check,Yes,No,Yes,4,0
CR-3080,9,One-Year,72.07,628.28,0,2,84.3,Mailed Check,No,No,Yes,3,0
CR-3081,5,Month-to-Month,66.99,319.94,2,6,135.9,Mailed Check,No,Yes,No,3,0
CR-3082,18,One-Year,84.9,1490.47,4,9,278.1,Bank Transfer,Yes,Yes,No,4,1
CR-3083,2,Month-to-Month,90.49,151.88,3,10,102.3,Electronic Check,Yes,Yes,No,3,1
CR-3084,9,Month-to-Month,71.57,670.97,2,3,165.3,Electronic Check,Yes,No,Yes,3,0
CR-3085,19,Month-to-Month,55.48,1064.08,1,27,12.0,Mailed Check,Yes,No,No,2,0
CR-3086,18,Two-Year,67.34,1197.03,3,27,41.5,Electronic Check,Yes,Yes,Yes,2,0
CR-3087,1,Month-to-Month,90.01,90.01,0,5,172.6,Bank Transfer,No,Yes,Yes,4,0
CR-3088,6,Month-to-Month,43.95,251.54,0,6,258.2,Credit Card,Yes,No,Yes,2,0
CR-3089,41,Month-to-Month,27.18,1063.86,2,13,51.0,Electronic Check,No,Yes,Yes,1,0
CR-3090,6,Month-to-Month,78.43,474.38,2,11,166.0,Electronic Check,No,No,No,3,0
CR-3091,26,One-Year,65.97,1743.58,2,5,129.9,Electronic Check,Yes,Yes,No,2,0
CR-3092,34,One-Year,76.98,2688.33,3,5,236.2,Credit Card,Yes,No,No,3,0
CR-3093,29,One-Year,47.3,1338.6,4,4,62.6,Credit Card,Yes,No,No,1,0
CR-3094,13,One-Year,44.87,610.42,2,2,194.4,Bank Transfer,Yes,No,Yes,2,0
CR-3095,52,Month-to-Month,27.55,1411.38,0,6,107.7,Electronic Check,Yes,No,Yes,1,0
CR-3096,2,Month-to-Month,119.54,205.23,0,12,177.8,Bank Transfer,Yes,No,Yes,4,1
CR-3097,7,Month-to-Month,55.33,353.44,1,14,165.5,Electronic Check,No,No,No,1,1
CR-3098,33,One-Year,86.69,2864.99,2,16,139.9,Electronic Check,Yes,Yes,No,3,0
CR-3099,69,Two-Year,36.4,2483.68,0,5,198.2,Bank Transfer,Yes,No,No,1,0
CR-3100,24,Month-to-Month,40.62,956.67,0,15,163.5,Mailed Check,No,No,No,1,0
CR-3101,18,One-Year,42.98,760.43,0,0,149.4,Credit Card,No,No,Yes,1,0
CR-3102,28,One-Year,74.14,2053.72,1,7,131.5,Credit Card,No,Yes,Yes,2,0
CR-3103,2,Month-to-Month,65.03,105.68,1,17,166.2,Credit Card,No,Yes,No,2,0
CR-3104,57,One-Year,48.26,2677.95,0,10,177.8,Mailed Check,Yes,No,No,1,0
CR-3105,46,Month-to-Month,59.32,2731.33,0,7,80.9,Credit Card,No,No,Yes,2,0
CR-3106,1,Month-to-Month,50.93,52.96,4,11,132.0,Bank Transfer,Yes,Yes,Yes,1,1
CR-3107,27,Month-to-Month,82.02,2190.62,1,26,75.6,Electronic Check,No,No,No,3,0
CR-3108,5,Month-to-Month,43.44,228.01,1,9,156.8,Electronic Check,Yes,No,Yes,1,1
CR-3109,7,Month-to-Month,53.57,416.9,1,17,112.6,Bank Transfer,No,Yes,No,2,0
CR-3110,3,Month-to-Month,59.86,180.29,1,43,221.7,Mailed Check,No,No,No,2,1
CR-3111,21,Month-to-Month,86.2,1850.11,2,13,213.8,Bank Transfer,Yes,No,No,4,0
CR-3112,68,Two-Year,78.6,5411.94,1,9,86.2,Electronic Check,No,Yes,No,3,0
CR-3113,38,One-Year,79.89,3111.74,2,0,159.8,Credit Card,No,Yes,No,3,0
CR-3114,31,Month-to-Month,18.95,551.8,3,5,211.1,Bank Transfer,Yes,Yes,Yes,1,0
CR-3115,5,Month-to-Month,76.7,348.01,2,9,146.0,Mailed Check,Yes,No,No,3,1
CR-3116,58,Month-to-Month,67.24,3886.59,1,17,101.7,Electronic Check,No,No,Yes,3,0
CR-3117,26,One-Year,101.99,2655.6,0,6,72.6,Credit Card,No,No,No,4,0
CR-3118,2,Month-to-Month,67.37,182.34,3,35,228.3,Credit Card,Yes,No,No,2,1
CR-3119,11,One-Year,92.74,1038.96,1,3,232.2,Mailed Check,Yes,No,No,4,0
CR-3120,32,Two-Year,66.49,2091.58,3,15,143.4,Bank Transfer,No,Yes,No,2,0
CR-3121,15,One-Year,66.91,985.3,3,5,221.3,Credit Card,Yes,Yes,No,2,0
CR-3122,26,One-Year,58.7,1524.94,1,7,12.0,Electronic Check,Yes,Yes,No,2,0
CR-3123,32,One-Year,76.34,2398.21,1,17,266.2,Electronic Check,Yes,No,Yes,2,0
CR-3124,10,Month-to-Month,53.75,537.91,0,3,147.4,Electronic Check,Yes,Yes,Yes,2,0
CR-3125,24,One-Year,75.71,1781.39,0,1,171.3,Bank Transfer,No,No,No,2,0
CR-3126,56,Month-to-Month,76.75,4248.48,1,8,134.4,Bank Transfer,Yes,Yes,Yes,3,0
CR-3127,1,Month-to-Month,52.57,52.57,1,8,271.7,Electronic Check,Yes,No,No,2,1
CR-3128,10,Month-to-Month,57.48,587.13,1,17,75.1,Bank Transfer,Yes,Yes,No,2,0
CR-3129,16,One-Year,32.01,524.28,2,37,278.0,Bank Transfer,Yes,Yes,No,1,0
CR-3130,5,One-Year,104.85,527.15,1,0,191.7,Bank Transfer,No,Yes,No,4,0
CR-3131,10,Month-to-Month,44.97,479.45,2,9,209.8,Electronic Check,Yes,No,No,2,0
CR-3132,9,One-Year,56.9,538.67,1,12,133.7,Mailed Check,No,No,No,1,0
CR-3133,27,Month-to-Month,69.64,1886.41,2,46,55.3,Bank Transfer,No,No,No,3,1
CR-3134,5,Month-to-Month,51.37,258.84,1,31,234.4,Electronic Check,Yes,Yes,No,1,1
CR-3135,3,Month-to-Month,43.24,133.61,1,13,184.9,Credit Card,No,No,No,1,0
CR-3136,20,One-Year,63.71,1269.77,1,8,268.9,Electronic Check,Yes,No,No,2,0
CR-3137,71,One-Year,55.1,3846.87,1,1,144.5,Bank Transfer,No,Yes,Yes,2,0
CR-3138,32,One-Year,46.53,1523.02,1,5,126.5,Electronic Check,Yes,No,No,1,0
CR-3139,14,One-Year,62.35,884.83,1,9,271.0,Mailed Check,Yes,No,Yes,2,0
CR-3140,39,One-Year,82.42,3177.89,2,14,313.0,Mailed Check,No,Yes,Yes,4,0
CR-3141,59,One-Year,33.37,2011.66,2,11,160.7,Electronic Check,Yes,Yes,No,1,0
CR-3142,61,Two-Year,37.59,2275.29,1,13,99.8,Electronic Check,Yes,Yes,Yes,1,0
CR-3143,6,Month-to-Month,89.45,533.47,0,6,224.8,Electronic Check,Yes,No,No,4,0
CR-3144,9,Month-to-Month,73.53,692.48,3,14,139.7,Bank Transfer,Yes,Yes,No,2,1
CR-3145,38,One-Year,61.07,2327.26,2,1,207.9,Electronic Check,Yes,Yes,No,2,0
CR-3146,2,One-Year,35.21,110.48,3,1,139.3,Credit Card,Yes,No,No,1,1
CR-3147,8,Month-to-Month,56.09,438.16,0,1,285.1,Bank Transfer,No,Yes,Yes,2,0
CR-3148,4,Month-to-Month,55.96,274.58,3,24,104.0,Bank Transfer,Yes,Yes,No,2,1
CR-3149,36,One-Year,94.12,3364.99,2,0,198.4,Bank Transfer,Yes,Yes,Yes,4,0
CR-3150,5,One-Year,50.25,290.78,2,17,120.9,Mailed Check,Yes,No,No,2,0
CR-3151,64,Month-to-Month,52.86,3315.09,1,2,137.5,Electronic Check,Yes,Yes,No,2,0
CR-3152,31,Two-Year,104.67,3211.76,2,6,127.0,Credit Card,Yes,Yes,Yes,4,0
CR-3153,28,Month-to-Month,98.85,2776.74,3,27,219.1,Credit Card,No,Yes,No,4,1
CR-3154,44,Two-Year,41.48,1813.11,1,9,233.5,Credit Card,Yes,Yes,Yes,1,0
CR-3155,67,One-Year,79.03,5292.77,0,2,204.6,Bank Transfer,No,No,Yes,3,0
CR-3156,19,One-Year,60.54,1151.51,1,3,151.4,Electronic Check,Yes,No,Yes,2,0
CR-3157,55,Two-Year,58.91,3204.32,4,27,171.2,Credit Card,Yes,No,Yes,2,0
CR-3158,43,One-Year,66.17,2811.83,5,6,231.8,Credit Card,Yes,Yes,No,2,0
CR-3159,7,Month-to-Month,65.43,464.97,3,9,234.3,Electronic Check,No,Yes,Yes,2,1
CR-3160,3,Month-to-Month,27.28,61.85,2,6,12.0,Bank Transfer,Yes,Yes,No,1,0
CR-3161,6,Month-to-Month,59.68,398.31,1,5,138.2,Electronic Check,No,Yes,No,2,0
CR-3162,6,Month-to-Month,45.94,269.88,1,2,142.1,Bank Transfer,No,No,No,2,0
CR-3163,54,Two-Year,49.36,2687.0,2,12,213.5,Credit Card,No,No,No,1,0
CR-3164,29,Month-to-Month,68.68,2005.01,1,13,154.7,Credit Card,Yes,Yes,No,2,0
CR-3165,52,Month-to-Month,90.89,4708.25,0,3,217.5,Electronic Check,Yes,Yes,No,4,0
CR-3166,4,Month-to-Month,77.83,251.91,0,17,73.7,Electronic Check,Yes,Yes,Yes,3,0
CR-3167,9,Month-to-Month,39.89,394.56,2,21,180.8,Credit Card,Yes,No,No,2,0
CR-3168,18,One-Year,106.73,1891.77,0,27,232.0,Electronic Check,Yes,No,Yes,4,0
CR-3169,33,Month-to-Month,68.1,2235.19,2,1,42.0,Electronic Check,Yes,No,No,2,0
CR-3170,13,Month-to-Month,54.5,703.97,2,3,361.1,Bank Transfer,No,No,No,1,0
CR-3171,30,Two-Year,75.87,2274.57,1,21,255.3,Electronic Check,No,Yes,No,2,0
CR-3172,48,One-Year,30.76,1505.34,0,2,160.1,Credit Card,Yes,No,Yes,1,0
CR-3173,8,One-Year,87.88,703.21,0,0,93.7,Electronic Check,Yes,Yes,Yes,3,0
CR-3174,3,One-Year,111.79,331.55,2,22,146.0,Bank Transfer,No,Yes,No,4,0
CR-3175,29,One-Year,46.05,1366.0,2,4,166.7,Electronic Check,Yes,No,No,2,0
CR-3176,16,Month-to-Month,59.29,966.66,0,5,195.3,Credit Card,No,Yes,No,2,0
CR-3177,53,Two-Year,57.37,3018.54,2,6,280.1,Bank Transfer,No,Yes,No,2,0
CR-3178,40,Two-Year,51.55,2027.59,1,20,121.9,Credit Card,Yes,No,No,1,0
CR-3179,68,Two-Year,55.06,3719.37,1,4,205.0,Bank Transfer,No,No,No,3,0
CR-3180,43,One-Year,79.16,3402.4,2,24,56.6,Electronic Check,No,Yes,Yes,2,0
CR-3181,35,Month-to-Month,41.87,1428.07,2,10,126.9,Electronic Check,No,No,No,1,1
CR-3182,10,Month-to-Month,88.16,884.32,1,8,190.1,Mailed Check,Yes,No,No,3,0
CR-3183,39,Two-Year,42.4,1649.72,1,4,215.3,Bank Transfer,No,Yes,No,1,0
CR-3184,50,Two-Year,101.92,5019.72,2,3,99.7,Bank Transfer,Yes,No,No,4,0
CR-3185,69,One-Year,37.79,2565.32,0,10,124.7,Mailed Check,No,No,Yes,2,0
CR-3186,55,One-Year,57.15,3056.68,3,6,276.8,Electronic Check,Yes,No,No,2,0
CR-3187,31,Month-to-Month,51.48,1585.56,3,26,253.0,Credit Card,Yes,No,No,1,0
CR-3188,2,Month-to-Month,63.89,160.0,1,7,176.7,Electronic Check,No,Yes,No,2,0
CR-3189,1,One-Year,62.63,62.63,4,7,12.0,Electronic Check,Yes,No,Yes,3,1
CR-3190,4,Month-to-Month,61.61,206.77,0,5,360.9,Electronic Check,Yes,Yes,No,2,1
CR-3191,26,Month-to-Month,88.81,2304.15,0,17,158.4,Credit Card,Yes,No,Yes,4,0
CR-3192,58,Month-to-Month,51.95,2981.19,3,6,135.0,Electronic Check,Yes,Yes,No,2,1
CR-3193,39,Two-Year,81.79,3157.75,3,3,118.2,Electronic Check,Yes,No,No,4,0
CR-3194,63,Two-Year,103.19,6517.22,1,21,190.1,Electronic Check,Yes,Yes,No,4,0
CR-3195,11,One-Year,72.13,778.58,2,9,190.9,Electronic Check,Yes,No,No,2,0
CR-3196,11,Month-to-Month,82.2,859.6,4,9,236.1,Mailed Check,Yes,Yes,No,2,1
CR-3197,47,Two-Year,64.26,2957.59,0,10,85.9,Bank Transfer,Yes,Yes,Yes,3,0
CR-3198,9,Month-to-Month,50.67,522.28,1,13,135.0,Mailed Check,Yes,No,No,1,0
CR-3199,56,Two-Year,87.33,4924.33,1,4,322.4,Credit Card,Yes,Yes,Yes,3,0
CR-3200,8,Month-to-Month,55.19,427.97,0,0,178.0,Credit Card,Yes,No,No,2,0
CR-3201,48,Two-Year,69.82,3354.0,1,18,146.2,Electronic Check,No,No,No,3,0
CR-3202,12,One-Year,32.14,371.02,4,1,84.7,Electronic Check,Yes,No,No,1,1
CR-3203,47,Two-Year,73.73,3480.62,4,14,200.5,Bank Transfer,Yes,No,No,3,0
CR-3204,33,One-Year,63.03,2054.36,2,0,242.5,Bank Transfer,No,Yes,No,2,0
CR-3205,33,Month-to-Month,92.6,3039.5,0,5,230.0,Bank Transfer,Yes,No,Yes,3,0
CR-3206,56,Month-to-Month,72.05,4048.46,1,0,139.3,Electronic Check,Yes,Yes,Yes,2,0
CR-3207,35,Two-Year,26.85,983.37,0,8,188.9,Mailed Check,Yes,No,Yes,1,0
CR-3208,7,Month-to-Month,89.11,646.01,0,11,293.7,Electronic Check,Yes,No,No,4,0
CR-3209,36,Month-to-Month,92.0,3349.02,1,2,245.7,Electronic Check,Yes,No,No,3,0
CR-3210,5,Month-to-Month,89.69,439.08,2,5,97.3,Credit Card,No,No,Yes,4,0
CR-3211,26,One-Year,60.43,1552.49,2,29,12.0,Electronic Check,Yes,No,No,2,0
CR-3212,11,Month-to-Month,43.95,425.3,5,6,183.7,Electronic Check,Yes,No,No,2,1
CR-3213,29,Month-to-Month,72.53,2105.54,5,17,223.9,Electronic Check,No,No,No,2,1
CR-3214,33,Month-to-Month,41.87,1393.08,3,28,72.9,Electronic Check,No,Yes,No,2,1
CR-3215,54,One-Year,26.57,1425.78,2,40,159.3,Electronic Check,Yes,Yes,No,1,0
CR-3216,17,Two-Year,53.51,886.37,3,25,138.9,Electronic Check,Yes,Yes,No,1,1
CR-3217,28,Two-Year,116.2,3290.9,1,4,168.3,Bank Transfer,No,Yes,No,4,0
CR-3218,67,Two-Year,58.09,3910.98,1,36,116.4,Bank Transfer,Yes,No,Yes,2,0
CR-3219,21,Month-to-Month,96.53,2066.51,3,18,263.2,Bank Transfer,No,Yes,Yes,4,0
CR-3220,37,Two-Year,52.08,1898.35,2,19,171.8,Bank Transfer,Yes,No,Yes,1,0
CR-3221,24,One-Year,99.89,2376.11,0,0,89.7,Electronic Check,Yes,No,Yes,4,0
CR-3222,3,Month-to-Month,57.27,207.91,0,33,233.4,Electronic Check,Yes,No,No,2,1
CR-3223,21,Two-Year,74.15,1555.73,1,16,58.9,Credit Card,No,No,Yes,3,0
CR-3224,1,One-Year,45.33,45.33,1,16,262.8,Bank Transfer,No,Yes,No,2,0
CR-3225,20,One-Year,99.33,1971.61,3,0,239.3,Electronic Check,Yes,No,No,4,0
CR-3226,43,Two-Year,60.08,2583.11,1,2,271.2,Mailed Check,Yes,No,No,2,0
CR-3227,45,One-Year,56.62,2577.99,2,36,147.3,Credit Card,Yes,No,No,2,0
CR-3228,20,Month-to-Month,32.98,654.78,2,7,120.3,Electronic Check,No,No,No,1,0
CR-3229,16,One-Year,51.99,855.56,3,5,166.7,Mailed Check,Yes,Yes,Yes,2,0
CR-3230,20,Month-to-Month,85.18,1717.62,1,20,153.2,Electronic Check,Yes,Yes,No,3,0
CR-3231,31,One-Year,51.82,1580.07,1,1,107.8,Mailed Check,No,No,Yes,1,0
CR-3232,8,One-Year,75.73,579.47,0,5,115.7,Electronic Check,Yes,No,No,3,0
CR-3233,10,One-Year,38.68,373.29,2,5,130.7,Electronic Check,Yes,Yes,No,1,0
CR-3234,33,One-Year,88.46,2879.07,0,4,66.4,Credit Card,Yes,No,No,4,0
CR-3235,58,Two-Year,106.37,6154.04,3,4,214.2,Electronic Check,Yes,Yes,Yes,4,0
CR-3236,29,One-Year,61.31,1823.39,1,2,155.8,Electronic Check,No,No,No,2,0
CR-3237,1,Month-to-Month,46.68,46.68,0,2,135.3,Credit Card,Yes,No,Yes,1,1
CR-3238,29,Month-to-Month,64.58,1849.83,3,11,71.2,Electronic Check,No,Yes,No,2,0
CR-3239,22,Month-to-Month,39.92,935.71,3,27,67.2,Mailed Check,Yes,No,No,1,1
CR-3240,38,One-Year,49.35,1847.38,2,7,314.9,Bank Transfer,Yes,Yes,No,2,0
CR-3241,6,Month-to-Month,33.04,169.38,0,3,109.8,Credit Card,No,No,No,1,1
CR-3242,20,Month-to-Month,72.28,1482.48,0,1,208.8,Bank Transfer,No,Yes,Yes,2,0
CR-3243,26,Month-to-Month,35.74,949.08,1,19,173.0,Bank Transfer,No,Yes,No,1,1
CR-3244,38,One-Year,38.9,1474.3,2,39,12.0,Electronic Check,Yes,Yes,No,1,1
CR-3245,3,One-Year,31.66,119.94,1,4,303.4,Credit Card,Yes,Yes,No,1,0
CR-3246,29,Month-to-Month,48.84,1425.38,2,3,214.7,Electronic Check,No,No,No,2,0
CR-3247,57,Two-Year,53.31,3003.08,0,10,98.6,Electronic Check,Yes,No,Yes,2,0
CR-3248,59,Two-Year,59.88,3460.99,4,16,157.7,Electronic Check,No,Yes,No,1,0
CR-3249,12,Month-to-Month,67.58,793.94,2,6,68.1,Electronic Check,Yes,No,No,2,1
CR-3250,11,One-Year,73.73,843.58,3,10,306.1,Electronic Check,Yes,No,No,3,0
CR-3251,64,Two-Year,53.83,3432.27,1,13,87.4,Credit Card,Yes,No,Yes,1,0
CR-3252,8,Month-to-Month,77.48,633.64,1,35,118.2,Electronic Check,Yes,No,No,3,1
CR-3253,11,One-Year,74.54,825.47,2,1,101.6,Electronic Check,No,No,No,2,0
CR-3254,40,One-Year,65.12,2553.99,2,60,166.4,Mailed Check,No,Yes,Yes,1,0
CR-3255,25,One-Year,71.28,1769.81,3,5,269.6,Bank Transfer,Yes,Yes,No,2,0
CR-3256,9,Month-to-Month,61.95,568.32,0,14,303.1,Mailed Check,Yes,No,No,2,0
CR-3257,52,Two-Year,85.99,4447.87,1,9,128.1,Mailed Check,Yes,Yes,No,3,0
CR-3258,3,Month-to-Month,43.15,118.57,2,7,190.3,Electronic Check,No,No,No,1,1
CR-3259,14,One-Year,78.64,1112.71,1,13,166.6,Mailed Check,Yes,No,No,4,0
CR-3260,32,Month-to-Month,54.45,1744.58,2,5,81.5,Electronic Check,Yes,Yes,No,2,0
CR-3261,60,Two-Year,51.48,3120.21,2,1,353.8,Mailed Check,Yes,No,Yes,2,0
CR-3262,4,One-Year,36.23,156.43,1,7,269.0,Bank Transfer,No,No,No,1,0
CR-3263,37,One-Year,60.94,2226.1,1,8,175.1,Bank Transfer,Yes,No,Yes,1,0
CR-3264,38,Two-Year,72.22,2730.03,1,2,286.6,Credit Card,No,No,No,2,0
CR-3265,34,One-Year,65.41,2224.55,1,30,257.0,Credit Card,Yes,Yes,Yes,2,0
CR-3266,7,One-Year,87.12,649.99,4,2,166.5,Bank Transfer,No,Yes,No,3,1
CR-3267,38,One-Year,60.08,2268.83,2,5,186.1,Bank Transfer,Yes,No,No,3,0
CR-3268,29,One-Year,50.28,1406.14,3,1,281.0,Electronic Check,Yes,Yes,No,1,0
CR-3269,17,One-Year,70.4,1210.02,0,8,84.3,Credit Card,Yes,Yes,No,2,0
CR-3270,26,One-Year,20.6,512.93,1,4,293.9,Electronic Check,No,Yes,No,1,0
CR-3271,9,Month-to-Month,68.65,579.29,1,7,142.0,Credit Card,Yes,No,Yes,2,0
CR-3272,8,Month-to-Month,64.76,518.64,1,2,282.0,Bank Transfer,No,Yes,No,3,0
CR-3273,27,One-Year,41.3,1144.29,2,0,159.6,Bank Transfer,No,No,Yes,2,0
CR-3274,13,Month-to-Month,92.26,1182.16,1,16,187.0,Bank Transfer,Yes,Yes,No,3,0
CR-3275,38,Two-Year,86.93,3318.24,1,11,157.3,Credit Card,No,No,Yes,4,0
CR-3276,38,Two-Year,53.84,2066.38,1,4,117.5,Mailed Check,No,No,No,2,0
CR-3277,11,Month-to-Month,52.9,605.65,2,0,138.4,Electronic Check,No,No,Yes,1,0
CR-3278,29,One-Year,57.95,1658.58,0,22,270.3,Mailed Check,No,No,No,2,0
CR-3279,1,Month-to-Month,41.2,41.2,2,2,12.0,Mailed Check,No,Yes,Yes,1,1
CR-3280,1,Month-to-Month,58.98,58.98,2,29,60.9,Credit Card,Yes,No,Yes,2,1
CR-3281,4,One-Year,82.48,353.65,2,7,102.0,Mailed Check,No,No,No,3,0
CR-3282,19,Month-to-Month,58.74,1136.08,4,4,73.7,Credit Card,No,Yes,Yes,2,0
CR-3283,17,Month-to-Month,80.14,1333.67,1,14,280.8,Electronic Check,Yes,No,Yes,3,0
CR-3284,3,One-Year,73.96,285.86,2,23,260.6,Bank Transfer,Yes,Yes,No,3,0
CR-3285,52,One-Year,82.52,4258.75,1,5,207.4,Credit Card,No,No,No,3,0
CR-3286,5,Two-Year,46.14,260.68,3,5,109.0,Mailed Check,Yes,Yes,Yes,1,1
CR-3287,5,Two-Year,97.98,535.49,1,6,266.8,Bank Transfer,No,No,Yes,3,0
CR-3288,63,One-Year,57.19,3606.26,4,28,32.9,Credit Card,Yes,No,No,2,1
CR-3289,23,Month-to-Month,41.16,923.59,0,12,331.4,Credit Card,No,Yes,No,1,0
CR-3290,32,One-Year,99.39,3158.04,2,3,105.2,Electronic Check,Yes,No,Yes,4,0
CR-3291,38,One-Year,106.64,4044.46,0,2,139.0,Electronic Check,No,No,Yes,4,0
CR-3292,21,Month-to-Month,50.08,1084.11,2,2,125.7,Credit Card,Yes,No,No,2,0
CR-3293,16,One-Year,80.04,1244.64,2,3,74.2,Electronic Check,No,No,No,3,0
CR-3294,8,Month-to-Month,18.5,92.84,0,2,314.0,Electronic Check,Yes,No,No,1,0
CR-3295,3,One-Year,58.28,185.7,3,11,223.1,Credit Card,No,No,Yes,2,0
CR-3296,36,Month-to-Month,53.73,1951.73,4,1,257.2,Credit Card,Yes,Yes,No,1,1
CR-3297,26,Month-to-Month,53.74,1456.28,1,5,62.1,Bank Transfer,Yes,No,No,2,0
CR-3298,31,Month-to-Month,62.77,1904.4,2,10,174.5,Mailed Check,Yes,No,Yes,2,0
CR-3299,52,Two-Year,37.71,1956.88,2,3,201.7,Electronic Check,No,No,No,1,0
CR-3300,3,Month-to-Month,52.41,192.09,0,0,181.7,Electronic Check,No,No,No,2,1
CR-3301,72,Two-Year,52.71,3798.75,1,0,67.2,Bank Transfer,Yes,No,Yes,1,0
CR-3302,31,Month-to-Month,32.55,1003.19,1,1,246.0,Credit Card,No,Yes,No,1,0
CR-3303,8,Month-to-Month,63.93,535.14,3,19,169.7,Bank Transfer,No,Yes,No,2,1
CR-3304,5,Month-to-Month,64.08,302.42,0,11,83.6,Electronic Check,Yes,No,No,2,1
CR-3305,49,One-Year,52.48,2597.06,3,0,12.0,Credit Card,Yes,Yes,No,2,0
CR-3306,26,One-Year,44.56,1120.95,0,5,208.5,Credit Card,Yes,Yes,Yes,1,0
CR-3307,46,Two-Year,51.65,2330.32,2,3,356.0,Electronic Check,Yes,No,No,2,0
CR-3308,65,One-Year,48.22,3126.09,2,9,78.8,Electronic Check,No,No,No,1,0
CR-3309,20,Two-Year,47.85,880.1,2,8,173.6,Bank Transfer,Yes,No,No,2,0
CR-3310,34,Month-to-Month,93.6,3184.94,1,7,248.8,Electronic Check,Yes,No,Yes,4,0
CR-3311,19,Two-Year,40.47,716.95,0,4,58.4,Bank Transfer,No,Yes,No,1,0
CR-3312,1,Month-to-Month,72.13,80.6,4,1,121.6,Electronic Check,No,No,Yes,2,1
CR-3313,8,Month-to-Month,44.4,360.76,0,14,91.2,Electronic Check,Yes,No,No,1,0
CR-3314,9,Month-to-Month,70.55,632.91,2,23,238.8,Bank Transfer,Yes,Yes,No,2,0
CR-3315,18,One-Year,66.55,1210.99,0,31,266.0,Electronic Check,Yes,No,No,2,0
CR-3316,24,One-Year,102.48,2465.65,0,0,172.7,Electronic Check,No,Yes,No,4,0
CR-3317,3,Month-to-Month,57.68,164.25,4,14,92.7,Credit Card,No,Yes,Yes,2,1
CR-3318,3,Month-to-Month,71.21,268.56,2,14,124.6,Electronic Check,Yes,Yes,Yes,2,1
CR-3319,12,One-Year,57.44,701.08,1,32,109.6,Credit Card,No,Yes,No,2,0
CR-3320,5,Month-to-Month,25.7,151.66,1,3,81.8,Credit Card,Yes,No,Yes,1,0
CR-3321,52,Two-Year,94.85,4964.39,1,14,151.8,Electronic Check,No,Yes,Yes,4,0
CR-3322,16,Month-to-Month,65.53,1068.52,0,0,206.0,Electronic Check,Yes,Yes,No,2,0
CR-3323,26,One-Year,26.93,762.06,3,10,199.2,Credit Card,No,Yes,No,1,0
CR-3324,24,One-Year,52.15,1256.58,0,4,159.3,Electronic Check,Yes,No,No,2,0
CR-3325,7,Month-to-Month,48.69,340.62,0,16,164.6,Bank Transfer,No,Yes,Yes,2,0
CR-3326,19,One-Year,50.87,947.04,2,21,153.5,Credit Card,Yes,Yes,Yes,1,0
CR-3327,46,One-Year,77.73,3567.89,4,4,56.2,Electronic Check,Yes,No,No,2,0
CR-3328,5,Month-to-Month,58.9,272.56,1,8,172.8,Bank Transfer,Yes,No,No,2,0
CR-3329,2,Month-to-Month,66.32,152.96,1,1,113.3,Mailed Check,Yes,No,No,2,1
CR-3330,44,Month-to-Month,48.06,2087.27,1,5,52.2,Electronic Check,Yes,No,No,1,0
CR-3331,17,One-Year,112.54,1915.39,0,4,189.7,Electronic Check,Yes,Yes,Yes,4,0
CR-3332,9,Month-to-Month,36.47,345.02,3,2,111.1,Bank Transfer,Yes,No,Yes,1,1
CR-3333,3,Two-Year,58.8,180.91,0,24,178.2,Mailed Check,Yes,No,Yes,2,0
CR-3334,8,Month-to-Month,75.59,577.84,1,1,227.8,Electronic Check,Yes,Yes,Yes,3,0
CR-3335,10,Month-to-Month,43.75,458.47,2,11,84.0,Electronic Check,No,Yes,No,1,0
CR-3336,19,Two-Year,68.04,1290.2,2,24,167.4,Electronic Check,No,Yes,Yes,1,0
CR-3337,48,Two-Year,43.31,1992.7,1,26,15.2,Electronic Check,Yes,Yes,Yes,1,0
CR-3338,13,One-Year,34.45,418.35,0,17,282.6,Electronic Check,Yes,Yes,No,1,0
CR-3339,31,One-Year,31.46,1017.29,3,2,51.3,Bank Transfer,No,No,No,1,0
CR-3340,7,Two-Year,73.53,559.24,2,18,118.8,Bank Transfer,Yes,No,Yes,2,0
CR-3341,1,Month-to-Month,52.41,68.19,2,3,267.1,Mailed Check,Yes,No,Yes,2,1
CR-3342,39,Two-Year,67.64,2661.48,3,28,141.2,Credit Card,Yes,Yes,No,2,0
CR-3343,5,Month-to-Month,36.2,157.65,3,13,64.2,Credit Card,Yes,Yes,No,1,1
CR-3344,50,One-Year,66.33,3308.7,1,16,217.0,Electronic Check,Yes,No,No,3,0
CR-3345,16,One-Year,49.05,821.86,3,0,215.2,Electronic Check,No,No,No,1,1
CR-3346,34,One-Year,54.69,1872.24,1,9,109.3,Bank Transfer,Yes,No,No,2,0
CR-3347,4,One-Year,47.25,190.95,3,18,118.0,Bank Transfer,No,Yes,No,1,0
CR-3348,30,Two-Year,47.99,1434.1,1,21,125.2,Bank Transfer,No,Yes,Yes,1,0
CR-3349,57,One-Year,66.46,3823.45,3,0,143.4,Electronic Check,No,No,No,2,0
CR-3350,8,Month-to-Month,58.32,500.22,2,30,12.0,Bank Transfer,Yes,Yes,No,2,1
CR-3351,58,Two-Year,67.86,3955.37,3,0,145.5,Electronic Check,Yes,Yes,Yes,2,0
CR-3352,1,Month-to-Month,51.77,53.76,0,10,302.7,Bank Transfer,Yes,Yes,Yes,2,1
CR-3353,11,Month-to-Month,72.46,786.36,0,13,88.3,Electronic Check,Yes,Yes,No,4,0
CR-3354,19,One-Year,68.07,1314.12,1,1,113.3,Credit Card,No,No,Yes,2,0
CR-3355,34,One-Year,62.66,2097.38,1,0,65.3,Electronic Check,Yes,No,Yes,2,0
CR-3356,31,One-Year,36.9,1117.06,1,16,209.0,Mailed Check,No,Yes,No,1,0
CR-3357,4,Month-to-Month,28.29,69.63,2,5,256.3,Credit Card,Yes,Yes,No,1,1
CR-3358,3,Month-to-Month,40.63,158.95,1,1,254.4,Credit Card,No,No,No,2,1
CR-3359,3,Two-Year,61.52,162.94,1,15,60.2,Mailed Check,Yes,Yes,Yes,2,0
CR-3360,3,Month-to-Month,77.49,244.59,3,20,200.0,Electronic Check,No,Yes,No,2,1
CR-3361,6,Month-to-Month,41.61,245.89,1,9,274.7,Credit Card,No,No,No,1,0
CR-3362,14,Month-to-Month,75.39,1142.39,2,1,200.8,Credit Card,Yes,No,Yes,3,0
CR-3363,28,One-Year,96.76,2722.54,3,0,198.3,Electronic Check,Yes,No,Yes,4,0
CR-3364,10,Month-to-Month,82.79,772.04,2,13,122.3,Bank Transfer,Yes,No,Yes,2,0
CR-3365,52,One-Year,86.52,4534.3,1,8,177.6,Bank Transfer,Yes,Yes,Yes,3,0
CR-3366,3,Month-to-Month,69.66,197.37,0,11,258.9,Bank Transfer,Yes,No,No,3,0
CR-3367,19,Month-to-Month,97.28,1842.29,4,18,186.3,Mailed Check,Yes,No,Yes,4,1
CR-3368,8,Month-to-Month,64.32,494.38,1,6,60.1,Bank Transfer,Yes,Yes,Yes,2,0
CR-3369,36,Month-to-Month,68.44,2469.71,0,1,123.5,Electronic Check,No,Yes,No,3,0
CR-3370,8,Month-to-Month,50.59,410.2,2,30,256.7,Mailed Check,Yes,Yes,No,1,1
CR-3371,3,Month-to-Month,52.82,139.1,1,8,186.0,Electronic Check,No,Yes,Yes,2,0
CR-3372,15,Month-to-Month,63.89,943.11,3,10,169.5,Mailed Check,Yes,Yes,No,3,0
CR-3373,23,Month-to-Month,79.76,1837.52,1,29,115.7,Mailed Check,No,Yes,Yes,3,0
CR-3374,26,Two-Year,42.18,1026.4,1,29,255.1,Credit Card,Yes,Yes,Yes,1,0
CR-3375,10,One-Year,78.99,746.66,0,9,293.0,Credit Card,Yes,Yes,Yes,3,0
CR-3376,6,Month-to-Month,53.35,370.2,1,3,261.1,Credit Card,Yes,Yes,Yes,2,0
CR-3377,52,Two-Year,36.75,1920.83,0,60,275.4,Credit Card,Yes,Yes,Yes,1,0
CR-3378,72,Two-Year,72.28,5188.41,2,12,131.3,Bank Transfer,No,Yes,No,2,0
CR-3379,47,Two-Year,83.41,3869.39,1,5,120.0,Electronic Check,No,Yes,Yes,3,0
CR-3380,32,Month-to-Month,87.43,2796.07,1,9,147.5,Electronic Check,Yes,Yes,Yes,4,0
CR-3381,37,Two-Year,59.49,2230.69,1,5,163.1,Credit Card,No,No,No,3,0
CR-3382,31,Month-to-Month,33.86,1128.84,2,24,274.5,Bank Transfer,Yes,Yes,No,1,1
CR-3383,8,Month-to-Month,44.57,413.32,1,7,253.3,Bank Transfer,Yes,Yes,Yes,1,1
CR-3384,3,Two-Year,36.68,83.43,1,19,203.1,Credit Card,No,No,Yes,1,0
CR-3385,14,One-Year,35.9,487.73,1,20,45.5,Credit Card,Yes,No,No,1,0
CR-3386,25,Month-to-Month,55.11,1333.61,2,19,25.0,Credit Card,Yes,No,Yes,2,0
CR-3387,41,Month-to-Month,60.27,2445.82,0,14,179.2,Electronic Check,Yes,No,No,2,0
CR-3388,2,Month-to-Month,50.85,95.31,3,21,230.4,Electronic Check,Yes,Yes,Yes,1,1
CR-3389,59,Two-Year,79.0,4649.99,1,5,153.6,Electronic Check,Yes,No,No,3,0
CR-3390,8,Month-to-Month,61.62,554.6,1,1,313.2,Bank Transfer,Yes,No,No,2,1
CR-3391,7,Two-Year,76.75,497.79,1,20,73.4,Electronic Check,No,Yes,No,3,0
CR-3392,28,Month-to-Month,56.01,1566.93,3,7,63.3,Credit Card,Yes,No,Yes,2,0
CR-3393,72,One-Year,69.94,4973.78,3,1,106.9,Electronic Check,Yes,No,No,2,0
CR-3394,55,Two-Year,68.42,3773.03,0,1,103.8,Electronic Check,No,Yes,No,2,0
CR-3395,26,Month-to-Month,81.45,2077.45,0,1,202.1,Credit Card,Yes,Yes,Yes,2,0
CR-3396,59,One-Year,67.11,3992.57,2,15,126.3,Electronic Check,Yes,Yes,No,2,0
CR-3397,19,One-Year,56.02,1055.65,3,13,36.2,Credit Card,No,Yes,No,2,0
CR-3398,51,Two-Year,69.95,3525.39,1,2,231.3,Mailed Check,No,Yes,Yes,3,0
CR-3399,67,Month-to-Month,106.53,7074.43,0,20,19.2,Bank Transfer,Yes,Yes,No,4,1
CR-3400,26,Two-Year,52.85,1344.74,0,3,74.3,Credit Card,No,Yes,No,2,0
CR-3401,34,One-Year,51.1,1744.58,1,17,30.2,Credit Card,No,No,No,1,0
CR-3402,50,One-Year,89.4,4482.65,0,7,176.6,Electronic Check,No,No,Yes,4,0
CR-3403,6,Month-to-Month,82.49,479.99,0,14,174.9,Bank Transfer,Yes,No,Yes,3,1
CR-3404,7,Month-to-Month,50.4,380.57,0,5,313.3,Electronic Check,Yes,Yes,No,2,1
CR-3405,9,Month-to-Month,86.8,747.13,2,4,233.1,Electronic Check,Yes,Yes,No,3,0
CR-3406,9,One-Year,30.66,188.13,1,20,275.3,Electronic Check,Yes,No,No,1,0
CR-3407,12,Two-Year,45.73,557.24,0,0,183.1,Bank Transfer,No,Yes,No,1,0
CR-3408,41,Month-to-Month,41.02,1720.52,1,40,81.8,Credit Card,No,Yes,No,1,0
CR-3409,28,One-Year,44.02,1271.54,4,11,170.2,Credit Card,Yes,No,Yes,1,0
CR-3410,60,One-Year,57.04,3383.41,1,6,207.4,Bank Transfer,Yes,Yes,Yes,2,0
CR-3411,10,Month-to-Month,38.81,371.76,1,10,216.3,Electronic Check,Yes,Yes,No,1,0
CR-3412,50,One-Year,80.55,4049.21,2,1,122.2,Credit Card,No,No,No,3,0
CR-3413,10,Month-to-Month,50.98,490.99,1,7,199.1,Credit Card,Yes,Yes,No,2,0
CR-3414,29,One-Year,50.92,1479.84,3,46,85.4,Electronic Check,Yes,No,Yes,2,1
CR-3415,33,One-Year,39.41,1279.04,0,2,76.5,Electronic Check,No,No,No,1,0
CR-3416,23,Month-to-Month,57.03,1279.01,1,14,70.7,Bank Transfer,Yes,Yes,No,2,0
CR-3417,40,Two-Year,32.95,1291.11,0,6,162.0,Bank Transfer,Yes,No,No,1,0
CR-3418,22,One-Year,88.24,1969.95,2,11,65.8,Credit Card,Yes,Yes,No,3,0
CR-3419,23,One-Year,75.66,1740.59,0,2,126.0,Bank Transfer,No,No,Yes,3,0
CR-3420,25,Month-to-Month,58.73,1506.41,1,6,232.2,Electronic Check,Yes,Yes,Yes,2,0
CR-3421,4,Month-to-Month,29.72,134.49,2,43,77.7,Electronic Check,Yes,No,Yes,1,1
CR-3422,62,One-Year,99.72,6230.83,0,2,119.7,Mailed Check,No,No,Yes,3,0
CR-3423,18,Month-to-Month,85.27,1559.4,0,11,165.7,Electronic Check,Yes,No,Yes,2,0
CR-3424,6,Month-to-Month,35.2,233.98,2,9,179.8,Electronic Check,Yes,No,No,1,1
CR-3425,50,Month-to-Month,73.26,3659.39,0,9,120.1,Credit Card,No,No,Yes,2,0
CR-3426,1,Month-to-Month,96.08,186.36,0,10,222.9,Credit Card,No,Yes,No,4,0
CR-3427,43,Month-to-Month,59.04,2542.1,2,7,207.2,Bank Transfer,Yes,Yes,No,1,0
CR-3428,58,One-Year,100.36,5761.68,3,0,251.2,Bank Transfer,Yes,Yes,No,4,0
CR-3429,22,Month-to-Month,44.0,976.04,0,25,153.5,Mailed Check,No,No,Yes,1,1
CR-3430,2,Two-Year,18.5,18.5,0,19,119.0,Electronic Check,No,No,Yes,1,0
CR-3431,71,One-Year,52.21,3737.42,3,2,105.4,Bank Transfer,Yes,No,No,2,0
CR-3432,33,Month-to-Month,43.21,1447.7,1,5,184.6,Bank Transfer,No,Yes,Yes,1,0
CR-3433,6,Month-to-Month,62.99,372.19,1,16,129.8,Electronic Check,No,No,No,2,0
CR-3434,59,Two-Year,30.85,1793.51,0,43,114.5,Bank Transfer,Yes,Yes,No,1,0
CR-3435,4,Month-to-Month,53.71,219.23,1,33,124.1,Credit Card,Yes,No,No,2,0
CR-3436,47,One-Year,48.53,2261.67,1,25,105.3,Bank Transfer,No,Yes,No,1,0
CR-3437,4,One-Year,65.17,284.31,3,1,175.9,Credit Card,Yes,Yes,No,3,1
CR-3438,46,One-Year,80.34,3712.32,4,27,47.0,Credit Card,No,No,No,3,1
CR-3439,26,Month-to-Month,109.38,2931.96,1,23,184.2,Credit Card,No,Yes,No,4,0
CR-3440,32,Month-to-Month,82.85,2637.85,3,5,214.1,Credit Card,No,Yes,No,3,0
CR-3441,58,One-Year,64.35,3723.2,1,5,113.5,Credit Card,Yes,No,No,2,0
CR-3442,1,Month-to-Month,40.8,40.8,1,6,313.8,Credit Card,No,No,Yes,2,0
CR-3443,33,One-Year,70.78,2332.41,1,11,161.4,Credit Card,Yes,No,Yes,3,0
CR-3444,39,One-Year,63.54,2508.87,2,3,35.1,Bank Transfer,Yes,No,Yes,1,0
CR-3445,43,Two-Year,55.01,2357.14,0,0,137.5,Bank Transfer,Yes,No,Yes,2,0
CR-3446,35,Month-to-Month,91.64,3266.57,1,1,165.0,Electronic Check,No,No,No,3,0
CR-3447,5,Month-to-Month,36.89,201.92,2,6,195.9,Credit Card,Yes,Yes,Yes,1,0
CR-3448,56,One-Year,94.22,5261.75,1,3,139.4,Electronic Check,No,No,Yes,4,0
CR-3449,47,Two-Year,66.16,3087.28,3,15,79.1,Bank Transfer,Yes,Yes,Yes,2,0
CR-3450,34,Month-to-Month,62.01,2139.57,1,1,72.4,Electronic Check,No,No,No,2,0
CR-3451,3,Month-to-Month,82.82,249.32,2,27,107.7,Credit Card,Yes,Yes,No,3,0
CR-3452,29,Month-to-Month,52.82,1532.05,1,24,115.4,Mailed Check,Yes,Yes,No,2,1
CR-3453,3,Month-to-Month,85.64,238.97,0,26,69.2,Credit Card,No,No,No,4,1
CR-3454,49,Month-to-Month,88.14,4317.02,0,14,101.4,Bank Transfer,Yes,No,No,4,0
CR-3455,4,Month-to-Month,55.68,203.55,1,1,212.8,Bank Transfer,Yes,Yes,No,2,0
CR-3456,37,One-Year,40.71,1547.12,1,6,291.9,Bank Transfer,No,Yes,Yes,1,0
CR-3457,3,Month-to-Month,53.37,181.62,0,1,220.4,Electronic Check,No,No,No,1,0
CR-3458,33,One-Year,61.87,2036.47,1,48,264.5,Electronic Check,Yes,No,No,2,0
CR-3459,48,Month-to-Month,83.85,4019.12,2,4,237.9,Bank Transfer,Yes,Yes,No,3,0
CR-3460,15,One-Year,44.42,669.07,1,9,226.7,Mailed Check,No,No,No,1,0
CR-3461,5,Month-to-Month,31.85,159.08,3,16,133.0,Bank Transfer,Yes,Yes,No,1,1
CR-3462,20,One-Year,43.17,834.69,3,27,171.3,Bank Transfer,Yes,Yes,No,1,1
CR-3463,14,One-Year,62.31,815.32,0,15,126.4,Mailed Check,Yes,No,No,2,0
CR-3464,15,Month-to-Month,86.6,1275.07,1,12,142.5,Bank Transfer,Yes,Yes,No,3,0
CR-3465,25,Month-to-Month,32.31,803.89,1,6,165.5,Electronic Check,Yes,No,Yes,1,0
CR-3466,3,Month-to-Month,22.6,45.67,0,10,217.1,Bank Transfer,Yes,No,Yes,1,0
CR-3467,57,Two-Year,62.76,3601.9,0,1,193.9,Electronic Check,Yes,No,No,2,0
CR-3468,38,One-Year,82.54,3129.65,1,23,147.1,Credit Card,Yes,No,No,3,0
CR-3469,46,Month-to-Month,77.21,3607.87,0,8,164.4,Electronic Check,Yes,No,Yes,3,0
CR-3470,48,Two-Year,79.28,3788.6,2,0,194.7,Credit Card,Yes,No,No,3,0
CR-3471,9,Month-to-Month,51.79,470.33,1,27,213.4,Mailed Check,No,Yes,No,1,1
CR-3472,8,Month-to-Month,56.41,442.61,2,7,38.5,Electronic Check,No,No,No,2,0
CR-3473,19,Month-to-Month,94.21,1803.18,5,22,73.8,Electronic Check,Yes,No,No,4,1
CR-3474,23,Month-to-Month,97.79,2281.14,1,21,248.6,Bank Transfer,Yes,No,Yes,4,0
CR-3475,72,Two-Year,48.8,3531.85,1,18,155.1,Electronic Check,No,Yes,No,2,0
CR-3476,5,Month-to-Month,77.48,326.48,2,0,126.1,Bank Transfer,No,Yes,No,3,0
CR-3477,3,Month-to-Month,96.36,304.08,0,3,138.9,Bank Transfer,Yes,No,No,4,0
CR-3478,46,One-Year,77.37,3528.69,2,22,138.9,Bank Transfer,Yes,Yes,No,2,0
CR-3479,44,Two-Year,40.02,1751.59,1,25,204.6,Mailed Check,Yes,Yes,Yes,1,0
CR-3480,63,Two-Year,63.0,3989.68,1,6,71.4,Bank Transfer,No,No,Yes,2,0
CR-3481,72,Month-to-Month,106.19,7612.09,1,6,162.0,Electronic Check,No,No,Yes,4,0
CR-3482,55,Two-Year,52.63,2929.33,1,2,179.7,Mailed Check,No,No,Yes,2,0
CR-3483,5,Month-to-Month,92.76,453.2,1,38,191.7,Electronic Check,Yes,No,No,3,1
CR-3484,5,One-Year,78.64,458.33,1,2,177.8,Electronic Check,No,No,No,2,0
CR-3485,28,One-Year,42.71,1197.94,1,2,201.3,Mailed Check,Yes,Yes,Yes,1,0
CR-3486,19,Month-to-Month,37.61,765.75,3,11,114.2,Electronic Check,No,No,No,1,1
CR-3487,8,Month-to-Month,113.27,942.09,1,3,84.7,Electronic Check,Yes,Yes,Yes,4,0
CR-3488,11,Month-to-Month,68.96,740.23,0,30,356.6,Bank Transfer,Yes,Yes,No,2,0
CR-3489,11,Month-to-Month,43.82,442.97,3,0,135.9,Electronic Check,Yes,No,Yes,1,0
CR-3490,57,One-Year,111.27,6345.8,0,0,145.2,Bank Transfer,No,Yes,No,4,0
CR-3491,3,Month-to-Month,74.21,205.15,3,7,214.2,Bank Transfer,No,No,No,2,1
CR-3492,6,Month-to-Month,75.64,501.23,2,7,287.7,Credit Card,Yes,No,Yes,3,0
CR-3493,25,Month-to-Month,63.49,1579.84,1,1,116.4,Electronic Check,Yes,Yes,No,2,0
CR-3494,40,Two-Year,48.77,1941.79,2,7,80.1,Mailed Check,Yes,Yes,No,1,0
CR-3495,17,Two-Year,61.29,1000.05,4,5,60.6,Electronic Check,Yes,No,No,2,0
CR-3496,24,One-Year,83.09,2006.74,1,24,287.4,Bank Transfer,Yes,Yes,Yes,4,1
CR-3497,65,Two-Year,33.62,2150.07,0,0,77.0,Mailed Check,Yes,No,Yes,1,0
CR-3498,31,Two-Year,65.42,2041.29,4,41,157.8,Bank Transfer,Yes,Yes,No,3,0
CR-3499,21,Month-to-Month,47.93,1023.93,2,10,81.8,Electronic Check,No,No,No,1,0
CR-3500,54,Two-Year,49.16,2632.15,3,1,44.1,Electronic Check,No,No,No,2,1
CR-3501,28,One-Year,62.92,1790.46,3,0,136.6,Mailed Check,Yes,No,Yes,2,0
CR-3502,29,Two-Year,97.32,2814.03,4,8,85.0,Credit Card,Yes,Yes,No,3,1
CR-3503,24,Month-to-Month,75.28,1762.58,0,2,104.7,Mailed Check,Yes,Yes,Yes,2,0
CR-3504,30,Two-Year,42.63,1325.26,1,3,320.5,Credit Card,Yes,Yes,No,2,0
CR-3505,6,Month-to-Month,66.21,369.56,1,3,194.0,Electronic Check,No,No,No,3,0
CR-3506,10,One-Year,35.23,367.51,1,11,234.5,Electronic Check,No,Yes,No,1,0
CR-3507,4,Month-to-Month,31.31,138.01,1,8,226.0,Mailed Check,Yes,No,No,1,0
CR-3508,59,One-Year,26.46,1572.82,0,0,151.9,Bank Transfer,No,No,Yes,1,0
CR-3509,57,Two-Year,60.89,3481.89,1,8,124.8,Bank Transfer,No,No,Yes,2,0
CR-3510,24,Month-to-Month,68.05,1604.09,1,17,179.9,Bank Transfer,Yes,No,Yes,2,0
CR-3511,48,Two-Year,88.54,4300.66,5,0,173.5,Electronic Check,No,No,No,3,0
CR-3512,42,Month-to-Month,56.26,2391.61,1,24,114.5,Electronic Check,Yes,Yes,No,2,0
CR-3513,49,Two-Year,40.28,1987.97,2,9,170.4,Bank Transfer,Yes,Yes,Yes,1,0
CR-3514,65,One-Year,82.56,5326.41,2,33,103.5,Electronic Check,Yes,No,Yes,3,1
CR-3515,60,Two-Year,41.92,2485.85,2,1,146.3,Electronic Check,No,No,No,1,0
CR-3516,33,One-Year,105.11,3488.35,3,55,133.2,Bank Transfer,Yes,Yes,Yes,4,0
CR-3517,35,Month-to-Month,47.3,1595.39,2,11,58.5,Bank Transfer,Yes,No,Yes,1,1
CR-3518,26,Month-to-Month,39.24,1030.4,1,9,12.0,Electronic Check,No,No,Yes,1,1
CR-3519,11,Month-to-Month,42.43,426.79,1,7,84.9,Electronic Check,Yes,Yes,Yes,2,1
CR-3520,23,One-Year,57.99,1307.73,2,0,304.3,Mailed Check,No,No,Yes,1,0
CR-3521,62,Two-Year,36.14,2198.35,1,30,135.2,Electronic Check,Yes,Yes,No,1,0
CR-3522,6,Month-to-Month,64.58,394.86,3,11,222.1,Electronic Check,Yes,Yes,No,2,1
CR-3523,10,Month-to-Month,23.83,271.79,4,1,12.0,Electronic Check,Yes,No,No,1,0
CR-3524,9,Month-to-Month,42.89,396.45,2,0,79.3,Electronic Check,No,No,No,1,0
CR-3525,5,Month-to-Month,44.0,233.73,1,0,51.6,Bank Transfer,Yes,No,No,1,1
CR-3526,64,Month-to-Month,62.49,4004.4,0,10,143.8,Mailed Check,Yes,No,Yes,2,0
CR-3527,2,Month-to-Month,91.14,202.76,1,10,353.8,Bank Transfer,Yes,No,Yes,2,1
CR-3528,13,Two-Year,36.69,490.98,1,7,196.8,Credit Card,Yes,No,Yes,1,0
CR-3529,30,Two-Year,69.21,1994.85,0,4,295.6,Mailed Check,Yes,No,No,2,0
CR-3530,20,Month-to-Month,84.23,1711.79,0,8,139.6,Electronic Check,Yes,Yes,Yes,3,0
CR-3531,3,Month-to-Month,54.21,186.66,0,7,269.2,Bank Transfer,Yes,Yes,No,2,0
CR-3532,4,One-Year,69.06,265.37,1,0,325.9,Credit Card,Yes,No,No,2,0
CR-3533,53,One-Year,41.36,2132.85,3,3,151.3,Electronic Check,No,No,No,1,0
CR-3534,18,Month-to-Month,69.75,1262.77,1,0,116.9,Credit Card,Yes,No,Yes,2,0
CR-3535,14,Month-to-Month,98.61,1390.34,1,25,54.6,Credit Card,Yes,No,No,3,1
CR-3536,5,Month-to-Month,62.51,299.34,1,14,135.3,Bank Transfer,Yes,Yes,No,2,0
CR-3537,5,Two-Year,40.19,206.55,2,60,166.6,Electronic Check,Yes,Yes,Yes,1,0
CR-3538,17,One-Year,53.52,942.0,5,3,322.5,Electronic Check,No,Yes,Yes,1,0
CR-3539,15,Month-to-Month,110.97,1736.48,2,23,56.4,Electronic Check,No,Yes,Yes,4,1
CR-3540,2,Month-to-Month,70.17,144.75,3,10,164.8,Electronic Check,Yes,No,No,3,1
CR-3541,18,One-Year,56.47,1026.48,3,6,14.9,Credit Card,No,No,No,2,0
CR-3542,59,Two-Year,49.75,2910.54,1,2,125.9,Electronic Check,No,Yes,Yes,1,0
CR-3543,42,Two-Year,77.68,3247.52,2,14,184.9,Credit Card,No,No,No,3,0
CR-3544,54,Two-Year,33.46,1802.76,1,25,201.0,Electronic Check,No,No,No,1,0
CR-3545,10,Month-to-Month,66.41,699.43,0,2,207.1,Credit Card,Yes,No,No,2,0
CR-3546,23,One-Year,85.71,1995.9,1,2,191.8,Mailed Check,No,No,Yes,3,0
CR-3547,4,One-Year,57.66,288.52,5,13,206.4,Credit Card,No,No,No,2,0
CR-3548,31,Month-to-Month,43.61,1307.2,1,41,163.7,Bank Transfer,Yes,No,Yes,1,0
CR-3549,59,Two-Year,37.23,2156.86,2,15,76.2,Electronic Check,Yes,No,Yes,1,0
CR-3550,5,Month-to-Month,86.05,463.31,1,3,12.0,Electronic Check,No,Yes,No,4,0
CR-3551,4,Month-to-Month,56.03,267.59,2,5,116.3,Bank Transfer,Yes,Yes,Yes,2,0
CR-3552,55,One-Year,79.74,4386.69,5,5,149.2,Mailed Check,No,No,No,3,0
CR-3553,21,Month-to-Month,46.25,837.28,0,21,260.3,Bank Transfer,Yes,No,Yes,2,0
CR-3554,70,One-Year,92.76,6470.89,1,16,152.0,Credit Card,Yes,No,No,4,0
CR-3555,3,Month-to-Month,97.88,303.7,2,9,144.3,Credit Card,No,No,No,4,0
CR-3556,5,Month-to-Month,72.95,337.77,1,3,190.8,Bank Transfer,No,No,No,2,0
CR-3557,24,One-Year,57.87,1394.43,3,30,138.4,Bank Transfer,Yes,No,No,2,0
CR-3558,6,Month-to-Month,48.54,348.2,2,11,224.8,Electronic Check,No,No,Yes,2,0
CR-3559,46,Month-to-Month,58.9,2752.18,4,38,318.3,Electronic Check,Yes,Yes,Yes,2,1
CR-3560,72,Two-Year,55.33,4008.03,2,9,335.3,Credit Card,Yes,Yes,No,2,0
CR-3561,50,One-Year,84.52,4224.07,0,18,167.8,Credit Card,Yes,No,No,3,0
CR-3562,24,Month-to-Month,39.62,936.04,1,18,187.0,Bank Transfer,Yes,No,No,1,0
CR-3563,52,Two-Year,33.89,1785.01,2,4,286.3,Bank Transfer,Yes,No,No,2,0
CR-3564,64,Two-Year,97.92,6267.64,1,36,148.0,Electronic Check,No,Yes,No,2,0
CR-3565,19,Two-Year,44.42,845.77,3,0,214.3,Bank Transfer,No,Yes,No,1,0
CR-3566,15,One-Year,61.89,881.81,1,16,69.2,Electronic Check,Yes,No,No,2,0
CR-3567,16,Month-to-Month,81.59,1284.0,4,37,135.1,Credit Card,No,No,Yes,4,1
CR-3568,28,One-Year,46.35,1320.36,2,4,252.5,Bank Transfer,No,No,No,2,0
CR-3569,5,Month-to-Month,96.08,447.37,0,11,102.5,Bank Transfer,Yes,No,No,4,0
CR-3570,21,One-Year,82.36,1737.53,3,9,149.8,Electronic Check,Yes,No,Yes,3,0
CR-3571,34,Month-to-Month,86.02,2937.06,0,15,34.1,Bank Transfer,No,Yes,No,3,1
CR-3572,1,One-Year,63.37,77.5,1,22,320.5,Electronic Check,No,No,Yes,2,0
CR-3573,11,Month-to-Month,31.14,359.35,3,10,261.0,Bank Transfer,No,No,No,1,1
CR-3574,44,Two-Year,35.96,1601.07,0,18,175.0,Bank Transfer,Yes,No,Yes,2,0
CR-3575,12,Two-Year,42.0,485.29,4,4,200.6,Bank Transfer,No,Yes,No,1,0
CR-3576,1,Month-to-Month,91.66,91.66,0,2,191.7,Electronic Check,No,No,No,4,1
CR-3577,49,Two-Year,30.37,1461.92,4,6,270.7,Credit Card,No,No,No,1,0
CR-3578,10,Month-to-Month,51.28,534.7,2,12,118.5,Bank Transfer,Yes,Yes,No,1,0
CR-3579,14,One-Year,45.24,597.33,2,2,218.6,Bank Transfer,Yes,Yes,No,2,0
CR-3580,2,Month-to-Month,67.17,103.12,2,12,246.2,Bank Transfer,Yes,Yes,No,2,0
CR-3581,58,Two-Year,28.9,1644.82,1,5,257.2,Bank Transfer,Yes,No,Yes,1,0
CR-3582,17,One-Year,44.34,698.4,1,17,12.0,Bank Transfer,Yes,Yes,No,1,0
CR-3583,69,Two-Year,88.34,6061.05,0,0,112.1,Credit Card,No,No,No,3,0
CR-3584,24,One-Year,57.62,1412.89,4,12,78.5,Credit Card,Yes,No,No,2,0
CR-3585,1,Month-to-Month,59.9,59.9,1,11,172.0,Bank Transfer,Yes,No,No,1,0
CR-3586,6,One-Year,80.18,428.61,0,31,12.0,Bank Transfer,Yes,Yes,Yes,2,0
CR-3587,4,One-Year,45.37,166.13,1,13,12.0,Electronic Check,Yes,Yes,Yes,1,0
CR-3588,55,Two-Year,48.41,2677.87,1,17,333.6,Electronic Check,Yes,Yes,No,1,0
CR-3589,4,Month-to-Month,107.61,375.52,1,25,209.4,Bank Transfer,Yes,Yes,No,4,1
CR-3590,5,Month-to-Month,66.44,360.8,0,12,169.7,Mailed Check,No,No,Yes,2,0
CR-3591,3,Two-Year,47.37,98.88,1,3,189.1,Credit Card,No,No,No,1,0
CR-3592,19,One-Year,91.76,1731.58,2,22,171.7,Credit Card,Yes,No,No,4,0
CR-3593,8,One-Year,62.13,484.79,3,15,239.8,Electronic Check,No,Yes,No,3,1
CR-3594,28,Month-to-Month,29.1,797.96,1,6,109.4,Bank Transfer,Yes,No,No,1,0
CR-3595,68,One-Year,84.82,5765.82,0,13,174.9,Bank Transfer,No,No,No,2,0
CR-3596,3,Month-to-Month,82.22,270.02,2,22,178.2,Credit Card,No,No,No,3,0
CR-3597,25,One-Year,58.54,1462.28,2,40,76.3,Electronic Check,Yes,No,No,2,0
CR-3598,56,Month-to-Month,73.63,4105.11,1,33,262.2,Bank Transfer,Yes,Yes,No,2,0
CR-3599,46,Two-Year,53.51,2475.18,0,4,124.3,Mailed Check,Yes,Yes,No,2,0
CR-3600,39,Two-Year,66.83,2612.59,1,6,241.4,Mailed Check,Yes,No,Yes,2,0
CR-3601,2,Month-to-Month,61.77,103.45,2,1,169.2,Credit Card,No,No,No,2,0
CR-3602,34,Month-to-Month,65.6,2231.67,0,3,290.7,Electronic Check,Yes,Yes,No,2,0
CR-3603,60,One-Year,39.64,2355.83,4,23,76.7,Mailed Check,Yes,Yes,No,1,1
CR-3604,10,Month-to-Month,69.35,667.53,0,4,73.2,Credit Card,Yes,No,No,3,0
CR-3605,21,Month-to-Month,34.77,754.34,4,10,87.5,Credit Card,Yes,No,No,1,0
CR-3606,15,Month-to-Month,53.16,810.81,3,12,170.7,Mailed Check,Yes,No,Yes,2,1
CR-3607,10,One-Year,60.97,632.81,1,16,283.3,Mailed Check,Yes,Yes,Yes,2,0
CR-3608,3,Month-to-Month,63.44,209.37,0,2,287.4,Electronic Check,No,No,No,3,0
CR-3609,14,Month-to-Month,48.53,652.8,1,3,12.0,Electronic Check,Yes,No,Yes,2,0
CR-3610,36,One-Year,80.36,2923.0,1,6,180.0,Credit Card,No,No,No,3,0
CR-3611,10,Month-to-Month,41.72,408.27,3,4,12.0,Bank Transfer,No,No,No,1,0
CR-3612,67,Two-Year,62.9,4242.18,3,44,223.6,Electronic Check,Yes,No,No,2,0
CR-3613,6,Month-to-Month,78.55,467.55,0,19,249.5,Credit Card,Yes,Yes,Yes,3,1
CR-3614,25,One-Year,104.19,2614.14,1,7,156.8,Electronic Check,Yes,No,Yes,3,0
CR-3615,6,Month-to-Month,62.27,383.92,2,23,166.7,Electronic Check,No,Yes,No,2,1
CR-3616,46,Month-to-Month,57.21,2656.06,1,4,165.9,Electronic Check,Yes,Yes,No,2,0
CR-3617,65,One-Year,44.01,2811.61,3,16,97.2,Electronic Check,Yes,Yes,Yes,1,0
CR-3618,29,One-Year,71.2,2017.51,2,2,194.5,Credit Card,No,Yes,No,2,0
CR-3619,1,Month-to-Month,60.5,80.65,2,16,141.5,Mailed Check,No,No,No,2,0
CR-3620,15,One-Year,49.85,758.44,0,6,234.4,Credit Card,No,Yes,No,1,0
CR-3621,36,Two-Year,100.96,3611.29,1,1,150.9,Credit Card,Yes,No,Yes,4,0
CR-3622,28,Month-to-Month,76.1,2141.73,2,3,91.1,Electronic Check,Yes,No,No,3,1
CR-3623,13,Month-to-Month,44.11,531.19,1,5,37.1,Bank Transfer,No,Yes,Yes,1,1
CR-3624,54,One-Year,76.99,4255.39,1,15,12.0,Credit Card,Yes,Yes,Yes,2,0
CR-3625,15,One-Year,81.43,1260.8,1,0,265.0,Credit Card,Yes,No,No,3,0
CR-3626,29,One-Year,33.14,979.73,6,11,123.4,Electronic Check,No,Yes,Yes,1,0
CR-3627,6,Month-to-Month,57.8,349.07,0,13,187.1,Credit Card,No,No,No,2,0
CR-3628,9,Month-to-Month,39.86,340.18,0,11,302.7,Mailed Check,No,Yes,No,2,0
CR-3629,37,Two-Year,44.37,1602.38,2,15,115.0,Electronic Check,Yes,Yes,Yes,1,0
CR-3630,4,One-Year,74.12,293.07,5,2,109.8,Electronic Check,No,No,No,2,1
CR-3631,52,One-Year,83.59,4320.89,1,9,149.4,Electronic Check,Yes,Yes,No,4,0
CR-3632,12,One-Year,62.5,725.96,1,31,162.4,Electronic Check,Yes,Yes,No,2,0
CR-3633,25,Two-Year,70.85,1728.75,3,10,311.0,Credit Card,No,Yes,No,2,0
CR-3634,7,Month-to-Month,71.91,510.86,1,10,285.3,Mailed Check,No,Yes,No,2,1
CR-3635,9,Month-to-Month,91.8,814.89,0,14,209.7,Bank Transfer,Yes,Yes,Yes,3,0
CR-3636,33,Month-to-Month,60.32,2006.61,1,4,276.0,Credit Card,Yes,Yes,Yes,3,0
CR-3637,28,One-Year,48.05,1359.11,0,13,145.7,Credit Card,Yes,No,No,1,0
CR-3638,6,Month-to-Month,63.94,390.52,1,27,183.9,Electronic Check,Yes,No,No,3,1
CR-3639,32,Two-Year,33.02,1136.42,3,0,135.9,Bank Transfer,No,No,No,1,0
CR-3640,56,Two-Year,51.21,2892.47,1,22,56.8,Credit Card,Yes,No,No,1,0
CR-3641,3,One-Year,62.58,149.92,2,2,256.3,Credit Card,No,No,Yes,2,0
CR-3642,71,Two-Year,68.26,4860.22,2,6,202.5,Electronic Check,Yes,No,No,2,0
CR-3643,5,Month-to-Month,51.71,256.93,2,21,161.4,Bank Transfer,Yes,No,Yes,2,1
CR-3644,12,One-Year,75.74,868.63,1,19,159.8,Bank Transfer,Yes,No,No,2,1
CR-3645,34,Two-Year,49.88,1653.27,2,24,39.5,Credit Card,Yes,No,Yes,1,0
CR-3646,4,Two-Year,51.89,221.16,1,31,81.8,Bank Transfer,Yes,No,Yes,1,0
CR-3647,49,One-Year,50.2,2480.73,0,6,186.9,Electronic Check,Yes,No,No,2,0
CR-3648,6,One-Year,54.71,296.87,0,11,117.7,Credit Card,Yes,No,Yes,1,1
CR-3649,7,Month-to-Month,39.84,307.99,3,5,142.6,Bank Transfer,No,No,No,1,1
CR-3650,70,Two-Year,36.89,2590.85,2,4,151.6,Electronic Check,Yes,No,No,1,0
CR-3651,3,Month-to-Month,85.25,291.63,1,6,105.4,Mailed Check,Yes,No,Yes,3,0
CR-3652,1,Month-to-Month,102.83,135.52,0,14,82.6,Electronic Check,Yes,No,No,4,1
CR-3653,13,Month-to-Month,34.53,444.14,2,7,31.0,Electronic Check,Yes,No,Yes,1,0
CR-3654,62,One-Year,63.56,3989.79,1,18,148.3,Electronic Check,No,Yes,Yes,1,0
CR-3655,8,Month-to-Month,79.14,599.4,1,15,209.5,Electronic Check,No,No,No,2,0
CR-3656,10,Month-to-Month,103.05,1102.21,1,0,28.5,Bank Transfer,Yes,Yes,No,4,0
CR-3657,41,One-Year,47.3,1912.94,2,10,158.1,Bank Transfer,Yes,Yes,Yes,1,0
CR-3658,65,Two-Year,82.3,5348.06,3,6,182.5,Bank Transfer,Yes,No,No,3,0
CR-3659,70,One-Year,45.5,3167.98,3,6,80.8,Electronic Check,Yes,No,Yes,2,0
CR-3660,9,Month-to-Month,98.13,871.87,0,18,273.8,Electronic Check,Yes,Yes,No,4,0
CR-3661,37,Month-to-Month,44.0,1715.71,2,8,129.1,Bank Transfer,Yes,No,No,1,0
CR-3662,6,Month-to-Month,91.24,533.56,3,23,151.9,Bank Transfer,No,No,Yes,4,1
CR-3663,10,One-Year,57.91,604.63,3,13,147.1,Electronic Check,Yes,Yes,No,2,0
CR-3664,46,Two-Year,73.19,3359.68,2,8,18.3,Electronic Check,No,Yes,Yes,4,0
CR-3665,39,Two-Year,50.03,1979.27,1,15,240.7,Electronic Check,Yes,No,Yes,2,0
CR-3666,10,Month-to-Month,70.22,685.88,2,0,83.6,Electronic Check,No,Yes,Yes,2,0
CR-3667,18,One-Year,96.31,1741.26,2,0,141.1,Electronic Check,Yes,Yes,No,3,0
CR-3668,34,Month-to-Month,69.57,2384.24,1,0,207.8,Credit Card,Yes,Yes,Yes,3,0
CR-3669,19,Month-to-Month,62.83,1172.12,1,6,276.9,Electronic Check,Yes,No,Yes,2,1
CR-3670,49,Month-to-Month,71.98,3609.75,1,2,73.6,Electronic Check,Yes,Yes,No,2,1
CR-3671,17,Month-to-Month,73.8,1275.03,3,45,124.3,Bank Transfer,Yes,No,No,3,1
CR-3672,28,Month-to-Month,103.76,2898.5,1,8,270.6,Bank Transfer,Yes,No,No,4,0
CR-3673,68,Month-to-Month,42.66,2879.96,0,11,197.1,Bank Transfer,Yes,Yes,No,1,0
CR-3674,60,Two-Year,72.9,4376.75,1,3,213.7,Electronic Check,Yes,No,No,2,1
CR-3675,23,Month-to-Month,66.18,1485.66,5,4,75.9,Credit Card,Yes,No,Yes,3,0
CR-3676,10,Month-to-Month,49.95,552.97,0,4,129.7,Credit Card,Yes,No,Yes,2,0
CR-3677,72,One-Year,81.8,5902.54,0,13,146.6,Bank Transfer,No,No,No,3,0
CR-3678,7,Month-to-Month,79.96,557.08,1,7,91.4,Bank Transfer,Yes,Yes,No,3,1
CR-3679,39,Month-to-Month,78.44,3090.54,3,8,26.0,Electronic Check,No,No,Yes,3,1
CR-3680,36,Two-Year,84.76,3029.71,1,9,119.2,Credit Card,Yes,Yes,No,3,0
CR-3681,33,Two-Year,87.69,2859.09,1,16,268.3,Bank Transfer,No,Yes,No,4,0
CR-3682,4,Month-to-Month,65.31,257.34,1,1,164.7,Electronic Check,Yes,Yes,Yes,3,0
CR-3683,33,One-Year,74.0,2445.83,0,16,269.9,Electronic Check,Yes,No,Yes,3,0
CR-3684,15,Month-to-Month,39.12,602.72,1,9,174.3,Mailed Check,Yes,Yes,Yes,1,0
CR-3685,20,One-Year,40.16,758.91,1,12,98.8,Bank Transfer,No,No,No,1,0
CR-3686,5,Month-to-Month,73.69,354.76,1,4,262.2,Electronic Check,No,No,No,2,0
CR-3687,8,Month-to-Month,86.7,601.1,1,5,177.0,Credit Card,No,No,Yes,3,0
CR-3688,64,One-Year,66.33,4209.65,1,2,236.9,Electronic Check,No,No,No,2,0
CR-3689,46,Two-Year,45.22,2101.58,0,42,74.5,Bank Transfer,No,Yes,No,1,0
CR-3690,21,One-Year,56.66,1218.69,1,7,243.1,Credit Card,Yes,No,Yes,2,0
CR-3691,29,Month-to-Month,70.46,2009.08,1,60,245.5,Credit Card,No,No,No,3,1
CR-3692,35,One-Year,67.03,2336.31,1,7,183.2,Credit Card,Yes,Yes,No,3,0
CR-3693,44,Two-Year,90.05,3962.97,1,2,95.4,Bank Transfer,No,No,No,4,0
CR-3694,44,Two-Year,60.57,2697.42,4,7,156.3,Credit Card,Yes,Yes,No,2,0
CR-3695,41,Month-to-Month,49.45,2073.32,0,0,208.9,Mailed Check,Yes,No,Yes,2,0
CR-3696,60,Two-Year,62.7,3766.59,0,25,178.8,Bank Transfer,Yes,No,Yes,2,0
CR-3697,9,Month-to-Month,59.06,523.72,1,18,208.1,Electronic Check,Yes,No,No,2,0
CR-3698,47,Month-to-Month,57.03,2637.1,0,14,241.0,Mailed Check,No,No,No,2,0
CR-3699,10,Month-to-Month,72.62,729.44,1,10,108.1,Electronic Check,Yes,No,No,2,1
CR-3700,43,One-Year,18.5,857.75,0,9,67.6,Electronic Check,No,Yes,Yes,1,0
CR-3701,13,Two-Year,57.16,781.79,2,60,157.0,Electronic Check,Yes,No,No,2,0
CR-3702,25,Month-to-Month,19.48,492.25,2,3,133.6,Electronic Check,No,No,No,1,0
CR-3703,1,Month-to-Month,45.39,54.49,1,16,222.9,Credit Card,No,No,No,1,0
CR-3704,35,Month-to-Month,68.62,2381.04,1,9,74.0,Bank Transfer,Yes,No,No,2,0
CR-3705,25,Two-Year,29.49,726.54,0,40,241.6,Electronic Check,No,No,No,1,0
CR-3706,6,Month-to-Month,48.77,297.05,0,19,268.3,Bank Transfer,Yes,Yes,Yes,2,0
CR-3707,29,Two-Year,26.02,759.1,3,60,160.0,Credit Card,Yes,Yes,No,1,0
CR-3708,8,One-Year,61.64,523.44,3,9,164.9,Credit Card,Yes,No,Yes,2,1
CR-3709,26,Month-to-Month,93.59,2462.2,1,2,98.6,Bank Transfer,No,No,No,4,0
CR-3710,69,Two-Year,58.21,4032.11,0,7,116.6,Electronic Check,Yes,No,Yes,2,0
CR-3711,12,Two-Year,57.32,657.87,3,13,127.3,Bank Transfer,Yes,Yes,No,2,0
CR-3712,20,Month-to-Month,87.26,1716.36,2,16,275.4,Electronic Check,Yes,Yes,Yes,4,0
CR-3713,35,One-Year,72.32,2504.56,0,0,154.3,Electronic Check,Yes,Yes,No,2,0
CR-3714,50,Two-Year,45.72,2293.07,3,7,54.2,Credit Card,No,Yes,No,1,0
CR-3715,71,One-Year,31.15,2150.86,0,2,180.4,Bank Transfer,Yes,No,No,1,0
CR-3716,13,Month-to-Month,53.99,701.68,2,22,226.1,Bank Transfer,Yes,No,Yes,2,1
CR-3717,11,Month-to-Month,52.28,617.34,2,1,158.0,Credit Card,Yes,No,Yes,2,0
CR-3718,61,One-Year,57.06,3500.66,0,12,277.5,Bank Transfer,Yes,Yes,Yes,1,0
CR-3719,50,One-Year,86.11,4294.98,2,3,222.2,Electronic Check,No,Yes,No,3,0
CR-3720,5,Month-to-Month,41.74,187.75,3,4,76.1,Electronic Check,Yes,No,Yes,1,1
CR-3721,68,Two-Year,114.07,7780.93,1,31,115.9,Electronic Check,No,Yes,No,4,0
CR-3722,63,Two-Year,111.52,7034.94,0,3,178.1,Mailed Check,Yes,No,Yes,4,0
CR-3723,8,Month-to-Month,94.69,750.13,1,1,26.7,Credit Card,Yes,No,No,4,1
CR-3724,14,One-Year,74.89,1030.79,3,0,186.9,Bank Transfer,No,No,No,3,0
CR-3725,70,Two-Year,39.38,2758.89,3,7,19.1,Electronic Check,No,Yes,No,1,0
CR-3726,19,Two-Year,69.47,1310.84,5,11,241.9,Electronic Check,No,Yes,No,3,0
CR-3727,70,Month-to-Month,60.34,4247.33,2,4,232.6,Credit Card,Yes,Yes,Yes,1,0
CR-3728,55,One-Year,68.94,3828.94,1,12,200.4,Mailed Check,Yes,Yes,No,3,0
CR-3729,5,One-Year,69.68,307.38,2,0,105.9,Electronic Check,No,No,No,2,0
CR-3730,28,Two-Year,67.91,1864.71,3,21,173.6,Mailed Check,Yes,No,No,2,0
CR-3731,1,Month-to-Month,93.95,134.39,2,18,118.9,Bank Transfer,Yes,Yes,No,4,0
CR-3732,8,One-Year,61.1,493.77,2,46,77.5,Electronic Check,Yes,Yes,Yes,1,0
CR-3733,54,Month-to-Month,27.41,1446.19,1,30,132.9,Electronic Check,Yes,Yes,No,1,0
CR-3734,26,One-Year,60.2,1594.7,1,4,215.9,Credit Card,Yes,No,No,2,0
CR-3735,66,One-Year,74.11,4901.51,1,5,163.5,Bank Transfer,No,No,Yes,3,0
CR-3736,25,Month-to-Month,70.61,1831.35,3,15,276.1,Credit Card,Yes,No,No,2,1
CR-3737,9,One-Year,64.54,573.8,0,1,221.3,Electronic Check,No,No,Yes,2,0
CR-3738,1,Month-to-Month,61.73,94.99,0,4,212.7,Credit Card,Yes,No,Yes,3,0
CR-3739,5,Month-to-Month,55.39,233.48,3,1,31.3,Electronic Check,Yes,No,No,1,1
CR-3740,47,Two-Year,65.85,3136.83,3,6,137.2,Electronic Check,Yes,No,No,2,0
CR-3741,8,Month-to-Month,68.65,577.52,3,8,74.9,Electronic Check,Yes,Yes,Yes,3,1
CR-3742,17,Two-Year,57.5,1025.63,1,2,145.4,Credit Card,Yes,Yes,No,2,0
CR-3743,7,Two-Year,48.0,369.32,1,0,104.5,Credit Card,No,Yes,Yes,2,0
CR-3744,5,Month-to-Month,41.29,203.48,0,13,129.8,Electronic Check,No,Yes,No,1,0
CR-3745,71,One-Year,44.5,3124.37,1,0,244.9,Bank Transfer,Yes,Yes,No,1,0
CR-3746,32,Month-to-Month,39.65,1250.74,0,39,198.0,Credit Card,Yes,Yes,No,1,0
CR-3747,14,One-Year,56.5,738.17,1,2,240.6,Electronic Check,Yes,Yes,No,2,0
CR-3748,8,Month-to-Month,26.87,187.33,3,11,31.9,Mailed Check,Yes,No,No,1,1
CR-3749,11,Month-to-Month,64.37,720.85,3,6,164.6,Mailed Check,No,No,No,2,0
CR-3750,10,Two-Year,23.76,236.17,2,0,237.3,Bank Transfer,Yes,Yes,No,1,0
CR-3751,39,One-Year,79.31,3086.38,0,7,280.5,Bank Transfer,Yes,No,No,3,0
CR-3752,1,Month-to-Month,61.01,61.01,2,7,36.2,Credit Card,No,No,No,3,1
CR-3753,61,Month-to-Month,61.51,3698.94,1,21,131.9,Electronic Check,Yes,Yes,Yes,2,1
CR-3754,38,Two-Year,60.94,2321.18,1,14,242.7,Electronic Check,Yes,No,No,2,0
CR-3755,27,Two-Year,101.03,2739.18,2,0,144.6,Electronic Check,Yes,Yes,Yes,4,0
CR-3756,6,Month-to-Month,69.62,387.97,2,2,87.2,Mailed Check,Yes,No,Yes,2,0
CR-3757,12,Month-to-Month,107.48,1273.76,3,4,36.0,Credit Card,No,No,No,4,1
CR-3758,18,One-Year,26.9,530.46,0,1,84.1,Electronic Check,Yes,No,No,1,0
CR-3759,12,One-Year,78.42,975.82,1,6,24.9,Bank Transfer,Yes,No,Yes,3,0
CR-3760,68,Two-Year,81.11,5470.95,0,45,164.7,Electronic Check,Yes,No,No,2,0
CR-3761,67,One-Year,44.19,2958.19,3,7,231.7,Credit Card,Yes,Yes,No,1,0
CR-3762,6,Month-to-Month,88.69,575.79,1,14,59.1,Electronic Check,Yes,Yes,No,4,1
CR-3763,9,Two-Year,96.2,859.31,0,12,180.6,Credit Card,No,No,No,4,0
CR-3764,5,One-Year,57.16,277.73,0,20,227.6,Electronic Check,Yes,No,Yes,2,1
CR-3765,4,Month-to-Month,85.24,373.74,1,2,159.8,Bank Transfer,No,No,No,4,0
CR-3766,30,One-Year,51.69,1580.31,2,15,31.1,Electronic Check,Yes,No,No,1,0
CR-3767,9,Month-to-Month,66.84,629.62,0,23,190.9,Electronic Check,Yes,Yes,Yes,2,1
CR-3768,9,Month-to-Month,29.65,258.99,3,2,155.6,Bank Transfer,Yes,No,No,1,1
CR-3769,14,Month-to-Month,42.07,608.87,1,4,147.5,Bank Transfer,No,No,Yes,1,1
CR-3770,15,One-Year,73.34,1144.94,3,38,116.3,Mailed Check,Yes,No,Yes,3,0
CR-3771,16,One-Year,44.98,718.18,1,16,166.9,Credit Card,Yes,No,Yes,2,0
CR-3772,70,Month-to-Month,28.85,2007.4,0,3,200.8,Bank Transfer,Yes,Yes,No,1,0
CR-3773,25,One-Year,48.34,1245.4,3,9,351.3,Mailed Check,Yes,No,Yes,2,0
CR-3774,36,Two-Year,42.42,1588.48,2,5,169.0,Credit Card,Yes,No,No,1,0
CR-3775,59,Two-Year,56.42,3392.23,1,7,280.9,Bank Transfer,No,Yes,No,2,0
CR-3776,21,One-Year,33.41,690.37,2,4,188.6,Bank Transfer,Yes,No,Yes,1,0
CR-3777,24,Two-Year,75.08,1793.7,2,3,152.0,Mailed Check,Yes,No,Yes,3,0
CR-3778,27,Month-to-Month,50.48,1332.09,3,12,171.9,Bank Transfer,Yes,Yes,Yes,1,0
CR-3779,7,Month-to-Month,64.57,455.53,1,16,62.3,Credit Card,Yes,Yes,No,2,1
CR-3780,2,One-Year,53.02,73.82,1,22,184.5,Electronic Check,Yes,Yes,No,1,1
CR-3781,1,Month-to-Month,58.72,58.72,0,1,12.0,Credit Card,No,No,No,2,1
CR-3782,8,Month-to-Month,59.03,493.27,2,19,91.0,Electronic Check,Yes,No,Yes,1,0
CR-3783,32,Month-to-Month,64.48,2075.06,4,3,168.8,Electronic Check,No,No,No,2,1
CR-3784,16,Two-Year,56.11,843.44,1,6,255.5,Credit Card,Yes,Yes,No,2,0
CR-3785,8,Month-to-Month,79.93,686.55,3,25,274.4,Credit Card,No,No,No,3,1
CR-3786,7,One-Year,30.52,181.03,1,6,141.1,Bank Transfer,No,Yes,No,1,0
CR-3787,11,Month-to-Month,75.94,806.51,1,2,172.5,Bank Transfer,Yes,No,No,3,0
CR-3788,11,Month-to-Month,47.3,483.13,2,1,238.7,Electronic Check,Yes,No,No,1,0
CR-3789,6,One-Year,49.12,274.88,2,7,53.6,Electronic Check,No,Yes,No,1,0
CR-3790,39,Two-Year,38.9,1490.2,0,15,192.4,Electronic Check,Yes,Yes,Yes,1,0
CR-3791,65,One-Year,70.34,4545.93,3,60,93.8,Electronic Check,Yes,No,No,1,1
CR-3792,13,One-Year,59.28,696.71,1,17,146.3,Bank Transfer,Yes,Yes,No,2,0
CR-3793,7,One-Year,80.22,565.44,3,23,123.3,Credit Card,No,Yes,Yes,4,0
CR-3794,27,Month-to-Month,55.13,1495.47,3,15,194.8,Electronic Check,Yes,Yes,No,1,1
CR-3795,1,Month-to-Month,67.07,134.4,2,24,204.0,Electronic Check,Yes,Yes,Yes,2,0
CR-3796,30,Month-to-Month,63.32,1914.19,2,0,231.3,Mailed Check,No,No,Yes,2,0
CR-3797,22,Two-Year,56.35,1224.8,1,29,187.9,Credit Card,Yes,No,Yes,2,0
CR-3798,9,Month-to-Month,64.93,548.35,2,5,173.7,Electronic Check,No,No,Yes,2,0
CR-3799,32,One-Year,95.19,3043.19,2,28,308.3,Electronic Check,No,Yes,No,3,0
CR-3800,7,Month-to-Month,45.02,328.6,2,0,38.1,Credit Card,Yes,Yes,No,1,1
CR-3801,71,One-Year,64.3,4550.2,1,13,295.6,Electronic Check,No,No,No,3,0
CR-3802,61,Two-Year,18.5,1130.33,1,14,136.8,Credit Card,Yes,No,No,1,0
CR-3803,46,Month-to-Month,64.85,3040.02,2,60,205.7,Bank Transfer,No,Yes,No,2,0
CR-3804,13,One-Year,51.14,653.3,1,16,133.9,Mailed Check,Yes,No,Yes,2,0
CR-3805,2,One-Year,60.0,63.4,4,5,103.8,Credit Card,Yes,No,No,2,0
CR-3806,7,One-Year,34.91,270.57,2,8,198.8,Electronic Check,Yes,Yes,No,1,0
CR-3807,32,Month-to-Month,34.19,1103.51,3,5,243.4,Electronic Check,No,No,No,1,1
CR-3808,29,Two-Year,35.35,973.88,1,2,197.8,Bank Transfer,Yes,No,No,1,0
CR-3809,31,One-Year,72.25,2252.58,0,3,116.6,Electronic Check,No,Yes,No,3,0
CR-3810,8,One-Year,50.76,376.14,2,2,448.9,Electronic Check,Yes,Yes,Yes,1,0
CR-3811,21,One-Year,84.74,1792.78,1,8,255.9,Electronic Check,No,Yes,Yes,3,0
CR-3812,5,Month-to-Month,30.92,211.82,3,26,234.7,Bank Transfer,Yes,No,No,1,1
CR-3813,4,One-Year,68.28,267.81,3,26,131.8,Bank Transfer,Yes,No,No,3,1
CR-3814,40,Two-Year,64.79,2624.1,0,0,110.0,Electronic Check,Yes,Yes,Yes,2,0
CR-3815,26,One-Year,53.53,1354.93,0,0,137.6,Credit Card,Yes,No,No,1,0
CR-3816,22,Month-to-Month,107.37,2316.56,0,3,246.5,Bank Transfer,No,Yes,No,4,0
CR-3817,3,Month-to-Month,32.97,159.43,5,3,80.8,Mailed Check,Yes,No,No,1,1
CR-3818,16,Month-to-Month,70.89,1143.47,4,1,74.5,Credit Card,No,No,No,2,0
CR-3819,6,Month-to-Month,43.24,278.54,3,5,203.2,Mailed Check,No,No,No,2,0
CR-3820,17,Month-to-Month,58.97,1037.05,1,9,185.5,Mailed Check,No,Yes,No,2,0
CR-3821,31,Two-Year,101.87,3142.14,1,9,98.4,Bank Transfer,Yes,Yes,No,4,0
CR-3822,13,Month-to-Month,58.21,781.48,2,8,72.7,Bank Transfer,Yes,No,No,3,0
CR-3823,8,Month-to-Month,99.93,819.65,1,4,275.0,Electronic Check,Yes,No,Yes,3,1
CR-3824,6,Month-to-Month,110.27,622.78,0,13,188.6,Bank Transfer,Yes,No,No,4,1
CR-3825,2,Month-to-Month,67.47,180.33,1,19,50.9,Electronic Check,Yes,No,No,2,1
CR-3826,52,Month-to-Month,33.35,1773.41,1,4,56.5,Credit Card,No,No,Yes,1,1
CR-3827,60,One-Year,78.32,4660.69,0,0,131.1,Electronic Check,No,No,No,3,0
CR-3828,23,One-Year,68.9,1590.71,2,3,218.6,Electronic Check,Yes,No,No,2,0
CR-3829,28,Two-Year,31.77,882.63,3,1,207.6,Electronic Check,No,Yes,No,1,0
CR-3830,1,Month-to-Month,59.2,101.75,2,6,250.5,Mailed Check,Yes,No,Yes,2,0
CR-3831,44,One-Year,106.1,4626.08,6,1,40.8,Electronic Check,Yes,Yes,No,4,0
CR-3832,8,Month-to-Month,28.05,332.47,2,6,177.9,Mailed Check,Yes,No,No,1,1
CR-3833,61,Two-Year,82.32,5016.29,2,2,274.1,Electronic Check,Yes,No,Yes,3,0
CR-3834,44,Two-Year,43.45,1933.95,5,14,266.6,Credit Card,No,Yes,Yes,2,0
CR-3835,11,Month-to-Month,33.56,410.78,2,0,188.7,Electronic Check,No,No,Yes,1,0
CR-3836,26,One-Year,73.95,1916.82,1,8,347.8,Electronic Check,Yes,Yes,Yes,3,0
CR-3837,1,One-Year,102.14,102.14,1,2,208.7,Mailed Check,No,No,Yes,4,0
CR-3838,59,Month-to-Month,35.99,2108.33,2,0,243.4,Electronic Check,Yes,No,No,1,0
CR-3839,62,One-Year,62.26,3833.56,0,22,163.6,Electronic Check,No,Yes,Yes,2,0
CR-3840,50,Two-Year,54.13,2714.66,3,12,97.5,Bank Transfer,Yes,No,No,2,0
CR-3841,5,Month-to-Month,73.69,364.39,3,1,90.0,Credit Card,No,No,No,3,1
CR-3842,71,Two-Year,55.51,3925.93,1,11,174.5,Mailed Check,Yes,No,No,1,0
CR-3843,65,Two-Year,31.5,2033.97,1,10,143.1,Credit Card,Yes,No,Yes,1,0
CR-3844,18,Month-to-Month,86.59,1575.91,3,7,18.5,Bank Transfer,Yes,No,No,3,1
CR-3845,5,Month-to-Month,60.99,281.02,3,5,77.9,Bank Transfer,Yes,Yes,Yes,2,1
CR-3846,60,Two-Year,55.24,3306.99,1,23,134.5,Bank Transfer,Yes,No,Yes,2,0
CR-3847,41,One-Year,66.82,2766.58,1,3,218.2,Bank Transfer,Yes,Yes,No,3,0
CR-3848,4,Month-to-Month,85.54,349.58,3,5,158.7,Electronic Check,No,No,Yes,4,1
CR-3849,25,Two-Year,89.61,2208.76,3,4,154.2,Credit Card,Yes,Yes,No,4,0
CR-3850,51,One-Year,41.5,2115.78,0,16,81.0,Electronic Check,No,Yes,No,1,0
CR-3851,37,One-Year,103.04,3825.59,1,27,161.9,Bank Transfer,Yes,Yes,No,4,0
CR-3852,44,One-Year,76.0,3373.68,3,20,265.5,Electronic Check,No,No,Yes,3,0
CR-3853,3,Month-to-Month,40.67,99.35,1,17,172.4,Electronic Check,No,No,Yes,1,0
CR-3854,8,Month-to-Month,60.16,464.52,3,47,39.4,Bank Transfer,Yes,No,No,2,1
CR-3855,53,Two-Year,47.77,2510.96,0,13,59.9,Electronic Check,No,No,No,1,0
CR-3856,6,One-Year,85.45,493.33,1,15,207.1,Electronic Check,No,No,No,3,0
CR-3857,45,One-Year,65.13,2943.0,3,44,142.1,Electronic Check,Yes,Yes,No,3,0
CR-3858,14,Two-Year,76.18,1084.35,0,0,154.0,Electronic Check,No,No,No,3,0
CR-3859,10,Two-Year,55.27,584.23,3,11,111.0,Electronic Check,Yes,No,No,1,0
CR-3860,18,Month-to-Month,47.84,858.38,0,14,200.3,Credit Card,Yes,Yes,Yes,2,0
CR-3861,2,Month-to-Month,43.74,45.32,1,27,135.9,Bank Transfer,Yes,No,No,1,1
CR-3862,35,Two-Year,95.29,3355.23,2,23,145.1,Bank Transfer,Yes,No,No,4,0
CR-3863,37,Two-Year,55.33,2051.98,0,20,91.9,Credit Card,Yes,Yes,Yes,2,0
CR-3864,46,Month-to-Month,58.91,2711.66,0,32,233.7,Credit Card,No,No,No,1,0
CR-3865,34,Month-to-Month,43.37,1436.08,0,8,142.3,Electronic Check,No,Yes,No,1,0
CR-3866,35,Month-to-Month,76.11,2657.97,1,0,208.6,Credit Card,No,Yes,Yes,2,0
CR-3867,71,Two-Year,61.06,4299.45,2,0,64.5,Mailed Check,Yes,No,No,2,0
CR-3868,40,One-Year,83.6,3358.46,1,8,298.7,Electronic Check,No,No,Yes,3,0
CR-3869,27,One-Year,37.23,992.31,1,6,262.2,Credit Card,Yes,Yes,Yes,1,0
CR-3870,1,One-Year,55.34,55.34,0,6,12.0,Electronic Check,No,Yes,No,2,1
CR-3871,6,Month-to-Month,47.09,236.43,0,5,95.8,Electronic Check,Yes,No,No,1,1
CR-3872,14,One-Year,65.28,944.73,2,27,198.2,Electronic Check,No,Yes,No,2,0
CR-3873,45,One-Year,102.98,4626.34,2,4,54.4,Credit Card,No,No,Yes,4,1
CR-3874,5,One-Year,64.77,326.46,4,21,149.5,Credit Card,No,Yes,No,2,1
CR-3875,65,One-Year,29.64,1904.54,0,25,194.1,Bank Transfer,No,No,No,1,0
CR-3876,22,One-Year,88.94,1907.16,5,7,145.2,Bank Transfer,No,No,No,4,0
CR-3877,71,Two-Year,51.5,3640.55,3,6,203.1,Bank Transfer,No,No,No,1,0
CR-3878,18,Month-to-Month,59.42,1058.41,2,15,104.5,Electronic Check,No,No,No,3,0
CR-3879,69,Month-to-Month,63.93,4419.95,3,13,12.0,Credit Card,No,No,No,2,0
CR-3880,9,Month-to-Month,41.88,366.27,1,4,238.6,Bank Transfer,Yes,No,No,1,1
CR-3881,17,Month-to-Month,51.5,853.95,1,1,238.1,Bank Transfer,No,No,No,1,1
CR-3882,16,One-Year,47.17,709.62,2,3,360.3,Bank Transfer,Yes,No,Yes,1,0
CR-3883,10,One-Year,72.36,725.05,3,1,12.0,Mailed Check,No,Yes,No,3,1
CR-3884,8,Month-to-Month,71.91,551.38,1,3,220.1,Credit Card,Yes,Yes,Yes,3,0
CR-3885,66,Two-Year,55.77,3720.44,2,3,12.0,Electronic Check,No,No,No,2,0
CR-3886,34,One-Year,48.8,1663.7,2,11,300.5,Bank Transfer,Yes,No,No,1,0
CR-3887,17,One-Year,55.98,968.52,1,33,199.0,Electronic Check,Yes,No,No,3,0
CR-3888,36,One-Year,62.57,2245.06,3,12,83.8,Mailed Check,No,Yes,Yes,2,0
CR-3889,5,Month-to-Month,52.17,266.89,3,28,222.4,Bank Transfer,Yes,No,No,2,1
CR-3890,16,Month-to-Month,62.91,979.84,3,16,115.8,Electronic Check,Yes,No,No,2,0
CR-3891,27,One-Year,64.44,1704.53,5,14,184.0,Bank Transfer,No,No,No,2,0
CR-3892,55,One-Year,44.38,2441.35,2,5,176.5,Electronic Check,Yes,Yes,Yes,2,0
CR-3893,10,Month-to-Month,58.73,604.41,0,4,299.5,Bank Transfer,Yes,No,No,2,0
CR-3894,24,Month-to-Month,62.56,1443.07,2,20,305.2,Electronic Check,No,Yes,No,2,1
CR-3895,55,Two-Year,79.88,4378.43,1,25,112.2,Electronic Check,No,No,No,3,0
CR-3896,6,Month-to-Month,59.78,413.94,0,6,244.6,Electronic Check,Yes,No,No,2,0
CR-3897,11,Month-to-Month,48.79,551.07,2,0,188.4,Electronic Check,Yes,No,Yes,2,0
CR-3898,19,One-Year,32.31,660.02,2,17,47.0,Electronic Check,Yes,No,No,1,0
CR-3899,16,Month-to-Month,65.22,1024.5,2,3,104.3,Credit Card,Yes,No,No,3,0
CR-3900,41,Two-Year,48.54,1976.4,3,0,346.9,Electronic Check,Yes,Yes,No,1,0
CR-3901,44,One-Year,41.84,1869.96,0,17,188.6,Electronic Check,Yes,No,Yes,1,0
CR-3902,39,One-Year,78.48,3079.43,3,8,240.0,Credit Card,Yes,Yes,Yes,3,0
CR-3903,34,One-Year,25.95,879.47,0,12,143.0,Credit Card,No,No,No,1,0
CR-3904,29,Month-to-Month,60.66,1721.26,1,27,116.8,Bank Transfer,Yes,No,No,2,0
CR-3905,28,Month-to-Month,103.34,2928.23,3,8,162.2,Electronic Check,Yes,No,Yes,4,1
CR-3906,2,One-Year,42.58,160.47,0,7,138.7,Credit Card,No,No,Yes,2,0
CR-3907,52,One-Year,37.65,1910.64,1,3,40.5,Electronic Check,Yes,No,Yes,1,0
CR-3908,56,One-Year,45.3,2578.91,0,4,79.7,Mailed Check,No,Yes,No,2,0
CR-3909,65,Month-to-Month,74.8,4847.95,0,17,216.6,Credit Card,Yes,No,No,3,0
CR-3910,33,One-Year,51.99,1705.67,1,6,129.5,Bank Transfer,Yes,No,Yes,2,0
CR-3911,10,Month-to-Month,82.81,836.19,3,1,162.1,Electronic Check,Yes,No,No,3,1
CR-3912,71,Two-Year,80.69,5692.82,1,1,178.8,Electronic Check,Yes,No,Yes,3,0
CR-3913,67,Two-Year,73.92,4951.53,1,7,185.0,Mailed Check,No,No,Yes,2,0
CR-3914,3,Month-to-Month,78.46,187.04,4,6,251.7,Credit Card,No,Yes,No,3,1
CR-3915,6,Month-to-Month,64.38,400.56,2,11,72.1,Electronic Check,Yes,Yes,No,2,0
CR-3916,1,One-Year,55.42,122.43,1,7,205.6,Electronic Check,Yes,Yes,No,2,0
CR-3917,70,Two-Year,49.97,3478.71,1,1,220.4,Bank Transfer,Yes,No,Yes,2,0
CR-3918,2,Month-to-Month,51.35,97.64,0,7,238.9,Mailed Check,No,Yes,Yes,1,1
CR-3919,23,One-Year,55.43,1271.31,3,26,47.0,Credit Card,Yes,No,No,1,1
CR-3920,20,Month-to-Month,68.06,1390.79,1,1,180.4,Electronic Check,Yes,Yes,No,2,1
CR-3921,39,Month-to-Month,62.31,2442.26,4,12,297.3,Bank Transfer,Yes,No,No,2,0
CR-3922,30,Month-to-Month,51.26,1565.41,2,9,152.1,Electronic Check,Yes,No,No,2,0
CR-3923,6,Month-to-Month,90.42,527.33,2,15,198.7,Mailed Check,Yes,Yes,Yes,3,0
CR-3924,25,One-Year,66.8,1683.01,3,1,222.4,Electronic Check,No,Yes,No,2,0
CR-3925,72,Two-Year,99.25,7044.97,1,31,78.0,Credit Card,No,No,No,3,0
CR-3926,5,Month-to-Month,67.46,357.32,3,10,306.7,Electronic Check,No,No,No,3,1
CR-3927,63,Month-to-Month,69.63,4350.16,0,20,200.0,Electronic Check,Yes,No,Yes,2,0
CR-3928,5,One-Year,66.49,322.62,6,3,201.6,Credit Card,Yes,Yes,No,2,0
CR-3929,1,Month-to-Month,57.58,79.94,3,14,27.0,Credit Card,Yes,No,No,2,1
CR-3930,17,One-Year,92.64,1528.8,0,16,223.6,Electronic Check,Yes,No,Yes,3,0
CR-3931,29,Month-to-Month,47.02,1396.26,1,5,200.5,Bank Transfer,Yes,Yes,No,1,0
CR-3932,11,Month-to-Month,51.63,564.2,1,5,289.9,Bank Transfer,Yes,No,No,2,0
CR-3933,12,Month-to-Month,41.82,545.43,1,11,135.1,Credit Card,Yes,No,Yes,1,0
CR-3934,4,Month-to-Month,33.51,106.95,2,1,81.0,Bank Transfer,Yes,Yes,Yes,1,0
CR-3935,64,One-Year,56.31,3549.46,0,14,105.4,Electronic Check,Yes,No,No,2,0
CR-3936,31,Month-to-Month,50.04,1550.37,1,0,119.6,Bank Transfer,Yes,No,Yes,1,0
CR-3937,1,Month-to-Month,70.89,88.5,2,2,70.5,Mailed Check,Yes,Yes,Yes,2,0
CR-3938,33,One-Year,99.21,3294.06,1,12,263.2,Credit Card,Yes,No,Yes,4,0
CR-3939,32,Month-to-Month,89.5,2829.94,5,1,266.2,Bank Transfer,Yes,Yes,Yes,4,0
CR-3940,4,Month-to-Month,46.82,138.54,4,39,144.3,Mailed Check,Yes,No,No,1,1
CR-3941,56,Two-Year,86.23,4819.51,2,22,128.6,Electronic Check,Yes,No,No,3,0
CR-3942,1,Month-to-Month,77.28,92.77,1,10,14.8,Bank Transfer,Yes,No,Yes,4,0
CR-3943,36,Two-Year,44.16,1603.73,3,18,215.7,Credit Card,No,No,No,1,0
CR-3944,39,Two-Year,59.1,2352.06,2,24,292.3,Electronic Check,Yes,Yes,No,2,0
CR-3945,52,One-Year,106.54,5528.88,2,3,109.0,Mailed Check,Yes,No,No,4,0
CR-3946,68,Two-Year,46.86,3131.13,2,20,150.7,Electronic Check,No,No,Yes,1,0
CR-3947,1,One-Year,101.84,137.74,6,2,194.7,Electronic Check,Yes,No,No,4,1
CR-3948,7,One-Year,56.18,399.12,1,5,298.0,Electronic Check,Yes,No,Yes,2,0
CR-3949,23,Month-to-Month,43.02,997.93,0,8,176.0,Electronic Check,Yes,No,Yes,1,0
CR-3950,27,Month-to-Month,70.44,1924.89,0,13,175.6,Bank Transfer,No,No,Yes,2,1
CR-3951,6,Month-to-Month,60.35,400.01,0,0,174.3,Bank Transfer,No,No,Yes,2,0
CR-3952,6,Month-to-Month,44.75,267.81,2,3,46.0,Electronic Check,No,Yes,No,1,1
CR-3953,4,Month-to-Month,45.64,217.86,4,10,44.3,Credit Card,No,Yes,Yes,2,0
CR-3954,7,Month-to-Month,60.31,438.73,1,4,95.4,Electronic Check,Yes,No,No,2,0
CR-3955,20,Month-to-Month,40.88,797.93,0,16,241.0,Credit Card,No,Yes,Yes,2,1
CR-3956,11,Month-to-Month,37.84,409.24,2,11,133.2,Electronic Check,Yes,Yes,No,1,0
CR-3957,43,Two-Year,79.64,3443.02,0,2,117.6,Bank Transfer,Yes,Yes,Yes,3,0
CR-3958,2,Month-to-Month,68.67,116.08,0,1,116.2,Bank Transfer,Yes,Yes,No,2,0
CR-3959,31,One-Year,69.01,2165.9,2,10,149.0,Bank Transfer,Yes,Yes,Yes,3,0
CR-3960,10,Month-to-Month,82.74,832.15,0,6,296.2,Credit Card,Yes,Yes,Yes,3,0
CR-3961,61,Two-Year,75.68,4627.93,1,2,147.9,Mailed Check,Yes,Yes,Yes,2,0
CR-3962,20,One-Year,36.59,775.02,1,4,97.1,Electronic Check,No,Yes,No,1,0
CR-3963,10,Month-to-Month,81.53,826.0,3,3,162.0,Bank Transfer,Yes,Yes,Yes,4,0
CR-3964,26,One-Year,81.9,2131.54,1,1,300.4,Bank Transfer,No,Yes,No,3,0
CR-3965,69,Two-Year,31.08,2142.04,2,8,119.8,Mailed Check,Yes,No,Yes,1,0
CR-3966,41,One-Year,70.81,2899.17,3,15,65.5,Credit Card,No,Yes,No,3,0
CR-3967,4,Month-to-Month,52.23,218.29,1,9,119.9,Bank Transfer,Yes,No,No,1,0
CR-3968,64,Two-Year,61.77,3994.18,2,19,170.3,Bank Transfer,No,Yes,Yes,1,0
CR-3969,26,Month-to-Month,50.99,1307.39,2,1,215.1,Electronic Check,Yes,Yes,Yes,2,0
CR-3970,20,Month-to-Month,35.63,691.98,0,6,240.6,Credit Card,Yes,No,Yes,1,1
CR-3971,31,Two-Year,92.6,2909.15,4,10,76.3,Credit Card,No,No,No,4,0
CR-3972,57,Two-Year,73.52,4173.66,3,12,83.9,Mailed Check,No,Yes,Yes,3,0
CR-3973,5,Month-to-Month,80.33,408.13,3,13,134.1,Bank Transfer,Yes,Yes,No,2,1
CR-3974,35,Month-to-Month,37.69,1301.4,2,14,214.8,Credit Card,Yes,Yes,No,1,0
CR-3975,39,One-Year,57.12,2177.3,3,11,59.2,Bank Transfer,Yes,No,No,2,0
CR-3976,1,Month-to-Month,77.16,83.11,1,1,111.4,Bank Transfer,Yes,Yes,No,2,1
CR-3977,35,Month-to-Month,66.77,2370.41,1,13,112.6,Electronic Check,No,Yes,No,2,0
CR-3978,41,Two-Year,52.86,2165.4,1,14,235.3,Credit Card,Yes,No,Yes,1,0
CR-3979,33,Month-to-Month,51.94,1669.57,3,55,202.3,Electronic Check,No,Yes,No,2,1
CR-3980,4,Month-to-Month,55.7,226.07,2,13,232.3,Electronic Check,No,Yes,Yes,2,0
CR-3981,54,One-Year,86.6,4653.72,2,12,267.1,Credit Card,Yes,Yes,Yes,4,0
CR-3982,13,Two-Year,105.01,1286.54,4,7,135.5,Mailed Check,Yes,Yes,No,4,1
CR-3983,26,Month-to-Month,73.25,1902.07,3,22,65.0,Bank Transfer,Yes,Yes,No,2,1
CR-3984,31,Month-to-Month,55.0,1720.53,1,60,65.5,Credit Card,No,No,No,2,1
CR-3985,34,Month-to-Month,39.36,1373.57,1,16,13.0,Credit Card,Yes,No,No,1,0
CR-3986,56,Two-Year,39.8,2281.51,2,10,123.3,Electronic Check,Yes,Yes,No,1,0
CR-3987,9,Month-to-Month,81.53,753.3,1,0,129.3,Electronic Check,Yes,No,Yes,4,0
CR-3988,26,One-Year,54.26,1438.77,1,14,223.0,Mailed Check,Yes,No,No,2,0
CR-3989,13,One-Year,50.73,620.95,1,13,161.4,Mailed Check,Yes,No,Yes,1,0
CR-3990,6,Month-to-Month,52.25,362.15,0,16,120.8,Bank Transfer,Yes,No,No,2,0
CR-3991,23,One-Year,97.93,2290.41,1,1,150.7,Electronic Check,Yes,No,No,4,0
CR-3992,1,Month-to-Month,47.92,47.92,2,11,76.9,Mailed Check,No,Yes,No,2,1
CR-3993,23,Month-to-Month,41.56,976.33,2,3,242.0,Credit Card,Yes,Yes,No,1,0
CR-3994,15,Month-to-Month,91.37,1387.98,2,15,97.1,Electronic Check,No,No,Yes,4,0
CR-3995,7,Month-to-Month,48.78,385.57,1,3,68.8,Electronic Check,Yes,Yes,No,2,0
CR-3996,15,Month-to-Month,68.9,1028.97,4,12,225.4,Mailed Check,No,No,No,2,0
CR-3997,3,Month-to-Month,51.47,132.02,2,3,205.9,Electronic Check,Yes,No,Yes,1,1
CR-3998,25,Month-to-Month,69.3,1717.8,1,0,22.1,Electronic Check,Yes,Yes,Yes,3,0
CR-3999,9,Month-to-Month,76.84,718.46,0,11,228.4,Bank Transfer,No,Yes,No,3,1
CR-4000,63,One-Year,61.44,3813.12,1,1,100.7,Electronic Check,No,Yes,Yes,2,0
CR-4001,11,Two-Year,24.85,183.44,0,11,130.1,Electronic Check,Yes,No,Yes,1,0
CR-4002,45,Two-Year,47.03,2143.18,1,28,175.0,Electronic Check,Yes,No,No,2,0
CR-4003,20,Month-to-Month,55.86,1125.44,1,38,206.9,Electronic Check,No,No,Yes,1,1
CR-4004,32,Month-to-Month,32.35,1035.75,3,2,195.6,Credit Card,Yes,No,No,1,0
CR-4005,53,One-Year,73.58,3860.57,2,18,156.0,Bank Transfer,No,Yes,No,2,0
CR-4006,28,One-Year,29.55,776.1,2,4,126.0,Electronic Check,No,No,No,1,0
CR-4007,16,Month-to-Month,103.59,1638.4,0,25,193.0,Electronic Check,Yes,No,Yes,4,1
CR-4008,1,Month-to-Month,39.89,50.74,1,17,150.5,Electronic Check,No,No,No,1,0
CR-4009,19,One-Year,59.29,1108.94,2,0,304.4,Electronic Check,Yes,No,No,2,0
CR-4010,70,Two-Year,61.56,4336.2,1,5,206.9,Credit Card,No,Yes,No,1,0
CR-4011,70,One-Year,48.46,3363.58,1,4,86.1,Electronic Check,Yes,Yes,Yes,2,0
CR-4012,10,One-Year,48.95,473.92,1,16,121.8,Bank Transfer,Yes,Yes,No,1,0
CR-4013,11,One-Year,66.53,752.93,1,5,163.9,Credit Card,No,No,No,2,0
CR-4014,65,Month-to-Month,112.55,7304.44,1,12,264.0,Electronic Check,Yes,No,Yes,3,0
CR-4015,4,Month-to-Month,86.23,335.1,1,10,272.9,Electronic Check,No,No,Yes,4,0
CR-4016,15,Month-to-Month,54.74,801.8,0,40,128.3,Credit Card,Yes,No,No,2,1
CR-4017,63,One-Year,51.16,3198.21,3,30,85.3,Credit Card,Yes,Yes,Yes,1,0
CR-4018,10,Month-to-Month,41.0,420.63,2,6,75.1,Mailed Check,Yes,No,No,1,0
CR-4019,32,One-Year,74.37,2394.35,2,14,180.2,Bank Transfer,No,Yes,No,3,0
CR-4020,14,One-Year,52.58,742.93,3,19,344.3,Mailed Check,Yes,Yes,No,1,0
CR-4021,3,One-Year,58.33,156.5,1,25,203.1,Credit Card,No,No,No,2,1
CR-4022,7,Month-to-Month,88.08,610.52,1,0,32.5,Bank Transfer,Yes,No,Yes,4,1
CR-4023,67,Two-Year,86.26,5827.3,3,3,101.9,Bank Transfer,Yes,No,No,3,0
CR-4024,38,One-Year,82.75,3101.87,1,4,110.1,Electronic Check,No,No,No,3,0
CR-4025,32,One-Year,75.87,2484.42,5,6,94.2,Bank Transfer,Yes,No,No,3,0
CR-4026,56,One-Year,57.4,3217.39,0,2,129.0,Electronic Check,Yes,No,No,2,0
CR-4027,8,Month-to-Month,69.85,553.4,1,7,189.6,Electronic Check,No,No,Yes,3,0
CR-4028,53,Two-Year,68.25,3645.85,1,11,214.6,Electronic Check,Yes,Yes,No,2,0
CR-4029,57,One-Year,93.4,5261.78,2,7,247.3,Electronic Check,No,Yes,No,4,0
CR-4030,14,One-Year,35.3,535.61,2,12,201.9,Bank Transfer,No,No,Yes,1,0
CR-4031,5,Month-to-Month,48.14,296.43,1,0,12.0,Bank Transfer,Yes,No,Yes,2,0
CR-4032,56,One-Year,46.92,2660.16,1,22,75.4,Electronic Check,No,Yes,No,1,0
CR-4033,34,One-Year,37.91,1225.87,3,30,147.4,Credit Card,No,Yes,No,1,0
CR-4034,4,Month-to-Month,40.87,186.41,1,10,171.8,Bank Transfer,No,No,Yes,2,0
CR-4035,2,Month-to-Month,48.97,147.32,5,23,228.9,Bank Transfer,Yes,No,No,2,1
CR-4036,1,Month-to-Month,58.66,104.94,1,1,163.5,Electronic Check,No,No,Yes,2,0
CR-4037,2,One-Year,58.94,75.64,3,17,164.1,Credit Card,No,No,No,2,1
CR-4038,5,Month-to-Month,58.56,323.29,3,1,179.0,Bank Transfer,Yes,No,Yes,2,1
CR-4039,63,Month-to-Month,39.17,2521.58,1,5,139.6,Credit Card,Yes,Yes,Yes,1,0
CR-4040,4,Month-to-Month,46.24,185.84,1,4,167.0,Electronic Check,Yes,Yes,No,2,0
CR-4041,4,Month-to-Month,70.25,237.42,1,9,250.1,Bank Transfer,No,Yes,No,3,1
CR-4042,18,One-Year,72.84,1335.98,1,3,153.3,Electronic Check,No,No,No,2,0
CR-4043,35,Month-to-Month,71.36,2529.22,2,11,157.6,Electronic Check,Yes,Yes,No,2,0
CR-4044,34,One-Year,66.78,2266.34,3,5,157.3,Bank Transfer,No,No,Yes,2,1
CR-4045,34,Month-to-Month,83.9,2816.88,2,21,263.8,Mailed Check,Yes,No,No,3,0
CR-4046,6,Month-to-Month,70.05,449.76,0,11,71.4,Bank Transfer,Yes,Yes,Yes,2,0
CR-4047,63,Two-Year,31.79,1979.71,0,2,302.1,Electronic Check,Yes,No,Yes,1,0
CR-4048,15,Month-to-Month,79.33,1201.87,0,4,65.9,Credit Card,Yes,Yes,No,3,0
CR-4049,11,Month-to-Month,67.8,792.54,4,20,107.7,Electronic Check,Yes,Yes,No,3,1
CR-4050,31,Two-Year,67.97,2057.31,0,5,219.6,Electronic Check,No,Yes,Yes,3,0
CR-4051,24,One-Year,64.68,1579.55,0,8,242.4,Bank Transfer,Yes,Yes,No,2,0
CR-4052,23,One-Year,88.47,2028.61,1,11,47.7,Bank Transfer,Yes,No,No,3,0
CR-4053,43,One-Year,59.06,2534.16,3,4,72.6,Bank Transfer,No,No,No,2,1
CR-4054,16,One-Year,95.49,1543.27,2,3,182.2,Electronic Check,No,No,No,3,0
CR-4055,28,Month-to-Month,81.12,2248.22,1,7,347.6,Electronic Check,No,No,No,3,1
CR-4056,4,Month-to-Month,71.23,249.67,0,2,259.7,Mailed Check,Yes,No,No,3,0
CR-4057,1,Month-to-Month,50.13,50.13,1,3,140.2,Mailed Check,No,No,No,2,1
CR-4058,29,One-Year,89.18,2623.17,2,0,12.0,Electronic Check,Yes,No,No,3,0
CR-4059,25,One-Year,44.28,1095.85,1,3,166.5,Credit Card,Yes,No,No,1,0
CR-4060,42,One-Year,49.76,2107.02,1,4,189.0,Electronic Check,No,No,Yes,1,0
CR-4061,29,One-Year,34.42,983.63,2,35,129.4,Electronic Check,Yes,No,Yes,2,0
CR-4062,11,Month-to-Month,63.45,663.1,1,9,91.9,Credit Card,No,Yes,No,2,1
CR-4063,11,Month-to-Month,37.88,436.25,1,17,172.7,Bank Transfer,No,No,No,1,0
CR-4064,64,One-Year,47.06,3021.68,0,0,84.6,Credit Card,Yes,No,No,2,0
CR-4065,12,One-Year,42.37,501.33,2,1,309.8,Bank Transfer,No,No,Yes,1,0
CR-4066,25,Month-to-Month,71.92,1807.06,0,18,281.3,Bank Transfer,Yes,Yes,Yes,2,0
CR-4067,60,Month-to-Month,101.66,6070.79,3,10,212.6,Electronic Check,Yes,Yes,Yes,3,1
CR-4068,45,Two-Year,81.42,3695.72,1,2,167.2,Credit Card,No,No,No,3,0
CR-4069,41,Month-to-Month,53.91,2249.08,1,5,107.2,Mailed Check,No,Yes,Yes,2,0
CR-4070,22,Month-to-Month,89.3,1987.38,2,8,158.3,Bank Transfer,Yes,Yes,No,4,1
CR-4071,9,One-Year,70.63,624.51,0,20,291.1,Electronic Check,No,Yes,No,2,1
CR-4072,7,Month-to-Month,69.03,484.99,3,0,229.5,Mailed Check,Yes,Yes,No,3,1
CR-4073,9,Month-to-Month,67.22,652.05,2,9,176.3,Electronic Check,Yes,Yes,No,2,0
CR-4074,3,Month-to-Month,99.94,338.25,4,13,233.9,Bank Transfer,No,No,No,4,0
CR-4075,58,One-Year,80.83,4747.96,1,41,203.6,Electronic Check,Yes,Yes,No,3,1
CR-4076,4,Month-to-Month,45.32,157.86,1,18,191.7,Electronic Check,No,No,Yes,2,0
CR-4077,27,Month-to-Month,57.43,1524.5,2,3,238.4,Electronic Check,No,No,No,2,0
CR-4078,7,Month-to-Month,46.42,328.97,2,13,201.4,Bank Transfer,No,No,Yes,2,0
CR-4079,10,Month-to-Month,55.12,563.41,1,15,228.7,Bank Transfer,Yes,Yes,Yes,2,0
CR-4080,7,Month-to-Month,70.17,486.92,2,14,172.9,Bank Transfer,No,Yes,No,2,0
CR-4081,11,One-Year,73.31,794.72,1,18,139.7,Bank Transfer,No,No,Yes,2,0
CR-4082,7,Month-to-Month,63.14,480.0,1,25,116.1,Bank Transfer,Yes,No,No,2,1
CR-4083,17,One-Year,55.3,937.38,1,1,106.6,Credit Card,No,No,No,2,0
CR-4084,6,Month-to-Month,94.88,532.82,4,1,31.6,Mailed Check,Yes,Yes,No,3,0
CR-4085,52,Two-Year,73.16,3771.33,3,17,87.0,Electronic Check,Yes,Yes,No,3,0
CR-4086,71,Month-to-Month,31.64,2253.85,2,3,84.7,Electronic Check,Yes,Yes,No,1,0
CR-4087,9,Month-to-Month,49.96,539.72,4,0,119.4,Bank Transfer,No,Yes,Yes,1,1
CR-4088,63,Two-Year,47.58,2968.26,2,5,285.0,Electronic Check,Yes,Yes,Yes,1,0
CR-4089,2,Month-to-Month,37.57,65.69,3,18,147.4,Mailed Check,Yes,Yes,No,1,1
CR-4090,29,Two-Year,44.0,1348.14,3,1,179.3,Electronic Check,Yes,Yes,No,1,0
CR-4091,41,Month-to-Month,83.42,3405.69,3,12,181.9,Bank Transfer,Yes,No,Yes,3,0
CR-4092,39,Two-Year,99.04,3876.22,4,0,287.0,Electronic Check,Yes,No,No,4,0
CR-4093,2,One-Year,65.59,187.46,1,1,114.0,Bank Transfer,No,Yes,Yes,2,0
CR-4094,5,Month-to-Month,55.94,251.16,3,4,142.2,Electronic Check,Yes,No,Yes,2,1
CR-4095,56,One-Year,84.26,4709.28,1,0,151.5,Credit Card,No,No,No,3,0
CR-4096,7,Month-to-Month,97.18,665.73,4,20,250.9,Mailed Check,Yes,Yes,No,4,1
CR-4097,25,Two-Year,92.28,2261.46,0,21,267.5,Electronic Check,Yes,Yes,Yes,4,0
CR-4098,41,One-Year,40.54,1709.22,4,15,198.0,Electronic Check,No,Yes,No,1,0
CR-4099,54,Month-to-Month,42.02,2251.52,4,3,258.6,Bank Transfer,Yes,No,No,1,0
CR-4100,6,Month-to-Month,28.55,145.01,2,8,174.2,Bank Transfer,Yes,Yes,No,1,1
CR-4101,18,One-Year,54.63,970.01,0,2,146.2,Electronic Check,No,Yes,No,2,0
CR-4102,19,Month-to-Month,79.65,1541.21,0,3,254.3,Credit Card,Yes,No,No,3,0
CR-4103,25,Month-to-Month,47.49,1190.64,2,7,199.0,Electronic Check,Yes,No,No,2,1
CR-4104,8,Month-to-Month,72.8,558.65,0,14,101.2,Electronic Check,Yes,Yes,No,3,0
CR-4105,22,One-Year,84.85,1878.97,2,1,239.8,Bank Transfer,Yes,No,Yes,2,1
CR-4106,35,One-Year,85.71,3024.23,2,3,143.3,Electronic Check,Yes,Yes,Yes,4,0
CR-4107,39,Two-Year,39.16,1526.53,1,28,133.5,Credit Card,No,No,No,1,0
CR-4108,31,One-Year,34.66,1067.42,1,6,231.4,Electronic Check,Yes,Yes,Yes,1,0
CR-4109,52,Two-Year,59.83,3141.64,0,30,152.9,Credit Card,Yes,No,No,2,0
CR-4110,56,Two-Year,34.85,1946.22,2,52,191.1,Bank Transfer,No,No,Yes,1,0
CR-4111,45,Month-to-Month,76.57,3493.9,0,8,213.0,Bank Transfer,Yes,Yes,Yes,3,0
CR-4112,31,One-Year,35.81,1087.38,2,3,97.4,Electronic Check,Yes,Yes,No,1,0
CR-4113,11,Month-to-Month,89.55,961.62,1,17,190.8,Electronic Check,Yes,Yes,No,3,1
CR-4114,15,One-Year,43.82,630.19,1,1,268.0,Bank Transfer,Yes,Yes,No,1,0
CR-4115,33,One-Year,32.97,1080.84,1,3,83.5,Electronic Check,Yes,Yes,Yes,1,0
CR-4116,26,Month-to-Month,87.41,2272.74,1,16,196.0,Bank Transfer,Yes,Yes,No,3,0
CR-4117,4,One-Year,87.42,309.91,1,6,93.6,Bank Transfer,No,Yes,No,4,0
CR-4118,33,Month-to-Month,45.36,1499.78,2,2,241.7,Electronic Check,Yes,Yes,Yes,2,0
CR-4119,66,Two-Year,96.97,6416.98,2,11,241.0,Credit Card,No,No,No,4,0
CR-4120,70,Month-to-Month,80.07,5560.94,2,14,131.7,Mailed Check,Yes,No,Yes,2,0
CR-4121,25,Two-Year,42.72,1052.36,0,1,336.8,Bank Transfer,Yes,Yes,Yes,2,0
CR-4122,24,Month-to-Month,65.69,1593.58,4,3,248.5,Mailed Check,Yes,No,No,3,0
CR-4123,10,Month-to-Month,50.53,472.62,3,2,216.6,Mailed Check,Yes,No,No,1,1
CR-4124,50,One-Year,36.58,1819.52,2,5,212.0,Electronic Check,Yes,No,No,1,0
CR-4125,23,Month-to-Month,67.12,1576.41,2,15,238.7,Electronic Check,No,No,Yes,2,0
CR-4126,41,One-Year,52.63,2211.69,0,13,80.3,Bank Transfer,No,No,Yes,2,0
CR-4127,4,Month-to-Month,44.42,190.88,0,11,175.6,Bank Transfer,Yes,No,No,1,1
CR-4128,55,One-Year,60.44,3319.12,2,0,190.7,Electronic Check,Yes,Yes,Yes,1,0
CR-4129,51,Month-to-Month,67.05,3404.51,1,1,128.0,Electronic Check,Yes,Yes,No,3,0
CR-4130,26,Month-to-Month,71.24,1879.56,0,2,197.2,Bank Transfer,No,Yes,No,2,1
CR-4131,51,Two-Year,67.8,3491.8,2,3,258.5,Credit Card,Yes,No,Yes,2,0
CR-4132,3,Month-to-Month,64.11,157.64,3,1,126.3,Electronic Check,Yes,No,No,3,0
CR-4133,33,One-Year,66.59,2224.78,1,5,155.6,Credit Card,Yes,Yes,Yes,2,0
CR-4134,48,Two-Year,79.73,3808.83,1,0,94.4,Mailed Check,Yes,Yes,No,3,0
CR-4135,10,Month-to-Month,97.91,953.31,1,15,17.0,Credit Card,Yes,No,No,4,0
CR-4136,8,Month-to-Month,82.37,654.35,1,17,222.3,Electronic Check,No,Yes,No,3,0
CR-4137,56,One-Year,57.5,3249.75,2,9,157.9,Electronic Check,Yes,No,No,2,0
CR-4138,49,Two-Year,61.7,3032.58,3,1,163.8,Bank Transfer,Yes,No,No,2,0
CR-4139,9,Two-Year,63.41,579.16,2,24,81.1,Mailed Check,No,No,No,2,0
CR-4140,68,One-Year,68.46,4665.85,1,37,145.2,Credit Card,Yes,Yes,No,2,0
CR-4141,25,Month-to-Month,27.73,707.28,2,2,247.7,Bank Transfer,No,No,No,1,1
CR-4142,4,Month-to-Month,73.91,292.22,2,13,160.1,Electronic Check,Yes,Yes,No,2,1
CR-4143,6,Month-to-Month,31.45,207.66,0,20,162.3,Credit Card,Yes,No,No,1,0
CR-4144,69,Two-Year,50.62,3472.99,1,8,176.6,Credit Card,Yes,No,No,1,0
CR-4145,28,Month-to-Month,61.79,1749.65,3,4,61.1,Mailed Check,Yes,No,Yes,2,0
CR-4146,5,One-Year,66.19,356.66,2,7,210.0,Bank Transfer,Yes,No,Yes,3,0
CR-4147,68,One-Year,48.28,3304.01,3,7,59.6,Bank Transfer,Yes,Yes,Yes,1,0
CR-4148,1,One-Year,33.55,56.08,2,5,84.8,Bank Transfer,Yes,No,No,1,0
CR-4149,11,One-Year,71.69,802.54,0,29,76.1,Mailed Check,No,Yes,No,2,1
CR-4150,69,Two-Year,53.89,3753.61,1,14,146.0,Bank Transfer,Yes,No,No,2,0
CR-4151,8,Month-to-Month,28.05,156.25,4,3,131.8,Electronic Check,No,Yes,No,1,1
CR-4152,8,Month-to-Month,58.34,492.33,2,9,159.9,Bank Transfer,Yes,No,Yes,1,0
CR-4153,47,Two-Year,62.81,3011.33,2,12,87.6,Credit Card,No,No,Yes,2,0
CR-4154,30,One-Year,87.67,2611.44,1,1,240.4,Bank Transfer,Yes,No,No,3,0
CR-4155,53,Two-Year,34.49,1805.96,0,4,226.7,Bank Transfer,Yes,No,No,1,0
CR-4156,36,Two-Year,42.08,1553.47,3,25,146.1,Credit Card,Yes,Yes,No,2,0
CR-4157,32,One-Year,77.75,2460.2,1,9,121.7,Credit Card,No,No,No,2,0
CR-4158,61,Two-Year,42.94,2599.34,1,2,113.7,Electronic Check,No,No,No,1,0
CR-4159,31,Two-Year,47.91,1490.31,2,1,135.2,Credit Card,Yes,No,No,1,0
CR-4160,4,Month-to-Month,67.57,246.31,0,8,48.0,Bank Transfer,No,No,Yes,2,0
CR-4161,3,Month-to-Month,93.65,307.2,3,8,83.2,Mailed Check,Yes,No,Yes,4,0
CR-4162,15,One-Year,45.26,655.18,0,4,228.8,Mailed Check,Yes,Yes,No,1,0
CR-4163,61,Two-Year,76.94,4704.16,2,10,184.1,Bank Transfer,No,No,Yes,2,1
CR-4164,5,One-Year,60.68,311.93,1,0,290.7,Mailed Check,Yes,No,No,2,0
CR-4165,4,Month-to-Month,88.42,403.6,2,1,136.1,Electronic Check,Yes,Yes,Yes,3,0
CR-4166,8,Month-to-Month,23.09,219.68,2,8,131.1,Credit Card,Yes,No,Yes,1,0
CR-4167,32,One-Year,72.24,2295.79,1,0,127.4,Electronic Check,No,No,No,2,0
CR-4168,36,Month-to-Month,63.78,2258.15,0,23,134.5,Electronic Check,Yes,No,No,3,0
CR-4169,56,Two-Year,107.09,6022.18,2,1,107.2,Credit Card,Yes,No,Yes,4,0
CR-4170,9,One-Year,64.91,564.59,0,12,181.7,Mailed Check,Yes,No,No,2,0
CR-4171,11,Month-to-Month,60.04,650.37,2,5,162.3,Bank Transfer,Yes,No,No,2,0
CR-4172,2,Month-to-Month,60.0,88.21,2,5,119.2,Electronic Check,Yes,No,No,2,1
CR-4173,4,Month-to-Month,58.47,254.25,2,15,260.1,Bank Transfer,No,Yes,No,2,0
CR-4174,11,Month-to-Month,52.79,561.3,2,7,311.7,Credit Card,Yes,No,Yes,2,0
CR-4175,52,Month-to-Month,76.94,3999.83,0,14,253.3,Electronic Check,Yes,No,No,3,0
CR-4176,54,Two-Year,101.08,5457.73,0,7,204.6,Electronic Check,No,No,No,3,0
CR-4177,11,Month-to-Month,74.02,819.73,2,9,220.9,Credit Card,No,No,Yes,2,1
CR-4178,5,Month-to-Month,70.29,371.3,1,15,308.5,Mailed Check,Yes,No,No,3,0
CR-4179,8,Month-to-Month,99.68,790.16,1,10,220.8,Electronic Check,Yes,Yes,No,4,1
CR-4180,30,One-Year,97.96,2916.56,3,10,113.2,Credit Card,No,Yes,No,4,0
CR-4181,50,Two-Year,77.58,3823.21,2,17,191.4,Credit Card,Yes,Yes,No,3,0
CR-4182,48,Two-Year,50.97,2449.64,3,32,210.1,Electronic Check,Yes,No,Yes,2,0
CR-4183,43,Month-to-Month,65.46,2810.07,2,5,80.4,Credit Card,Yes,Yes,Yes,2,0
CR-4184,28,Two-Year,51.46,1419.57,2,9,137.2,Credit Card,Yes,No,No,1,0
CR-4185,8,Month-to-Month,34.66,279.16,1,0,248.0,Electronic Check,Yes,Yes,No,1,0
CR-4186,59,One-Year,80.56,4778.72,0,4,14.1,Bank Transfer,No,Yes,No,2,0
CR-4187,12,One-Year,58.22,732.0,1,5,60.0,Credit Card,No,No,No,1,0
CR-4188,16,Month-to-Month,66.48,1017.63,2,19,145.9,Electronic Check,Yes,No,Yes,2,0
CR-4189,67,Two-Year,48.68,3250.73,3,7,188.3,Bank Transfer,No,Yes,Yes,2,0
CR-4190,64,Two-Year,65.01,4189.47,2,14,51.4,Electronic Check,Yes,No,Yes,2,0
CR-4191,1,Month-to-Month,45.82,93.7,3,0,149.9,Electronic Check,No,No,Yes,1,0
CR-4192,67,Two-Year,48.13,3200.19,1,6,252.3,Electronic Check,Yes,No,No,1,0
CR-4193,6,One-Year,58.9,394.75,1,25,165.5,Bank Transfer,No,No,Yes,1,0
CR-4194,48,Two-Year,41.24,1939.02,1,2,235.1,Electronic Check,Yes,Yes,No,1,0
CR-4195,69,One-Year,117.48,8140.57,2,0,112.6,Bank Transfer,Yes,Yes,No,4,0
CR-4196,7,Month-to-Month,65.07,447.04,0,6,95.2,Electronic Check,Yes,No,No,2,0
CR-4197,54,One-Year,40.1,2212.28,1,13,227.9,Credit Card,Yes,Yes,No,1,0
CR-4198,7,One-Year,66.99,455.01,0,6,189.5,Credit Card,Yes,No,No,1,0
CR-4199,15,Month-to-Month,69.3,1030.2,3,6,65.2,Electronic Check,Yes,Yes,No,2,0
CR-4200,1,Month-to-Month,56.45,56.45,1,12,95.9,Mailed Check,Yes,Yes,No,2,0
CR-4201,23,Month-to-Month,43.84,962.21,2,3,285.2,Credit Card,Yes,No,No,1,1
CR-4202,7,Month-to-Month,103.35,670.58,1,15,86.0,Bank Transfer,Yes,No,No,4,0
CR-4203,70,Two-Year,77.49,5439.6,0,1,234.7,Bank Transfer,Yes,Yes,No,3,0
CR-4204,59,Two-Year,44.34,2645.71,2,5,121.7,Electronic Check,Yes,Yes,Yes,1,0
CR-4205,25,One-Year,52.83,1338.98,0,11,159.7,Mailed Check,Yes,No,No,2,0
CR-4206,21,Two-Year,44.15,889.53,0,19,183.6,Electronic Check,Yes,No,No,2,0
CR-4207,30,Month-to-Month,62.06,1876.21,1,17,12.0,Credit Card,Yes,Yes,Yes,2,0
CR-4208,58,Two-Year,80.4,4633.49,1,14,43.0,Bank Transfer,Yes,No,No,3,0
CR-4209,21,One-Year,48.27,1025.9,3,4,166.9,Mailed Check,No,No,No,1,0
CR-4210,3,Month-to-Month,55.24,199.66,0,1,102.1,Bank Transfer,No,No,No,2,0
CR-4211,18,One-Year,47.59,867.64,3,2,239.7,Bank Transfer,Yes,No,Yes,2,0
CR-4212,1,Month-to-Month,51.35,95.41,1,22,31.5,Credit Card,Yes,No,Yes,2,1
CR-4213,14,One-Year,89.56,1249.34,3,21,205.2,Electronic Check,Yes,No,Yes,3,0
CR-4214,39,Two-Year,36.33,1410.37,2,33,49.9,Electronic Check,Yes,No,Yes,1,0
CR-4215,11,Month-to-Month,38.58,426.4,3,0,131.8,Electronic Check,No,Yes,No,1,1
CR-4216,30,Month-to-Month,57.88,1696.12,2,8,74.8,Electronic Check,Yes,No,Yes,2,0
CR-4217,23,Month-to-Month,36.81,834.54,1,11,312.2,Electronic Check,No,No,No,1,1
CR-4218,24,One-Year,36.07,856.23,1,13,52.8,Bank Transfer,No,No,No,1,0
CR-4219,45,One-Year,52.29,2344.53,0,11,150.2,Credit Card,Yes,No,Yes,2,0
CR-4220,34,Month-to-Month,57.01,1946.39,1,16,21.9,Mailed Check,Yes,No,Yes,1,0
CR-4221,4,Month-to-Month,67.8,226.79,1,4,288.0,Bank Transfer,Yes,Yes,No,2,0
CR-4222,7,Month-to-Month,55.48,353.99,3,2,192.1,Electronic Check,Yes,No,No,1,1
CR-4223,12,Month-to-Month,57.49,723.84,1,2,171.0,Credit Card,Yes,No,Yes,1,0
CR-4224,33,One-Year,37.5,1177.28,1,0,277.9,Credit Card,No,Yes,Yes,2,0
CR-4225,4,Month-to-Month,46.43,204.21,1,4,171.8,Bank Transfer,No,No,No,1,0
CR-4226,30,Month-to-Month,91.14,2722.99,3,1,177.6,Electronic Check,No,Yes,Yes,4,0
CR-4227,6,One-Year,72.17,437.82,1,4,170.5,Mailed Check,No,No,No,2,0
CR-4228,13,One-Year,53.59,743.41,3,10,205.1,Electronic Check,Yes,No,Yes,2,1
CR-4229,72,Two-Year,68.46,4925.18,3,24,120.6,Electronic Check,Yes,Yes,No,3,1
CR-4230,20,One-Year,28.66,591.96,1,20,142.9,Credit Card,Yes,No,No,1,0
CR-4231,65,Month-to-Month,75.97,4939.81,2,3,224.8,Bank Transfer,Yes,No,Yes,3,0
CR-4232,5,Month-to-Month,88.15,437.47,0,1,182.2,Electronic Check,Yes,No,Yes,3,0
CR-4233,62,One-Year,45.56,2817.72,2,2,150.9,Credit Card,Yes,No,No,1,0
CR-4234,11,One-Year,84.97,955.7,2,38,48.0,Credit Card,Yes,Yes,No,4,0
CR-4235,21,One-Year,64.53,1333.18,2,8,279.8,Credit Card,Yes,Yes,Yes,1,0
CR-4236,32,One-Year,49.5,1550.04,0,2,107.1,Electronic Check,Yes,Yes,No,1,0
CR-4237,47,One-Year,86.77,4080.42,0,20,239.0,Electronic Check,No,No,Yes,3,0
CR-4238,9,Month-to-Month,55.85,508.43,2,5,174.1,Bank Transfer,Yes,No,Yes,1,0
CR-4239,13,Month-to-Month,44.6,525.08,0,25,56.5,Credit Card,Yes,No,Yes,2,0
CR-4240,24,One-Year,69.89,1677.05,2,3,260.2,Electronic Check,No,No,No,3,0
CR-4241,2,Month-to-Month,105.23,173.65,1,5,180.4,Bank Transfer,Yes,No,Yes,4,1
CR-4242,19,One-Year,52.89,1023.72,3,7,266.8,Electronic Check,No,No,No,2,0
CR-4243,69,One-Year,94.25,6449.14,1,24,145.4,Electronic Check,Yes,No,Yes,4,0
CR-4244,22,Two-Year,60.22,1382.59,0,22,216.3,Mailed Check,No,Yes,Yes,2,0
CR-4245,64,Month-to-Month,30.23,1924.57,3,9,19.0,Electronic Check,No,Yes,Yes,1,1
CR-4246,6,One-Year,57.39,318.39,1,2,120.0,Credit Card,No,Yes,No,2,0
CR-4247,1,One-Year,70.15,70.15,3,5,58.2,Electronic Check,Yes,No,Yes,2,0
CR-4248,4,Month-to-Month,68.29,289.85,3,40,130.0,Electronic Check,Yes,No,No,2,1
CR-4249,6,Month-to-Month,72.13,459.49,2,10,197.7,Mailed Check,No,Yes,No,2,0
CR-4250,14,One-Year,71.1,987.17,1,16,111.6,Credit Card,Yes,Yes,Yes,2,0
CR-4251,15,One-Year,65.06,932.74,2,6,229.1,Credit Card,No,No,No,2,0
CR-4252,11,Month-to-Month,100.27,1066.6,2,8,91.5,Credit Card,No,No,Yes,4,0
CR-4253,3,Month-to-Month,63.53,199.18,3,6,230.8,Electronic Check,Yes,No,Yes,2,0
CR-4254,1,Month-to-Month,36.73,66.35,1,13,264.8,Bank Transfer,No,No,Yes,1,1
CR-4255,17,One-Year,68.7,1201.42,2,20,241.1,Electronic Check,Yes,No,No,3,0
CR-4256,6,Month-to-Month,54.1,329.64,1,7,132.5,Credit Card,No,Yes,Yes,2,0
CR-4257,26,Month-to-Month,75.74,1998.26,3,7,12.0,Bank Transfer,No,Yes,No,3,1
CR-4258,65,One-Year,36.44,2425.97,1,4,206.6,Electronic Check,Yes,Yes,Yes,1,0
CR-4259,21,Month-to-Month,65.14,1403.65,0,2,150.0,Mailed Check,Yes,Yes,No,2,0
CR-4260,49,Month-to-Month,45.02,2233.64,1,30,81.7,Bank Transfer,No,No,No,1,0
CR-4261,2,Month-to-Month,46.09,67.98,2,4,115.5,Bank Transfer,Yes,Yes,Yes,1,0
CR-4262,34,Month-to-Month,64.51,2222.22,1,17,274.8,Electronic Check,Yes,No,No,2,0
CR-4263,16,Month-to-Month,72.96,1181.2,2,13,69.0,Mailed Check,No,No,Yes,2,0
CR-4264,58,Two-Year,78.91,4596.3,0,17,197.5,Mailed Check,Yes,Yes,Yes,3,0
CR-4265,54,Month-to-Month,71.08,3876.15,1,30,177.4,Bank Transfer,Yes,Yes,No,2,0
CR-4266,70,Two-Year,48.17,3382.66,2,10,131.4,Bank Transfer,Yes,No,Yes,1,0
CR-4267,13,Month-to-Month,90.3,1170.82,2,25,211.6,Electronic Check,Yes,No,No,3,1
CR-4268,2,One-Year,77.15,122.2,2,2,290.6,Electronic Check,No,Yes,Yes,2,0
CR-4269,71,One-Year,84.77,6009.77,3,10,136.3,Bank Transfer,No,No,Yes,3,0
CR-4270,18,Month-to-Month,62.04,1123.11,4,16,140.5,Electronic Check,No,No,Yes,2,1
CR-4271,38,Two-Year,43.97,1679.19,3,3,209.8,Mailed Check,Yes,No,No,1,0
CR-4272,23,Month-to-Month,56.3,1302.22,2,14,233.5,Electronic Check,No,No,Yes,2,1
CR-4273,11,Month-to-Month,55.96,644.35,0,16,149.8,Credit Card,Yes,No,Yes,2,0
CR-4274,13,Month-to-Month,70.02,936.22,4,19,135.6,Electronic Check,Yes,Yes,No,2,1
CR-4275,56,Two-Year,87.36,4890.3,3,4,12.0,Electronic Check,No,Yes,Yes,4,0
CR-4276,3,Month-to-Month,77.15,206.03,0,12,97.8,Bank Transfer,Yes,No,No,2,1
CR-4277,35,Month-to-Month,59.48,2093.3,1,3,68.9,Credit Card,Yes,No,No,2,0
CR-4278,34,One-Year,89.62,3114.47,4,14,214.8,Credit Card,Yes,Yes,No,2,1
CR-4279,13,Month-to-Month,36.07,478.55,4,6,140.5,Electronic Check,No,No,No,1,0
CR-4280,15,One-Year,63.5,943.62,1,10,137.4,Electronic Check,No,Yes,Yes,2,0
CR-4281,5,Month-to-Month,57.48,303.48,4,5,159.3,Credit Card,Yes,No,Yes,2,0
CR-4282,39,Two-Year,53.07,2087.6,3,1,90.4,Credit Card,Yes,No,Yes,2,0
CR-4283,8,Month-to-Month,71.64,590.66,0,2,284.3,Credit Card,Yes,Yes,Yes,2,0
CR-4284,3,One-Year,67.94,245.01,3,0,263.9,Electronic Check,Yes,No,Yes,3,0
CR-4285,23,One-Year,36.24,845.1,0,10,289.4,Credit Card,No,No,No,1,0
CR-4286,20,Month-to-Month,48.86,1016.96,1,20,214.7,Electronic Check,No,Yes,No,1,1
CR-4287,27,Month-to-Month,86.45,2341.06,3,0,157.6,Bank Transfer,No,No,Yes,3,0
CR-4288,40,One-Year,83.08,3368.57,3,0,289.2,Electronic Check,No,Yes,Yes,4,0
CR-4289,9,Two-Year,66.82,637.58,1,6,105.5,Electronic Check,No,No,Yes,2,0
CR-4290,8,Month-to-Month,80.29,669.97,5,14,90.3,Bank Transfer,No,No,Yes,3,0
CR-4291,61,One-Year,33.82,2086.7,7,1,111.9,Electronic Check,No,No,No,1,0
CR-4292,18,Month-to-Month,35.11,701.03,2,3,201.8,Bank Transfer,No,Yes,No,1,0
CR-4293,10,Month-to-Month,58.67,619.0,0,2,99.0,Credit Card,Yes,No,Yes,3,0
CR-4294,5,Month-to-Month,114.17,545.37,1,5,147.6,Mailed Check,Yes,Yes,No,4,0
CR-4295,9,Two-Year,53.15,485.73,4,2,31.9,Electronic Check,Yes,No,No,1,1
CR-4296,10,Month-to-Month,30.11,293.16,1,4,198.5,Electronic Check,Yes,Yes,No,1,1
CR-4297,28,One-Year,50.99,1489.65,1,14,38.6,Bank Transfer,Yes,No,Yes,1,0
CR-4298,2,Month-to-Month,37.26,112.06,2,10,85.4,Electronic Check,No,No,Yes,1,0
CR-4299,26,Month-to-Month,88.15,2352.86,1,0,257.4,Electronic Check,No,Yes,No,3,0
CR-4300,5,Month-to-Month,56.04,257.4,1,11,254.4,Bank Transfer,Yes,Yes,No,2,0
CR-4301,52,Two-Year,57.37,3016.29,2,7,189.9,Bank Transfer,Yes,Yes,No,2,0
CR-4302,64,Two-Year,58.12,3678.74,0,29,182.1,Credit Card,No,No,Yes,2,0
CR-4303,56,Two-Year,72.43,4008.32,1,3,117.5,Mailed Check,Yes,No,Yes,3,0
CR-4304,61,One-Year,56.99,3464.48,0,14,98.2,Credit Card,Yes,No,No,1,0
CR-4305,71,One-Year,69.99,5014.66,2,14,131.0,Electronic Check,No,Yes,No,2,0
CR-4306,28,Month-to-Month,98.1,2717.02,1,2,38.9,Credit Card,Yes,Yes,Yes,4,0
CR-4307,18,Two-Year,53.25,958.0,0,25,180.2,Bank Transfer,Yes,No,No,1,0
CR-4308,3,One-Year,62.73,223.86,1,7,163.9,Bank Transfer,Yes,No,No,3,0
CR-4309,7,One-Year,48.72,366.43,0,12,85.3,Mailed Check,No,No,No,2,0
CR-4310,56,One-Year,47.75,2740.49,1,1,285.5,Credit Card,No,No,No,1,0
CR-4311,3,Month-to-Month,50.36,151.18,0,3,208.6,Credit Card,Yes,No,No,1,0
CR-4312,38,One-Year,63.79,2410.77,4,9,215.3,Electronic Check,No,Yes,Yes,2,0
CR-4313,29,Month-to-Month,42.17,1190.1,3,4,121.0,Credit Card,No,Yes,No,2,1
CR-4314,1,Month-to-Month,50.38,50.38,0,7,159.9,Credit Card,No,Yes,No,2,0
CR-4315,6,Month-to-Month,47.17,249.91,4,5,210.2,Electronic Check,No,No,No,1,0
CR-4316,9,Month-to-Month,85.26,713.45,1,11,172.2,Electronic Check,No,Yes,Yes,2,0
CR-4317,10,One-Year,55.18,610.7,1,7,288.2,Electronic Check,No,No,No,1,0
CR-4318,14,One-Year,76.77,1076.25,3,0,143.7,Electronic Check,Yes,No,No,2,0
CR-4319,1,Month-to-Month,64.4,142.14,2,11,119.6,Credit Card,Yes,No,No,2,1
CR-4320,23,One-Year,64.32,1454.18,1,6,210.7,Electronic Check,Yes,Yes,Yes,2,0
CR-4321,10,Month-to-Month,32.67,313.84,0,4,58.8,Mailed Check,No,No,No,1,1
CR-4322,47,Two-Year,52.52,2445.18,2,1,233.9,Credit Card,Yes,Yes,Yes,1,0
CR-4323,21,One-Year,42.27,868.45,4,2,55.9,Electronic Check,Yes,No,Yes,1,0
CR-4324,14,One-Year,49.93,725.23,0,2,211.1,Bank Transfer,Yes,Yes,No,1,0
CR-4325,7,Month-to-Month,43.31,320.16,1,30,108.1,Electronic Check,Yes,Yes,Yes,1,1
CR-4326,11,Month-to-Month,63.79,727.95,1,6,198.1,Electronic Check,Yes,No,Yes,2,0
CR-4327,69,One-Year,78.12,5430.55,2,0,232.6,Electronic Check,No,No,No,3,0
CR-4328,24,One-Year,63.25,1551.22,4,1,172.3,Bank Transfer,No,No,No,2,0
CR-4329,49,One-Year,71.0,3448.75,2,0,64.0,Mailed Check,No,Yes,No,2,0
CR-4330,55,Two-Year,30.34,1652.99,1,9,88.3,Mailed Check,No,No,No,1,0
CR-4331,3,Month-to-Month,82.07,249.85,1,2,101.7,Credit Card,No,No,No,4,0
CR-4332,7,Month-to-Month,47.26,442.66,0,7,12.0,Bank Transfer,Yes,No,No,1,0
CR-4333,29,Month-to-Month,75.41,2210.06,2,5,250.2,Credit Card,Yes,No,Yes,2,0
CR-4334,18,Two-Year,113.93,2053.94,2,17,168.8,Bank Transfer,Yes,No,No,4,0
CR-4335,63,One-Year,48.76,3092.08,1,4,69.2,Electronic Check,No,Yes,No,2,0
CR-4336,45,Two-Year,38.97,1735.56,0,6,276.5,Credit Card,Yes,No,No,1,0
CR-4337,32,One-Year,46.21,1486.59,0,14,103.9,Mailed Check,Yes,No,Yes,2,0
CR-4338,38,Month-to-Month,37.49,1453.26,1,6,180.0,Electronic Check,No,Yes,Yes,1,0
CR-4339,14,One-Year,72.23,1010.35,0,17,94.0,Electronic Check,Yes,Yes,No,2,0
CR-4340,2,Month-to-Month,60.87,99.04,1,11,12.0,Electronic Check,Yes,Yes,Yes,2,1
CR-4341,59,Two-Year,75.26,4438.0,3,5,50.8,Electronic Check,Yes,No,No,3,0
CR-4342,28,Two-Year,48.45,1347.01,1,7,124.1,Electronic Check,No,No,No,1,0
CR-4343,30,Month-to-Month,71.05,2090.79,3,37,231.9,Bank Transfer,Yes,No,No,3,1
CR-4344,50,Month-to-Month,94.93,4729.35,4,11,187.7,Mailed Check,No,No,Yes,3,0
CR-4345,42,Two-Year,43.07,1767.16,0,25,171.2,Credit Card,No,Yes,No,1,0
CR-4346,25,Month-to-Month,56.98,1387.4,1,2,12.0,Mailed Check,No,No,No,2,0
CR-4347,8,Month-to-Month,66.87,500.73,3,7,261.6,Electronic Check,Yes,Yes,Yes,2,0
CR-4348,11,One-Year,70.39,802.89,0,26,177.9,Electronic Check,Yes,No,Yes,2,1
CR-4349,72,One-Year,58.96,4289.79,0,4,150.4,Electronic Check,Yes,No,Yes,1,0
CR-4350,9,Month-to-Month,40.9,322.02,2,37,250.6,Mailed Check,No,No,Yes,1,0
CR-4351,32,Month-to-Month,89.86,2922.93,1,1,259.8,Electronic Check,No,No,No,3,1
CR-4352,50,One-Year,44.01,2166.7,0,25,252.4,Bank Transfer,No,Yes,No,1,0
CR-4353,29,Month-to-Month,36.89,1092.22,2,6,140.2,Electronic Check,No,Yes,No,1,0
CR-4354,32,One-Year,71.23,2287.12,2,0,79.7,Electronic Check,No,No,No,3,0
CR-4355,5,Month-to-Month,50.03,269.23,3,23,239.1,Electronic Check,No,Yes,Yes,2,1
CR-4356,66,Two-Year,53.58,3501.31,1,3,50.8,Credit Card,Yes,Yes,No,2,0
CR-4357,5,One-Year,72.16,306.43,2,0,315.8,Electronic Check,Yes,Yes,Yes,2,0
CR-4358,16,One-Year,68.07,1065.03,0,1,162.2,Electronic Check,No,No,No,2,0
CR-4359,8,Month-to-Month,48.59,401.53,1,11,75.1,Electronic Check,No,Yes,Yes,2,0
CR-4360,69,One-Year,79.54,5546.97,0,41,61.5,Credit Card,Yes,No,No,4,0
CR-4361,18,Month-to-Month,31.88,542.95,0,1,57.8,Bank Transfer,Yes,No,No,1,1
CR-4362,60,One-Year,35.23,2110.83,1,6,171.2,Mailed Check,Yes,Yes,Yes,1,0
CR-4363,25,One-Year,39.97,976.78,1,2,159.5,Bank Transfer,Yes,Yes,Yes,1,0
CR-4364,10,Two-Year,72.73,726.78,0,15,61.1,Electronic Check,No,No,No,2,1
CR-4365,43,Two-Year,55.52,2329.44,1,1,131.5,Bank Transfer,Yes,No,Yes,2,0
CR-4366,55,Two-Year,59.8,3333.94,0,3,50.6,Bank Transfer,Yes,Yes,No,1,0
CR-4367,23,Two-Year,44.2,1017.32,1,2,207.1,Credit Card,No,No,No,2,0
CR-4368,45,One-Year,39.51,1805.46,0,8,155.6,Mailed Check,Yes,Yes,No,1,0
CR-4369,7,Month-to-Month,68.86,475.05,0,22,129.7,Credit Card,Yes,Yes,No,2,0
CR-4370,24,Two-Year,105.47,2537.0,0,7,57.0,Bank Transfer,Yes,No,Yes,4,0
CR-4371,7,Month-to-Month,57.64,437.35,3,0,136.0,Electronic Check,Yes,Yes,No,2,0
CR-4372,23,Two-Year,53.02,1223.41,0,9,126.8,Mailed Check,Yes,No,Yes,1,0
CR-4373,72,One-Year,51.12,3685.67,2,17,185.4,Bank Transfer,No,Yes,Yes,1,0
CR-4374,28,One-Year,36.18,989.22,1,1,173.4,Credit Card,Yes,Yes,No,1,0
CR-4375,42,Two-Year,82.15,3434.27,0,0,223.4,Mailed Check,No,Yes,No,3,0
CR-4376,41,Two-Year,68.04,2759.26,4,2,121.2,Bank Transfer,Yes,Yes,No,2,0
CR-4377,32,Month-to-Month,90.89,2886.34,0,15,12.0,Bank Transfer,No,No,No,4,1
CR-4378,33,One-Year,95.94,3203.56,1,9,239.3,Credit Card,No,Yes,No,3,0
CR-4379,43,Two-Year,52.65,2318.21,2,8,85.1,Electronic Check,Yes,No,Yes,2,0
CR-4380,3,Month-to-Month,80.44,203.9,2,3,71.4,Bank Transfer,No,No,No,3,0
CR-4381,10,One-Year,66.5,676.86,1,4,156.6,Electronic Check,Yes,No,Yes,3,0
CR-4382,26,One-Year,44.03,1135.25,2,37,184.2,Electronic Check,Yes,No,Yes,1,0
CR-4383,56,Two-Year,50.33,2860.39,0,3,117.5,Bank Transfer,No,No,No,2,0
CR-4384,3,Month-to-Month,58.06,178.23,3,25,116.9,Bank Transfer,No,Yes,No,2,1
CR-4385,17,One-Year,45.13,766.99,2,9,128.7,Credit Card,No,Yes,No,2,0
CR-4386,24,One-Year,51.0,1201.66,2,1,273.3,Credit Card,No,Yes,Yes,1,0
CR-4387,45,One-Year,46.56,2049.25,3,6,159.8,Electronic Check,No,No,No,1,0
CR-4388,25,Month-to-Month,53.87,1369.58,1,32,82.6,Credit Card,No,Yes,No,1,0
CR-4389,11,Two-Year,39.52,445.31,2,5,83.4,Electronic Check,Yes,No,Yes,1,0
CR-4390,43,Two-Year,108.34,4669.94,0,21,139.9,Bank Transfer,Yes,No,Yes,4,0
CR-4391,10,Month-to-Month,61.39,595.92,3,3,179.0,Credit Card,Yes,No,Yes,2,1
CR-4392,64,One-Year,62.13,3971.95,2,9,198.7,Electronic Check,Yes,Yes,No,2,0
CR-4393,9,Month-to-Month,82.14,762.99,2,20,169.9,Bank Transfer,Yes,No,Yes,2,1
CR-4394,19,One-Year,56.15,1096.31,0,27,92.7,Bank Transfer,No,No,No,2,0
CR-4395,2,Month-to-Month,109.27,183.19,2,7,126.1,Credit Card,Yes,Yes,No,4,1
CR-4396,3,Month-to-Month,65.8,178.4,2,11,218.7,Credit Card,No,No,No,2,0
CR-4397,32,One-Year,73.28,2303.26,1,0,68.3,Credit Card,Yes,No,No,3,0
CR-4398,40,One-Year,47.84,1919.64,1,3,122.7,Electronic Check,Yes,Yes,No,2,0
CR-4399,46,Month-to-Month,68.67,3185.35,1,3,207.8,Credit Card,No,No,Yes,3,0
CR-4400,69,One-Year,90.31,6223.03,1,1,230.0,Bank Transfer,Yes,No,No,3,0
CR-4401,30,Month-to-Month,114.34,3410.31,0,3,144.6,Bank Transfer,No,Yes,No,4,0
CR-4402,28,Month-to-Month,43.91,1219.42,3,4,127.1,Electronic Check,Yes,Yes,Yes,1,0
CR-4403,32,Two-Year,44.44,1491.27,1,38,54.2,Electronic Check,No,No,Yes,1,0
CR-4404,7,Month-to-Month,50.76,391.08,2,12,202.1,Electronic Check,Yes,No,No,1,0
CR-4405,47,Two-Year,61.73,2923.24,1,6,265.5,Electronic Check,Yes,No,Yes,2,0
CR-4406,1,Month-to-Month,72.0,81.6,3,48,365.2,Electronic Check,No,No,No,2,1
CR-4407,22,Two-Year,45.92,1009.86,5,1,190.9,Credit Card,Yes,Yes,No,1,0
CR-4408,8,Month-to-Month,80.36,615.68,2,7,155.9,Credit Card,Yes,Yes,No,3,0
CR-4409,1,One-Year,36.01,36.01,1,11,86.4,Credit Card,No,No,No,1,0
CR-4410,17,Month-to-Month,69.55,1165.31,1,0,12.0,Credit Card,Yes,No,Yes,3,0
CR-4411,17,Two-Year,18.5,285.89,1,13,174.2,Electronic Check,Yes,Yes,Yes,1,0
CR-4412,39,Two-Year,73.34,2842.03,0,1,348.0,Bank Transfer,Yes,Yes,Yes,2,0
CR-4413,3,One-Year,59.53,175.53,0,1,261.7,Mailed Check,Yes,No,No,2,0
CR-4414,23,Month-to-Month,57.0,1310.24,2,1,249.3,Credit Card,No,No,No,2,0
CR-4415,63,One-Year,23.48,1460.63,1,29,179.6,Electronic Check,No,No,No,1,0
CR-4416,16,Month-to-Month,72.6,1176.46,2,12,188.8,Bank Transfer,Yes,Yes,Yes,3,0
CR-4417,10,Month-to-Month,53.28,527.13,5,11,12.0,Electronic Check,No,No,No,2,1
CR-4418,8,One-Year,71.05,574.84,4,8,221.0,Electronic Check,Yes,Yes,Yes,3,0
CR-4419,6,Month-to-Month,82.33,471.64,0,3,113.7,Bank Transfer,Yes,No,Yes,3,0
CR-4420,39,Month-to-Month,62.22,2447.37,0,10,103.9,Mailed Check,No,No,Yes,2,0
CR-4421,34,Month-to-Month,83.39,2819.21,2,5,134.1,Credit Card,Yes,No,No,4,0
CR-4422,18,Month-to-Month,66.02,1236.62,2,1,131.4,Electronic Check,Yes,Yes,No,3,0
CR-4423,43,One-Year,84.0,3605.25,2,12,102.6,Bank Transfer,No,No,No,4,0
CR-4424,50,Two-Year,97.11,4852.66,1,1,161.1,Credit Card,No,No,No,3,0
CR-4425,30,One-Year,93.93,2835.71,1,2,115.3,Electronic Check,Yes,No,No,3,0
CR-4426,17,Month-to-Month,52.48,916.52,2,18,168.0,Bank Transfer,Yes,No,No,2,0
CR-4427,65,One-Year,23.23,1537.54,1,11,41.0,Electronic Check,Yes,Yes,No,1,0
CR-4428,26,One-Year,98.28,2608.55,4,10,142.9,Bank Transfer,No,No,No,4,0
CR-4429,67,Month-to-Month,79.47,5344.35,0,5,72.3,Electronic Check,No,No,No,3,0
CR-4430,18,One-Year,46.17,829.05,3,5,108.7,Credit Card,No,Yes,No,1,0
CR-4431,7,Month-to-Month,68.41,462.98,6,12,171.5,Electronic Check,No,No,Yes,2,0
CR-4432,34,One-Year,65.52,2223.67,4,14,31.7,Electronic Check,No,No,No,2,0
CR-4433,7,Month-to-Month,49.84,393.4,2,7,94.2,Electronic Check,No,No,No,2,0
CR-4434,57,Month-to-Month,45.94,2576.97,2,38,205.5,Bank Transfer,Yes,Yes,No,1,1
CR-4435,11,Two-Year,51.54,542.37,1,34,46.9,Credit Card,No,Yes,No,1,1
CR-4436,21,One-Year,71.76,1500.39,2,5,302.2,Electronic Check,No,No,No,3,0
CR-4437,34,Two-Year,64.0,2151.03,2,18,256.4,Electronic Check,Yes,No,No,2,0
CR-4438,29,Month-to-Month,55.47,1596.37,2,8,120.4,Credit Card,Yes,Yes,No,2,0
CR-4439,3,One-Year,98.96,351.07,2,7,97.0,Credit Card,Yes,No,Yes,3,0
CR-4440,1,One-Year,65.73,65.73,2,0,176.2,Credit Card,No,Yes,No,3,0
CR-4441,23,One-Year,54.56,1267.23,0,9,44.2,Credit Card,Yes,Yes,No,1,0
CR-4442,7,Month-to-Month,26.29,134.28,1,25,12.0,Credit Card,No,Yes,Yes,1,0
CR-4443,34,One-Year,78.93,2650.55,0,16,123.3,Electronic Check,Yes,No,No,2,0
CR-4444,18,Two-Year,67.58,1244.42,1,16,149.3,Bank Transfer,No,Yes,Yes,3,0
CR-4445,14,One-Year,44.9,678.64,2,1,167.6,Credit Card,Yes,No,No,1,0
CR-4446,62,Two-Year,44.71,2778.66,1,4,110.8,Electronic Check,No,No,Yes,2,0
CR-4447,9,One-Year,65.5,580.32,1,2,261.9,Bank Transfer,Yes,Yes,No,3,0
CR-4448,1,Month-to-Month,105.98,120.86,2,4,40.4,Credit Card,Yes,Yes,No,4,1
CR-4449,44,Two-Year,71.28,3058.4,2,9,68.9,Bank Transfer,Yes,Yes,Yes,2,0
CR-4450,72,One-Year,45.39,3274.95,2,4,198.9,Credit Card,Yes,No,No,1,0
CR-4451,32,Two-Year,50.41,1581.74,0,9,67.1,Electronic Check,No,No,No,1,0
CR-4452,10,Month-to-Month,53.45,558.32,1,6,64.0,Electronic Check,No,No,No,1,1
CR-4453,41,Two-Year,36.16,1416.79,2,3,169.9,Electronic Check,Yes,Yes,No,1,0
CR-4454,31,One-Year,47.01,1438.46,3,1,75.7,Mailed Check,Yes,Yes,No,2,0
CR-4455,15,One-Year,60.86,911.67,1,24,149.4,Mailed Check,No,No,No,2,0
CR-4456,21,One-Year,37.23,758.98,3,0,104.0,Electronic Check,No,No,Yes,1,1
CR-4457,25,Two-Year,82.89,2060.99,2,0,91.1,Electronic Check,Yes,No,Yes,3,0
CR-4458,35,Two-Year,66.48,2353.93,0,19,12.0,Electronic Check,Yes,No,No,2,0
CR-4459,34,Month-to-Month,54.18,1841.39,2,60,171.2,Electronic Check,Yes,No,Yes,2,1
CR-4460,16,One-Year,104.04,1636.72,1,14,60.2,Electronic Check,Yes,Yes,No,4,0
CR-4461,2,Month-to-Month,67.54,163.29,2,0,146.5,Electronic Check,No,No,No,2,0
CR-4462,49,One-Year,104.23,5114.8,2,2,119.0,Credit Card,No,No,No,4,0
CR-4463,10,Month-to-Month,38.92,397.97,0,39,143.5,Credit Card,Yes,No,Yes,1,0
CR-4464,15,Two-Year,50.8,735.22,0,18,148.0,Electronic Check,Yes,No,Yes,1,0
CR-4465,14,One-Year,66.2,850.37,2,9,175.5,Credit Card,No,No,Yes,2,0
CR-4466,3,Month-to-Month,67.4,175.02,2,2,101.8,Bank Transfer,Yes,No,No,2,1
CR-4467,12,Month-to-Month,59.78,687.12,2,0,259.4,Electronic Check,Yes,Yes,No,1,0
CR-4468,3,Month-to-Month,64.28,174.44,2,0,12.2,Credit Card,No,No,No,2,0
CR-4469,36,Two-Year,36.93,1304.22,4,10,141.9,Electronic Check,Yes,No,No,1,0
CR-4470,7,Month-to-Month,49.9,352.68,1,0,226.9,Electronic Check,No,No,Yes,2,0
CR-4471,6,One-Year,72.28,460.11,1,55,198.1,Electronic Check,No,Yes,Yes,2,1
CR-4472,9,One-Year,64.57,613.41,1,2,82.0,Mailed Check,No,No,No,2,0
CR-4473,9,Month-to-Month,77.7,724.42,3,13,95.3,Credit Card,Yes,Yes,Yes,2,1
CR-4474,10,One-Year,76.7,740.07,0,1,79.5,Bank Transfer,No,Yes,Yes,4,0
CR-4475,2,Month-to-Month,70.11,141.99,2,8,207.9,Credit Card,No,No,No,2,0
CR-4476,3,Month-to-Month,94.39,330.12,0,0,100.8,Electronic Check,Yes,No,No,4,1
CR-4477,4,Month-to-Month,39.46,110.3,1,16,180.4,Mailed Check,Yes,Yes,Yes,1,0
CR-4478,53,Month-to-Month,53.35,2868.0,2,9,181.1,Credit Card,Yes,No,No,2,0
CR-4479,61,Two-Year,70.0,4240.12,2,0,349.5,Bank Transfer,No,No,No,2,0
CR-4480,1,Month-to-Month,85.14,93.95,4,20,185.1,Credit Card,Yes,No,Yes,3,1
CR-4481,21,One-Year,67.58,1431.56,2,8,95.1,Credit Card,Yes,Yes,No,3,0
CR-4482,72,One-Year,80.65,5812.5,1,28,43.2,Mailed Check,No,Yes,Yes,3,0
CR-4483,15,Month-to-Month,50.06,817.75,3,27,137.9,Credit Card,Yes,Yes,No,1,1
CR-4484,21,Month-to-Month,80.78,1687.36,2,27,150.5,Electronic Check,Yes,Yes,No,3,1
CR-4485,4,Month-to-Month,54.08,167.14,4,0,12.0,Electronic Check,Yes,No,No,1,1
CR-4486,57,Two-Year,40.1,2296.39,0,1,102.9,Electronic Check,No,No,Yes,1,0
CR-4487,33,Month-to-Month,20.46,670.08,1,48,183.8,Electronic Check,No,Yes,Yes,1,1
CR-4488,18,One-Year,62.87,1148.3,4,7,117.4,Electronic Check,No,Yes,No,2,1
CR-4489,6,Month-to-Month,80.81,511.32,0,2,237.5,Electronic Check,Yes,No,No,3,1
CR-4490,21,One-Year,46.11,967.3,1,16,35.3,Electronic Check,No,No,No,1,0
CR-4491,20,One-Year,54.07,1094.49,1,3,214.2,Credit Card,Yes,No,No,1,0
CR-4492,7,One-Year,41.48,294.69,3,14,233.1,Credit Card,Yes,No,Yes,2,0
CR-4493,24,One-Year,94.62,2324.64,1,19,236.5,Electronic Check,No,Yes,No,4,1
CR-4494,45,One-Year,51.77,2318.53,1,16,34.7,Electronic Check,No,No,No,2,0
CR-4495,47,One-Year,48.92,2278.63,2,3,185.2,Electronic Check,No,Yes,Yes,2,0
CR-4496,24,Month-to-Month,60.28,1473.14,3,5,106.5,Credit Card,Yes,No,Yes,2,0
CR-4497,24,Month-to-Month,86.02,2036.6,0,5,47.5,Bank Transfer,Yes,Yes,No,3,0
CR-4498,42,Two-Year,100.01,4212.18,1,7,126.9,Mailed Check,Yes,No,Yes,4,0
CR-4499,36,One-Year,54.12,1943.23,3,2,87.6,Mailed Check,Yes,No,No,2,0
CR-4500,27,Month-to-Month,59.55,1604.81,0,6,233.7,Mailed Check,Yes,No,Yes,2,0
CR-4501,10,One-Year,88.3,956.12,1,7,201.0,Electronic Check,No,Yes,Yes,3,0
CR-4502,21,Month-to-Month,103.83,2217.45,1,8,67.8,Bank Transfer,Yes,No,No,4,1
CR-4503,5,Month-to-Month,37.47,218.0,0,18,102.1,Mailed Check,Yes,Yes,No,1,0
CR-4504,17,Month-to-Month,54.83,948.03,1,8,129.5,Electronic Check,Yes,No,No,2,0
CR-4505,1,One-Year,61.84,61.84,2,2,154.2,Bank Transfer,Yes,No,No,3,0
CR-4506,64,Month-to-Month,56.71,3637.28,3,11,240.5,Electronic Check,No,Yes,Yes,2,1
CR-4507,11,Month-to-Month,43.64,497.54,2,17,215.3,Bank Transfer,No,Yes,Yes,2,0
CR-4508,45,Two-Year,81.67,3681.12,3,4,164.1,Mailed Check,No,Yes,No,2,0
CR-4509,65,Two-Year,34.45,2242.09,0,11,139.1,Bank Transfer,No,No,Yes,1,0
CR-4510,71,Two-Year,72.09,5106.47,2,1,18.1,Credit Card,Yes,No,No,2,1
CR-4511,7,One-Year,115.18,814.46,3,4,263.4,Credit Card,No,Yes,Yes,4,0
CR-4512,53,Month-to-Month,63.16,3331.71,0,26,124.2,Bank Transfer,Yes,No,Yes,2,1
CR-4513,2,Month-to-Month,78.0,177.1,3,26,284.4,Credit Card,Yes,Yes,Yes,3,1
CR-4514,10,Month-to-Month,65.78,597.33,2,9,175.7,Mailed Check,Yes,Yes,No,3,1
CR-4515,48,Month-to-Month,55.95,2726.36,2,13,322.0,Mailed Check,Yes,Yes,No,2,0
CR-4516,39,One-Year,95.04,3667.21,5,21,208.5,Credit Card,Yes,Yes,Yes,3,0
CR-4517,7,Month-to-Month,46.51,293.55,2,35,45.4,Bank Transfer,No,No,No,1,1
CR-4518,24,One-Year,61.28,1482.99,1,7,110.8,Electronic Check,Yes,No,Yes,2,0
CR-4519,72,Two-Year,74.12,5352.84,2,9,146.5,Electronic Check,No,Yes,No,2,0
CR-4520,72,One-Year,67.96,4955.47,6,5,90.1,Electronic Check,No,Yes,Yes,2,0
CR-4521,71,Two-Year,41.52,2956.81,1,0,129.8,Electronic Check,No,Yes,No,1,0
CR-4522,8,Month-to-Month,45.16,360.07,2,6,50.6,Electronic Check,No,Yes,No,1,0
CR-4523,9,Month-to-Month,35.32,323.62,0,17,160.5,Electronic Check,No,Yes,Yes,1,0
CR-4524,23,One-Year,55.39,1321.68,5,17,179.0,Electronic Check,Yes,Yes,No,2,0
CR-4525,22,Month-to-Month,94.94,2161.41,3,24,79.7,Bank Transfer,Yes,Yes,No,4,0
CR-4526,6,Month-to-Month,102.57,609.88,5,0,315.2,Electronic Check,No,No,No,4,1
CR-4527,7,Month-to-Month,30.53,229.99,2,8,165.1,Credit Card,No,Yes,No,1,0
CR-4528,3,One-Year,61.76,183.05,0,1,94.7,Electronic Check,No,No,No,2,0
CR-4529,53,Two-Year,39.1,2069.47,0,2,29.6,Credit Card,No,Yes,No,1,0
CR-4530,62,Month-to-Month,51.99,3279.75,1,25,164.8,Mailed Check,Yes,No,No,2,0
CR-4531,40,Two-Year,75.16,2978.63,1,7,139.2,Electronic Check,No,No,No,3,0
CR-4532,4,Month-to-Month,73.79,225.13,3,15,222.6,Mailed Check,No,No,No,4,0
CR-4533,25,One-Year,35.42,895.02,1,0,148.5,Credit Card,Yes,Yes,No,1,0
CR-4534,2,One-Year,32.01,100.05,2,5,64.5,Electronic Check,No,Yes,No,1,0
CR-4535,64,One-Year,40.2,2579.4,3,12,293.7,Electronic Check,No,No,Yes,1,0
CR-4536,19,Month-to-Month,38.2,740.87,1,1,194.8,Mailed Check,Yes,No,No,2,0
CR-4537,5,Month-to-Month,80.91,427.12,1,4,139.7,Bank Transfer,No,Yes,Yes,3,0
CR-4538,8,Month-to-Month,70.09,564.05,4,0,173.2,Electronic Check,Yes,No,Yes,2,1
CR-4539,35,One-Year,77.83,2740.74,2,11,197.9,Mailed Check,Yes,No,No,3,0
CR-4540,25,One-Year,65.99,1665.94,2,38,45.7,Credit Card,Yes,No,Yes,2,0
CR-4541,20,Two-Year,37.87,698.64,2,19,172.6,Credit Card,No,Yes,No,1,0
CR-4542,28,Two-Year,27.45,772.02,3,40,124.0,Mailed Check,Yes,Yes,No,1,0
CR-4543,37,Two-Year,43.02,1544.56,1,20,200.6,Credit Card,Yes,No,Yes,1,0
CR-4544,65,Two-Year,85.8,5575.85,0,21,100.8,Electronic Check,No,No,Yes,3,0
CR-4545,38,Two-Year,65.76,2484.02,0,9,111.6,Bank Transfer,Yes,Yes,No,3,0
CR-4546,55,Month-to-Month,74.35,4120.27,4,8,293.0,Credit Card,Yes,No,No,3,1
CR-4547,44,One-Year,40.53,1790.65,2,5,258.5,Electronic Check,No,No,No,1,0
CR-4548,16,One-Year,107.51,1734.36,2,18,12.0,Electronic Check,Yes,Yes,No,3,0
CR-4549,31,One-Year,45.23,1396.39,1,2,252.5,Electronic Check,No,No,Yes,1,0
CR-4550,13,One-Year,23.94,342.79,2,0,154.1,Electronic Check,Yes,Yes,Yes,1,1
CR-4551,8,Month-to-Month,39.47,267.84,1,32,103.3,Electronic Check,No,No,No,2,1
CR-4552,61,Month-to-Month,68.3,4139.43,1,0,79.4,Credit Card,Yes,Yes,No,2,0
CR-4553,64,One-Year,103.85,6684.99,1,41,84.1,Credit Card,No,No,Yes,3,1
CR-4554,10,Month-to-Month,58.19,568.83,1,14,105.6,Electronic Check,Yes,Yes,Yes,2,1
CR-4555,36,One-Year,39.59,1360.87,0,4,69.8,Credit Card,Yes,No,Yes,1,0
CR-4556,71,One-Year,47.31,3402.59,1,13,51.6,Bank Transfer,No,No,No,1,0
CR-4557,18,Month-to-Month,35.02,662.67,1,18,76.8,Electronic Check,No,No,No,1,1
CR-4558,26,Month-to-Month,18.5,502.33,2,3,185.9,Electronic Check,No,No,Yes,1,1
CR-4559,70,Two-Year,53.37,3738.73,1,16,164.0,Electronic Check,Yes,Yes,Yes,1,0
CR-4560,10,Month-to-Month,72.87,778.52,3,17,204.5,Credit Card,Yes,No,No,3,1
CR-4561,29,One-Year,53.5,1589.26,2,3,154.7,Electronic Check,Yes,Yes,No,1,0
CR-4562,3,Month-to-Month,71.39,260.61,3,0,55.5,Electronic Check,Yes,No,No,3,1
CR-4563,41,Two-Year,62.22,2571.89,2,2,199.6,Electronic Check,Yes,No,No,2,0
CR-4564,8,Month-to-Month,69.55,560.08,4,2,79.6,Mailed Check,No,No,Yes,2,1
CR-4565,55,Two-Year,71.7,3931.53,0,0,211.7,Credit Card,Yes,Yes,Yes,2,0
CR-4566,21,One-Year,81.33,1669.86,3,14,66.7,Bank Transfer,Yes,Yes,No,3,0
CR-4567,57,One-Year,62.83,3596.37,4,5,105.0,Mailed Check,Yes,Yes,No,2,0
CR-4568,3,One-Year,49.2,165.16,2,23,131.1,Electronic Check,No,No,Yes,1,0
CR-4569,40,Two-Year,101.64,4055.11,5,3,214.0,Credit Card,Yes,Yes,No,4,0
CR-4570,10,Month-to-Month,30.09,319.31,2,6,174.1,Electronic Check,Yes,Yes,Yes,1,0
CR-4571,38,One-Year,84.28,3192.67,1,11,161.6,Electronic Check,No,No,No,4,0
CR-4572,21,Two-Year,21.91,486.13,2,23,310.9,Credit Card,Yes,No,No,1,0
CR-4573,25,One-Year,86.67,2140.29,3,8,13.0,Credit Card,Yes,Yes,No,3,0
CR-4574,2,Month-to-Month,57.04,82.43,0,5,76.9,Electronic Check,Yes,No,No,2,1
CR-4575,9,Month-to-Month,69.2,615.58,1,22,73.5,Electronic Check,Yes,Yes,No,2,1
CR-4576,48,Two-Year,47.04,2282.78,1,4,18.3,Electronic Check,Yes,Yes,Yes,1,0
CR-4577,9,Month-to-Month,32.98,262.06,1,0,102.4,Credit Card,Yes,No,Yes,1,0
CR-4578,11,One-Year,77.8,887.29,2,6,215.0,Electronic Check,Yes,No,No,3,0
CR-4579,48,One-Year,74.45,3524.32,4,16,112.7,Credit Card,Yes,No,Yes,3,0
CR-4580,36,Two-Year,54.91,1969.36,4,0,133.4,Mailed Check,Yes,No,No,2,0
CR-4581,58,One-Year,70.15,4026.31,3,9,22.2,Electronic Check,Yes,No,No,2,0
CR-4582,28,Month-to-Month,68.11,1828.78,2,9,96.3,Credit Card,Yes,Yes,No,1,0
CR-4583,7,Month-to-Month,72.16,516.11,6,29,123.1,Electronic Check,Yes,No,No,2,1
CR-4584,1,Two-Year,42.73,42.73,4,3,211.4,Credit Card,Yes,No,Yes,1,1
CR-4585,7,Month-to-Month,55.6,347.29,0,3,26.0,Credit Card,No,Yes,No,1,1
CR-4586,7,Month-to-Month,78.13,531.41,1,6,123.6,Bank Transfer,Yes,Yes,No,2,0
CR-4587,62,Two-Year,47.08,2932.21,1,4,246.9,Electronic Check,No,Yes,No,2,0
CR-4588,47,Two-Year,55.25,2585.71,2,14,124.4,Mailed Check,No,No,Yes,1,0
CR-4589,8,One-Year,50.7,399.64,1,11,12.0,Electronic Check,No,No,No,1,0
CR-4590,28,One-Year,72.88,2028.69,0,15,262.3,Bank Transfer,No,No,No,2,0
CR-4591,21,Month-to-Month,51.13,1056.26,0,18,218.8,Electronic Check,No,No,No,1,0
CR-4592,1,Two-Year,76.72,76.72,1,28,229.6,Bank Transfer,No,No,Yes,3,0
CR-4593,51,Two-Year,81.33,4129.09,1,6,20.5,Bank Transfer,No,No,Yes,2,0
CR-4594,23,Two-Year,46.4,1044.61,0,45,281.0,Bank Transfer,Yes,No,No,1,0
CR-4595,33,One-Year,74.66,2433.26,1,2,98.1,Electronic Check,Yes,No,No,3,0
CR-4596,25,Two-Year,66.06,1640.11,2,13,119.2,Credit Card,Yes,No,No,2,0
CR-4597,55,Month-to-Month,70.72,3870.4,2,8,103.8,Electronic Check,No,Yes,No,2,0
CR-4598,2,Month-to-Month,61.95,91.75,2,18,235.8,Electronic Check,Yes,Yes,No,2,0
CR-4599,16,Two-Year,46.93,773.86,0,7,145.6,Bank Transfer,No,No,Yes,1,0
CR-4600,21,Month-to-Month,61.88,1336.46,2,16,198.5,Bank Transfer,Yes,Yes,Yes,2,0
CR-4601,61,Month-to-Month,54.4,3318.4,2,29,166.1,Electronic Check,Yes,Yes,No,2,1
CR-4602,48,Two-Year,70.78,3399.43,2,14,152.4,Bank Transfer,Yes,No,Yes,3,0
CR-4603,42,Two-Year,46.97,1951.96,1,16,84.3,Bank Transfer,Yes,No,No,2,0
CR-4604,24,Month-to-Month,76.18,1860.33,2,0,305.0,Electronic Check,No,Yes,No,2,1
CR-4605,25,Two-Year,76.77,1971.4,3,2,42.9,Credit Card,Yes,No,No,3,0
CR-4606,21,One-Year,26.72,556.21,1,40,193.0,Mailed Check,No,No,No,2,0
CR-4607,9,Month-to-Month,64.97,569.09,2,12,190.1,Bank Transfer,Yes,No,Yes,2,0
CR-4608,48,Two-Year,64.76,3118.72,0,9,252.3,Credit Card,Yes,No,Yes,2,0
CR-4609,23,One-Year,24.33,563.46,3,5,271.0,Electronic Check,Yes,Yes,Yes,1,1
CR-4610,19,Month-to-Month,70.68,1327.92,1,0,149.0,Credit Card,No,Yes,No,3,1
CR-4611,20,Month-to-Month,70.24,1418.94,4,5,202.4,Credit Card,No,Yes,No,3,1
CR-4612,49,Two-Year,35.58,1771.56,2,7,301.2,Bank Transfer,Yes,Yes,Yes,1,0
CR-4613,63,Two-Year,91.13,5717.62,2,2,154.8,Mailed Check,Yes,Yes,Yes,3,0
CR-4614,16,One-Year,59.51,1028.42,1,2,74.7,Electronic Check,No,No,No,2,0
CR-4615,32,One-Year,56.73,1769.37,1,7,129.2,Electronic Check,Yes,No,No,2,0
CR-4616,68,Two-Year,54.22,3661.41,2,9,55.6,Electronic Check,Yes,No,No,1,0
CR-4617,11,One-Year,65.95,732.47,3,3,189.7,Credit Card,Yes,Yes,No,2,0
CR-4618,5,Month-to-Month,43.59,285.36,1,9,245.2,Credit Card,Yes,Yes,No,2,1
CR-4619,55,Month-to-Month,36.83,2008.77,3,25,150.3,Bank Transfer,No,Yes,Yes,1,0
CR-4620,4,One-Year,64.22,224.91,2,7,30.3,Electronic Check,Yes,No,No,2,0
CR-4621,69,Month-to-Month,87.66,6065.02,2,21,241.7,Credit Card,No,No,No,4,1
CR-4622,17,Month-to-Month,99.3,1680.64,1,28,17.9,Electronic Check,No,No,No,3,1
CR-4623,72,Two-Year,62.13,4493.32,2,1,36.3,Electronic Check,No,No,Yes,2,0
CR-4624,59,One-Year,53.47,3152.61,1,1,145.7,Electronic Check,Yes,No,No,2,0
CR-4625,2,One-Year,31.77,37.83,2,7,180.1,Bank Transfer,Yes,No,No,1,0
CR-4626,48,One-Year,106.28,5171.91,3,9,193.8,Bank Transfer,No,Yes,No,4,0
CR-4627,8,Month-to-Month,90.52,635.53,2,6,154.7,Electronic Check,No,No,No,4,1
CR-4628,34,Month-to-Month,64.8,2257.81,1,4,300.8,Bank Transfer,Yes,No,No,2,0
CR-4629,8,Month-to-Month,31.48,279.84,1,11,165.2,Mailed Check,Yes,No,No,1,0
CR-4630,22,Month-to-Month,43.7,939.03,0,0,242.8,Electronic Check,Yes,No,No,1,0
CR-4631,60,Two-Year,36.64,2254.57,0,37,223.0,Credit Card,No,No,No,1,0
CR-4632,7,One-Year,57.85,363.81,2,2,56.6,Bank Transfer,No,Yes,No,2,0
CR-4633,14,Two-Year,35.04,520.8,1,27,146.4,Mailed Check,No,No,No,1,0
CR-4634,27,Month-to-Month,71.26,1861.54,2,1,329.9,Credit Card,No,Yes,No,2,1
CR-4635,8,Month-to-Month,56.09,414.34,2,2,119.7,Bank Transfer,Yes,No,Yes,2,0
CR-4636,17,One-Year,41.57,672.24,0,2,106.0,Credit Card,Yes,Yes,Yes,1,0
CR-4637,33,Two-Year,78.05,2553.13,2,60,173.6,Electronic Check,Yes,No,No,3,0
CR-4638,35,Two-Year,59.12,2069.55,2,0,122.5,Bank Transfer,Yes,Yes,No,1,0
CR-4639,19,Month-to-Month,87.9,1645.32,1,11,96.5,Bank Transfer,Yes,Yes,Yes,3,0
CR-4640,62,Two-Year,68.91,4211.33,1,22,121.3,Bank Transfer,Yes,No,Yes,2,0
CR-4641,43,One-Year,45.22,1958.36,1,12,274.6,Electronic Check,No,No,No,2,0
CR-4642,6,Month-to-Month,36.44,220.11,3,4,149.1,Electronic Check,No,No,No,1,1
CR-4643,15,Month-to-Month,108.89,1645.62,1,34,53.8,Electronic Check,No,Yes,No,4,1
CR-4644,49,One-Year,49.29,2420.37,2,24,39.1,Credit Card,No,No,Yes,2,0
CR-4645,5,Month-to-Month,61.84,337.83,0,6,336.5,Mailed Check,Yes,Yes,Yes,2,0
CR-4646,18,Month-to-Month,32.35,580.04,0,9,142.1,Electronic Check,Yes,No,Yes,1,1
CR-4647,27,One-Year,51.35,1416.83,0,37,194.8,Electronic Check,Yes,Yes,No,2,1
CR-4648,66,One-Year,59.81,3924.19,3,44,98.3,Mailed Check,Yes,No,No,1,1
CR-4649,23,One-Year,104.19,2374.81,0,6,185.7,Credit Card,Yes,Yes,No,4,0
CR-4650,6,Month-to-Month,106.83,682.26,0,20,276.7,Mailed Check,Yes,Yes,No,4,0
CR-4651,2,Month-to-Month,86.84,214.35,2,3,107.8,Electronic Check,Yes,No,No,3,1
CR-4652,66,One-Year,95.61,6327.47,0,5,196.7,Credit Card,No,No,Yes,4,0
CR-4653,9,Month-to-Month,36.08,298.05,0,1,47.5,Credit Card,Yes,Yes,Yes,1,0
CR-4654,10,Month-to-Month,38.98,360.71,1,2,321.8,Electronic Check,Yes,Yes,No,1,0
CR-4655,34,Month-to-Month,41.08,1436.56,1,11,181.5,Electronic Check,Yes,No,No,1,0
CR-4656,35,One-Year,60.76,2164.78,0,7,127.0,Electronic Check,No,No,No,1,0
CR-4657,23,Month-to-Month,83.64,1921.81,0,2,136.2,Electronic Check,Yes,No,Yes,4,0
CR-4658,41,Two-Year,37.46,1606.12,3,5,119.2,Mailed Check,Yes,Yes,No,1,0
CR-4659,16,One-Year,69.87,1131.69,1,5,123.3,Electronic Check,Yes,Yes,No,3,0
CR-4660,1,Month-to-Month,89.57,89.57,1,48,12.0,Credit Card,Yes,Yes,No,3,1
CR-4661,20,One-Year,79.54,1582.53,0,21,152.2,Credit Card,Yes,No,Yes,2,1
CR-4662,47,Month-to-Month,46.09,2166.39,3,5,148.8,Bank Transfer,No,No,Yes,1,1
CR-4663,51,Two-Year,46.91,2395.0,1,26,199.1,Credit Card,Yes,No,Yes,1,0
CR-4664,19,Month-to-Month,43.91,871.79,3,4,118.1,Electronic Check,Yes,No,No,1,1
CR-4665,3,Month-to-Month,65.37,167.42,2,12,98.3,Bank Transfer,Yes,Yes,Yes,2,0
CR-4666,2,Month-to-Month,68.73,97.51,2,37,159.4,Mailed Check,No,No,No,2,1
CR-4667,9,One-Year,65.26,605.41,0,5,31.0,Electronic Check,Yes,No,No,2,0
CR-4668,52,Two-Year,83.99,4352.27,1,12,171.5,Bank Transfer,No,No,No,3,0
CR-4669,44,Two-Year,68.75,3097.71,1,3,12.0,Credit Card,No,Yes,No,2,0
CR-4670,28,One-Year,25.22,734.46,0,3,249.7,Credit Card,Yes,No,Yes,1,0
CR-4671,42,Two-Year,79.02,3303.08,5,9,214.7,Bank Transfer,No,No,Yes,3,0
CR-4672,5,One-Year,64.05,356.64,0,42,85.9,Credit Card,Yes,No,Yes,2,0
CR-4673,20,Month-to-Month,47.16,965.11,4,6,212.9,Electronic Check,Yes,Yes,Yes,1,1
CR-4674,37,Two-Year,77.29,2878.74,0,30,168.9,Credit Card,Yes,No,Yes,3,0
CR-4675,8,Month-to-Month,98.61,785.21,0,27,79.3,Mailed Check,No,No,No,4,1
CR-4676,50,Two-Year,89.8,4502.61,0,3,12.0,Electronic Check,Yes,Yes,Yes,4,0
CR-4677,9,One-Year,25.25,164.16,0,5,185.3,Bank Transfer,Yes,No,Yes,1,0
CR-4678,55,One-Year,70.83,3935.16,1,11,96.5,Electronic Check,No,No,No,2,0
CR-4679,56,Two-Year,31.66,1669.88,0,8,247.6,Electronic Check,Yes,No,Yes,1,0
CR-4680,38,One-Year,95.4,3611.94,1,1,161.1,Bank Transfer,No,No,No,4,0
CR-4681,27,Month-to-Month,35.51,910.9,1,55,104.0,Credit Card,Yes,No,No,1,1
CR-4682,10,Month-to-Month,58.87,573.67,2,15,303.8,Mailed Check,No,No,No,1,0
CR-4683,6,Month-to-Month,78.2,466.98,0,6,206.1,Bank Transfer,No,Yes,Yes,3,0
CR-4684,72,One-Year,93.9,6724.9,3,10,12.0,Credit Card,No,Yes,Yes,4,0
CR-4685,4,Month-to-Month,68.48,190.69,3,1,121.1,Electronic Check,No,Yes,No,2,0
CR-4686,1,Month-to-Month,64.56,70.77,3,7,49.3,Electronic Check,No,Yes,Yes,1,1
CR-4687,53,One-Year,65.06,3510.77,1,29,96.0,Mailed Check,Yes,No,No,2,0
CR-4688,50,Month-to-Month,75.23,3750.96,0,24,148.4,Mailed Check,No,No,No,3,0
CR-4689,7,Month-to-Month,67.97,504.57,1,4,188.3,Electronic Check,Yes,Yes,No,2,0
CR-4690,45,One-Year,27.27,1272.28,2,8,180.9,Bank Transfer,Yes,No,No,1,0
CR-4691,6,Month-to-Month,43.46,203.76,2,13,246.2,Electronic Check,No,No,Yes,1,0
CR-4692,12,Month-to-Month,98.94,1173.56,1,4,210.9,Bank Transfer,Yes,Yes,No,3,0
CR-4693,6,Two-Year,62.58,337.19,1,0,206.0,Credit Card,Yes,Yes,No,2,0
CR-4694,52,Two-Year,80.08,4139.97,1,7,176.1,Credit Card,Yes,No,No,3,0
CR-4695,15,Month-to-Month,61.21,969.21,3,10,262.9,Electronic Check,Yes,No,Yes,2,1
CR-4696,2,Month-to-Month,57.05,120.81,1,0,134.7,Electronic Check,Yes,Yes,No,2,1
CR-4697,13,One-Year,100.14,1325.48,1,1,136.8,Electronic Check,Yes,Yes,No,4,0
CR-4698,14,One-Year,68.75,961.18,1,2,12.0,Credit Card,No,No,No,2,0
CR-4699,47,Month-to-Month,57.68,2674.64,2,4,244.5,Bank Transfer,Yes,Yes,No,2,0
CR-4700,59,One-Year,18.5,1111.84,0,8,153.8,Mailed Check,Yes,No,Yes,1,0
CR-4701,35,Two-Year,47.66,1705.68,2,3,394.7,Credit Card,No,Yes,No,1,0
CR-4702,2,Month-to-Month,100.33,210.18,4,3,127.6,Electronic Check,No,No,No,3,1
CR-4703,33,Month-to-Month,75.24,2497.59,1,22,167.1,Credit Card,No,No,No,3,0
CR-4704,11,One-Year,46.29,472.15,2,1,203.7,Bank Transfer,Yes,No,Yes,2,0
CR-4705,5,Month-to-Month,49.77,270.06,1,7,71.8,Electronic Check,Yes,Yes,Yes,1,1
CR-4706,27,Month-to-Month,60.44,1672.26,0,33,188.7,Electronic Check,No,Yes,Yes,1,1
CR-4707,7,Month-to-Month,102.29,728.17,5,10,162.8,Mailed Check,Yes,No,Yes,4,0
CR-4708,47,Month-to-Month,60.25,2777.85,0,13,135.7,Bank Transfer,No,Yes,No,1,0
CR-4709,4,Month-to-Month,86.94,396.83,0,6,253.8,Credit Card,Yes,No,No,3,0
CR-4710,55,One-Year,50.07,2725.51,2,0,87.7,Bank Transfer,No,No,Yes,1,0
CR-4711,58,Two-Year,91.82,5337.19,3,11,182.0,Electronic Check,Yes,No,No,4,0
CR-4712,53,Two-Year,99.85,5320.64,2,10,276.4,Credit Card,Yes,Yes,Yes,4,0
CR-4713,10,One-Year,42.71,459.49,1,1,103.5,Credit Card,No,No,Yes,1,0
CR-4714,14,Two-Year,78.36,1043.04,0,6,136.2,Electronic Check,No,No,No,3,0
CR-4715,10,Month-to-Month,40.46,408.12,1,27,347.6,Electronic Check,Yes,Yes,No,1,1
CR-4716,32,Month-to-Month,45.26,1449.85,2,2,198.0,Bank Transfer,Yes,Yes,No,1,0
CR-4717,12,One-Year,48.04,619.65,2,6,119.5,Electronic Check,No,Yes,No,2,0
CR-4718,68,Two-Year,69.12,4713.92,1,6,224.2,Credit Card,Yes,No,Yes,2,0
CR-4719,71,Two-Year,52.22,3751.06,3,18,114.6,Electronic Check,Yes,No,Yes,2,1
CR-4720,1,Month-to-Month,58.5,74.7,1,19,34.8,Credit Card,Yes,No,No,2,1
CR-4721,4,One-Year,46.31,183.02,1,15,269.8,Bank Transfer,No,No,Yes,1,0
CR-4722,43,Two-Year,33.73,1456.21,0,5,71.8,Electronic Check,Yes,No,No,1,0
CR-4723,4,Two-Year,41.34,211.07,3,0,356.1,Electronic Check,No,No,Yes,2,0
CR-4724,12,Two-Year,57.17,647.13,6,4,120.9,Electronic Check,Yes,No,No,2,0
CR-4725,62,One-Year,46.69,2921.96,4,12,330.7,Electronic Check,Yes,No,No,2,0
CR-4726,32,Month-to-Month,68.12,2161.01,2,13,50.5,Credit Card,Yes,No,No,2,1
CR-4727,2,Month-to-Month,67.46,109.65,1,36,242.0,Electronic Check,Yes,Yes,No,3,1
CR-4728,7,Month-to-Month,75.85,561.65,0,6,200.0,Credit Card,Yes,Yes,Yes,2,0
CR-4729,5,Month-to-Month,42.94,188.21,0,11,227.0,Bank Transfer,Yes,No,Yes,1,0
CR-4730,12,One-Year,61.59,750.39,2,8,237.4,Electronic Check,Yes,No,No,2,0
CR-4731,6,One-Year,41.19,232.47,4,1,120.2,Bank Transfer,Yes,Yes,No,2,0
CR-4732,24,One-Year,62.45,1428.09,1,6,55.3,Credit Card,Yes,No,No,2,0
CR-4733,8,Month-to-Month,60.2,495.93,2,8,155.9,Electronic Check,Yes,No,Yes,2,0
CR-4734,68,One-Year,48.01,3268.47,1,33,177.8,Credit Card,Yes,No,No,2,0
CR-4735,10,Month-to-Month,43.87,381.4,2,5,122.3,Electronic Check,Yes,Yes,Yes,1,1
CR-4736,20,Month-to-Month,57.02,1119.44,0,43,182.2,Electronic Check,No,No,No,2,0
CR-4737,38,Two-Year,40.83,1497.33,0,8,186.4,Electronic Check,Yes,No,Yes,1,0
CR-4738,20,Month-to-Month,61.26,1247.15,3,3,87.2,Bank Transfer,Yes,Yes,Yes,2,1
CR-4739,19,Month-to-Month,56.29,1111.15,0,2,191.6,Credit Card,Yes,No,Yes,2,0
CR-4740,13,Month-to-Month,63.46,850.46,2,1,138.6,Bank Transfer,Yes,No,No,2,0
CR-4741,57,Two-Year,60.13,3457.08,2,6,104.0,Electronic Check,Yes,No,No,2,0
CR-4742,8,Month-to-Month,47.73,366.31,1,0,223.0,Bank Transfer,Yes,No,Yes,1,0
CR-4743,8,Month-to-Month,91.71,750.09,2,6,97.8,Bank Transfer,Yes,No,Yes,4,0
CR-4744,33,One-Year,68.35,2255.28,0,49,123.5,Electronic Check,No,Yes,No,3,0
CR-4745,35,Two-Year,53.91,1892.41,3,12,165.8,Credit Card,No,Yes,No,2,0
CR-4746,9,Month-to-Month,57.43,545.59,5,15,269.9,Electronic Check,No,Yes,No,1,1
CR-4747,14,One-Year,52.56,771.1,3,1,175.4,Mailed Check,Yes,No,Yes,1,0
CR-4748,20,One-Year,73.13,1450.91,1,7,202.3,Electronic Check,No,Yes,No,2,0
CR-4749,11,Month-to-Month,73.83,769.9,0,3,136.2,Bank Transfer,Yes,Yes,Yes,2,0
CR-4750,24,Two-Year,38.34,914.54,2,24,153.7,Mailed Check,No,No,Yes,1,0
CR-4751,3,Month-to-Month,63.96,185.3,0,2,156.1,Credit Card,Yes,No,Yes,2,0
CR-4752,35,One-Year,61.76,2170.14,0,6,183.5,Electronic Check,Yes,No,No,2,0
CR-4753,5,Month-to-Month,67.6,362.99,2,9,136.3,Bank Transfer,Yes,No,No,2,0
CR-4754,3,Month-to-Month,58.11,116.89,0,7,267.2,Electronic Check,No,Yes,Yes,2,1
CR-4755,2,Month-to-Month,79.93,139.73,2,19,130.1,Bank Transfer,No,No,No,3,1
CR-4756,66,One-Year,43.72,2856.6,3,2,23.4,Credit Card,Yes,Yes,Yes,1,0
CR-4757,11,Month-to-Month,66.32,767.05,1,5,379.4,Bank Transfer,No,No,Yes,2,0
CR-4758,4,Month-to-Month,49.56,191.99,1,17,133.8,Electronic Check,No,Yes,No,1,1
CR-4759,33,Month-to-Month,61.94,2028.63,3,8,265.1,Bank Transfer,Yes,Yes,No,2,1
CR-4760,34,One-Year,62.24,2132.31,1,5,272.4,Electronic Check,Yes,Yes,No,2,0
CR-4761,2,Month-to-Month,45.26,72.73,4,0,235.6,Electronic Check,No,No,No,1,1
CR-4762,11,Month-to-Month,77.47,851.71,1,15,144.2,Bank Transfer,Yes,No,No,2,0
CR-4763,33,One-Year,61.7,2090.52,7,39,182.9,Credit Card,No,Yes,Yes,3,0
CR-4764,10,Month-to-Month,33.3,386.59,2,10,58.0,Bank Transfer,Yes,No,Yes,1,0
CR-4765,3,Month-to-Month,67.74,191.0,4,21,319.2,Electronic Check,No,No,Yes,2,1
CR-4766,26,Month-to-Month,99.7,2586.73,2,8,91.9,Mailed Check,No,No,No,4,0
CR-4767,14,Month-to-Month,63.63,872.25,0,2,139.7,Credit Card,Yes,No,No,2,0
CR-4768,12,One-Year,85.67,970.26,4,0,167.9,Electronic Check,Yes,Yes,Yes,3,0
CR-4769,8,One-Year,81.14,680.21,1,11,151.4,Mailed Check,Yes,Yes,No,3,0
CR-4770,6,Month-to-Month,37.41,297.1,1,7,107.5,Mailed Check,Yes,Yes,No,1,0
CR-4771,14,Month-to-Month,49.29,676.76,5,16,271.5,Electronic Check,Yes,No,No,1,1
CR-4772,16,One-Year,79.21,1242.86,0,13,236.0,Credit Card,No,Yes,No,3,0
CR-4773,1,One-Year,74.52,74.52,1,48,185.8,Bank Transfer,No,Yes,Yes,3,0
CR-4774,4,Month-to-Month,49.9,202.15,0,7,128.0,Electronic Check,No,No,No,1,1
CR-4775,66,Two-Year,67.51,4421.59,1,6,245.1,Electronic Check,Yes,Yes,Yes,2,0
CR-4776,10,One-Year,63.15,617.75,1,3,122.8,Bank Transfer,No,No,No,2,0
CR-4777,15,Month-to-Month,96.17,1473.0,5,7,285.6,Electronic Check,Yes,No,No,3,1
CR-4778,48,Two-Year,74.27,3568.78,2,22,168.9,Credit Card,Yes,No,No,2,0
CR-4779,19,Month-to-Month,107.02,2071.49,4,0,258.4,Electronic Check,Yes,No,Yes,4,1
CR-4780,25,One-Year,122.66,3077.44,1,41,150.9,Mailed Check,No,Yes,No,4,0
CR-4781,26,One-Year,77.54,1983.37,3,55,165.7,Credit Card,Yes,No,No,3,1
CR-4782,5,Month-to-Month,56.35,264.47,0,10,258.0,Credit Card,No,No,No,2,0
CR-4783,13,One-Year,69.6,912.25,0,4,335.5,Electronic Check,Yes,No,No,2,0
CR-4784,7,One-Year,40.47,249.61,3,2,284.8,Credit Card,Yes,No,Yes,1,0
CR-4785,9,Month-to-Month,61.12,512.51,2,3,230.2,Bank Transfer,Yes,No,Yes,2,1
CR-4786,65,Two-Year,51.14,3288.33,0,0,207.1,Bank Transfer,Yes,Yes,No,2,0
CR-4787,60,One-Year,67.07,4039.67,3,7,119.4,Electronic Check,Yes,Yes,No,2,0
CR-4788,39,One-Year,46.29,1794.32,2,0,183.6,Credit Card,Yes,No,Yes,2,0
CR-4789,12,Month-to-Month,60.04,755.95,2,13,87.0,Electronic Check,Yes,Yes,Yes,2,0
CR-4790,67,One-Year,78.85,5256.06,2,5,190.1,Credit Card,Yes,No,No,3,0
CR-4791,6,Month-to-Month,56.64,266.12,3,2,195.2,Credit Card,No,No,No,2,1
CR-4792,70,Month-to-Month,25.43,1776.18,1,8,12.0,Credit Card,Yes,No,Yes,1,0
CR-4793,9,Month-to-Month,43.35,439.58,1,40,163.1,Electronic Check,Yes,No,No,2,0
CR-4794,35,Month-to-Month,89.54,3134.94,4,13,193.2,Electronic Check,No,No,No,4,1
CR-4795,49,One-Year,84.39,4093.95,1,7,153.3,Bank Transfer,Yes,No,No,3,0
CR-4796,1,Two-Year,45.89,45.89,3,16,188.6,Electronic Check,No,No,No,1,1
CR-4797,68,Month-to-Month,60.84,4173.06,4,14,52.7,Electronic Check,No,No,Yes,2,1
CR-4798,22,Two-Year,88.15,1915.08,1,24,97.9,Electronic Check,Yes,No,No,4,0
CR-4799,37,Two-Year,46.41,1763.42,2,2,242.8,Credit Card,No,No,No,1,0
CR-4800,11,Month-to-Month,25.01,294.73,2,21,160.0,Electronic Check,No,Yes,No,1,1
CR-4801,18,One-Year,19.03,319.45,0,3,187.2,Mailed Check,No,No,No,1,0
CR-4802,19,One-Year,58.57,1147.84,1,31,116.3,Bank Transfer,Yes,No,No,2,0
CR-4803,7,Month-to-Month,55.54,361.06,1,3,161.6,Credit Card,No,No,Yes,2,1
CR-4804,10,Month-to-Month,53.13,487.88,0,28,12.0,Electronic Check,Yes,No,Yes,1,1
CR-4805,35,One-Year,62.58,2164.3,1,36,227.7,Mailed Check,Yes,No,Yes,2,0
CR-4806,7,Month-to-Month,59.51,439.63,2,1,304.6,Electronic Check,Yes,Yes,No,1,0
CR-4807,6,One-Year,55.52,367.26,1,40,74.8,Electronic Check,Yes,Yes,Yes,2,1
CR-4808,14,Month-to-Month,65.87,910.3,4,0,84.8,Electronic Check,No,No,Yes,2,0
CR-4809,44,Two-Year,58.48,2517.07,2,2,195.3,Electronic Check,No,No,No,2,0
CR-4810,3,Month-to-Month,56.82,123.76,1,6,277.9,Bank Transfer,No,Yes,No,1,0
CR-4811,20,Month-to-Month,58.96,1147.17,2,55,159.8,Credit Card,Yes,Yes,Yes,2,0
CR-4812,36,One-Year,69.54,2464.62,1,7,61.7,Electronic Check,No,Yes,No,2,0
CR-4813,72,Two-Year,50.22,3623.8,2,8,143.3,Credit Card,Yes,No,No,2,0
CR-4814,52,Two-Year,56.85,3014.34,0,13,77.6,Credit Card,Yes,No,Yes,2,0
CR-4815,61,One-Year,60.16,3693.63,3,37,106.5,Mailed Check,No,No,No,2,0
CR-4816,27,One-Year,55.63,1468.16,0,16,135.7,Electronic Check,Yes,Yes,No,1,0
CR-4817,9,Month-to-Month,21.03,168.44,0,2,85.7,Electronic Check,Yes,No,No,1,0
CR-4818,53,Month-to-Month,39.67,2087.53,1,3,97.8,Electronic Check,No,No,Yes,1,0
CR-4819,59,Month-to-Month,57.34,3394.74,2,1,166.0,Electronic Check,No,No,Yes,2,0
CR-4820,2,Month-to-Month,40.23,127.6,1,11,177.2,Bank Transfer,No,No,Yes,2,1
CR-4821,4,Month-to-Month,74.36,283.42,2,2,46.1,Bank Transfer,Yes,No,Yes,3,1
CR-4822,9,Month-to-Month,63.59,618.47,1,3,191.7,Electronic Check,Yes,Yes,No,3,1
CR-4823,1,Month-to-Month,55.69,118.81,0,24,129.4,Bank Transfer,Yes,Yes,No,3,0
CR-4824,57,Two-Year,58.38,3317.16,0,4,217.6,Electronic Check,No,No,Yes,2,0
CR-4825,23,Month-to-Month,58.04,1323.65,1,9,222.4,Electronic Check,Yes,Yes,No,2,0
CR-4826,2,Month-to-Month,76.55,142.28,2,5,116.4,Electronic Check,Yes,Yes,No,3,1
CR-4827,27,Month-to-Month,45.53,1231.18,2,0,209.1,Bank Transfer,Yes,No,No,1,0
CR-4828,1,Month-to-Month,52.21,52.21,2,4,93.0,Credit Card,No,Yes,No,2,0
CR-4829,30,Month-to-Month,60.91,1853.83,1,5,265.9,Credit Card,Yes,No,No,1,0
CR-4830,3,Month-to-Month,96.67,243.55,1,24,96.1,Mailed Check,Yes,Yes,Yes,4,1
CR-4831,69,Two-Year,73.86,5080.3,1,4,188.2,Credit Card,No,No,No,2,0
CR-4832,13,One-Year,26.2,350.48,0,5,145.0,Electronic Check,Yes,Yes,No,1,0
CR-4833,2,Month-to-Month,52.65,131.4,0,16,78.6,Electronic Check,Yes,No,Yes,2,1
CR-4834,67,One-Year,49.86,3406.48,0,15,232.1,Mailed Check,No,Yes,Yes,1,0
CR-4835,40,One-Year,94.73,3750.53,2,17,110.9,Credit Card,No,No,Yes,4,0
CR-4836,57,Two-Year,50.27,2845.83,0,33,24.0,Credit Card,Yes,No,Yes,2,0
CR-4837,39,Two-Year,42.61,1593.8,2,17,12.0,Credit Card,No,No,No,2,0
CR-4838,9,Month-to-Month,68.33,581.67,2,5,90.0,Electronic Check,No,Yes,No,2,0
CR-4839,52,Two-Year,85.52,4393.97,1,18,270.1,Credit Card,Yes,No,Yes,3,0
CR-4840,70,One-Year,81.43,5684.46,4,7,260.6,Electronic Check,No,No,No,3,0
CR-4841,9,Month-to-Month,74.04,659.51,1,3,102.5,Electronic Check,No,Yes,Yes,3,1
CR-4842,34,Month-to-Month,67.87,2321.66,3,3,130.0,Electronic Check,No,No,Yes,3,0
CR-4843,21,One-Year,42.47,882.91,2,2,122.8,Bank Transfer,Yes,Yes,Yes,1,0
CR-4844,3,Month-to-Month,83.85,265.65,1,1,53.3,Bank Transfer,No,No,Yes,4,0
CR-4845,13,Month-to-Month,53.48,698.66,5,2,84.1,Bank Transfer,Yes,Yes,Yes,2,0
CR-4846,10,Month-to-Month,91.61,885.1,5,0,238.5,Bank Transfer,No,Yes,No,3,1
CR-4847,55,Month-to-Month,42.49,2286.36,0,24,200.3,Bank Transfer,Yes,No,Yes,2,0
CR-4848,3,One-Year,49.78,166.85,3,29,181.8,Electronic Check,Yes,Yes,No,1,0
CR-4849,29,Month-to-Month,75.94,2251.66,2,9,53.2,Credit Card,No,Yes,Yes,2,0
CR-4850,20,Month-to-Month,51.16,1099.26,1,20,168.1,Credit Card,Yes,No,No,1,0
CR-4851,4,Month-to-Month,64.98,287.98,3,2,12.0,Bank Transfer,Yes,Yes,No,2,1
CR-4852,5,One-Year,56.36,325.53,2,25,227.4,Credit Card,No,No,Yes,2,0
CR-4853,14,One-Year,36.54,525.4,2,7,180.7,Bank Transfer,No,No,No,1,0
CR-4854,7,Month-to-Month,74.52,530.7,1,0,52.4,Electronic Check,Yes,No,No,4,1
CR-4855,40,One-Year,97.37,3898.13,2,1,289.3,Bank Transfer,Yes,No,Yes,4,0
CR-4856,5,Month-to-Month,74.98,371.73,0,4,16.3,Electronic Check,Yes,No,Yes,3,0
CR-4857,44,Two-Year,72.02,3187.09,1,0,202.4,Credit Card,Yes,No,No,3,0
CR-4858,3,Month-to-Month,60.8,166.78,3,4,204.4,Bank Transfer,Yes,Yes,Yes,2,1
CR-4859,8,One-Year,61.62,488.54,1,0,60.8,Electronic Check,Yes,Yes,Yes,2,0
CR-4860,55,Month-to-Month,36.64,1979.86,3,2,157.0,Bank Transfer,Yes,No,No,1,0
CR-4861,11,Two-Year,113.13,1258.68,1,3,29.1,Mailed Check,No,No,No,4,0
CR-4862,35,Two-Year,86.31,2992.08,2,56,12.0,Electronic Check,No,Yes,Yes,3,0
CR-4863,4,Month-to-Month,87.96,352.85,0,2,74.6,Mailed Check,Yes,No,No,3,1
CR-4864,46,Two-Year,95.97,4429.63,0,3,110.7,Mailed Check,Yes,Yes,No,4,0
CR-4865,59,Two-Year,66.11,3918.07,0,12,211.5,Credit Card,No,No,Yes,2,0
CR-4866,54,One-Year,52.04,2833.31,2,21,165.4,Credit Card,No,No,No,2,0
CR-4867,14,One-Year,103.66,1444.84,1,5,167.5,Bank Transfer,Yes,No,Yes,4,0
CR-4868,32,Month-to-Month,58.96,1901.3,4,22,78.8,Bank Transfer,Yes,Yes,No,2,0
CR-4869,43,One-Year,50.78,2168.94,1,4,117.6,Mailed Check,No,No,Yes,2,0
CR-4870,1,Month-to-Month,60.77,60.77,1,2,85.6,Electronic Check,No,Yes,Yes,2,1
CR-4871,4,Month-to-Month,58.08,248.23,1,4,62.0,Electronic Check,No,No,No,2,0
CR-4872,69,One-Year,102.23,7062.82,3,10,112.5,Electronic Check,No,No,No,3,0
CR-4873,21,One-Year,65.35,1402.75,0,5,166.0,Credit Card,Yes,No,No,2,0
CR-4874,2,One-Year,76.8,152.84,5,12,114.2,Bank Transfer,Yes,Yes,No,2,1
CR-4875,22,Month-to-Month,72.31,1542.73,0,2,134.1,Electronic Check,No,No,No,2,0
CR-4876,16,Month-to-Month,61.38,979.33,0,13,215.6,Credit Card,Yes,No,No,2,0
CR-4877,15,Month-to-Month,92.56,1415.0,0,4,119.9,Bank Transfer,Yes,No,No,4,0
CR-4878,33,One-Year,25.6,859.08,1,6,53.3,Bank Transfer,Yes,Yes,No,1,0
CR-4879,5,Month-to-Month,34.29,167.05,3,8,205.1,Electronic Check,No,Yes,No,1,1
CR-4880,6,Month-to-Month,49.63,247.87,0,12,181.3,Electronic Check,No,No,No,1,0
CR-4881,39,One-Year,93.98,3634.44,0,3,186.3,Electronic Check,Yes,No,No,4,0
CR-4882,56,One-Year,64.76,3640.88,3,19,210.1,Bank Transfer,No,Yes,No,2,0
CR-4883,21,Two-Year,76.7,1560.75,3,14,196.5,Credit Card,Yes,No,No,4,0
CR-4884,7,Month-to-Month,65.54,449.23,0,2,162.3,Credit Card,Yes,No,No,2,0
CR-4885,6,Month-to-Month,71.96,432.91,0,40,351.3,Electronic Check,Yes,No,Yes,2,0
CR-4886,32,Month-to-Month,61.24,1994.18,0,12,57.2,Credit Card,No,Yes,Yes,3,0
CR-4887,32,One-Year,46.72,1513.47,2,6,113.1,Electronic Check,Yes,No,No,1,0
CR-4888,70,Two-Year,74.44,5239.68,1,1,237.4,Electronic Check,Yes,No,No,2,0
CR-4889,23,Month-to-Month,77.8,1798.46,4,8,171.4,Credit Card,Yes,No,No,2,0
CR-4890,41,Month-to-Month,37.97,1531.41,1,1,220.6,Electronic Check,Yes,No,No,1,0
CR-4891,7,Month-to-Month,68.8,463.19,1,6,173.6,Credit Card,No,Yes,No,2,0
CR-4892,20,One-Year,57.3,1118.02,3,5,269.9,Electronic Check,Yes,No,Yes,1,0
CR-4893,49,Two-Year,47.01,2321.21,0,14,79.4,Electronic Check,Yes,Yes,No,1,0
CR-4894,25,One-Year,73.85,1825.43,2,2,267.4,Bank Transfer,Yes,Yes,Yes,2,0
CR-4895,8,Month-to-Month,78.64,617.3,1,18,253.7,Electronic Check,Yes,Yes,No,3,0
CR-4896,31,Month-to-Month,46.94,1455.81,0,4,63.2,Electronic Check,Yes,Yes,No,1,0
CR-4897,44,One-Year,54.78,2459.56,1,6,210.5,Bank Transfer,Yes,No,No,2,0
CR-4898,38,One-Year,41.35,1591.01,1,16,156.6,Electronic Check,Yes,No,Yes,1,0
CR-4899,50,One-Year,65.34,3243.81,2,10,111.5,Credit Card,Yes,Yes,Yes,2,0
CR-4900,31,Month-to-Month,54.03,1679.49,1,4,12.0,Credit Card,Yes,No,Yes,2,0
CR-4901,44,Two-Year,76.76,3426.98,2,5,79.1,Bank Transfer,Yes,Yes,No,3,0
CR-4902,19,One-Year,86.61,1664.05,1,4,216.6,Electronic Check,No,Yes,No,3,0
CR-4903,10,One-Year,63.53,587.35,1,9,225.1,Bank Transfer,Yes,No,No,1,0
CR-4904,27,Month-to-Month,22.51,580.31,2,4,143.1,Credit Card,No,Yes,Yes,1,0
CR-4905,66,Two-Year,62.77,4113.06,4,14,225.4,Electronic Check,No,No,No,1,0
CR-4906,59,Two-Year,94.4,5612.82,0,9,235.6,Electronic Check,Yes,Yes,No,4,0
CR-4907,23,One-Year,70.65,1662.64,2,1,172.4,Credit Card,No,No,Yes,2,0
CR-4908,11,Month-to-Month,54.61,581.96,1,4,102.2,Bank Transfer,No,Yes,No,1,1
CR-4909,36,One-Year,58.64,2091.64,0,2,195.3,Bank Transfer,No,Yes,Yes,1,0
CR-4910,24,Month-to-Month,53.72,1290.62,4,5,199.0,Electronic Check,No,Yes,No,2,1
CR-4911,3,Month-to-Month,40.75,124.49,0,7,213.9,Credit Card,Yes,No,No,1,0
CR-4912,45,Two-Year,78.46,3501.83,2,7,229.2,Electronic Check,Yes,Yes,No,3,0
CR-4913,9,Month-to-Month,57.43,509.4,0,15,51.0,Credit Card,Yes,Yes,Yes,2,0
CR-4914,12,Month-to-Month,74.19,846.67,2,2,119.2,Electronic Check,Yes,Yes,No,2,1
CR-4915,25,One-Year,60.23,1543.92,2,32,12.0,Mailed Check,Yes,Yes,Yes,2,0
CR-4916,2,One-Year,26.81,26.81,2,4,219.8,Electronic Check,No,Yes,No,1,0
CR-4917,20,One-Year,54.67,1040.26,2,3,143.0,Bank Transfer,Yes,Yes,Yes,2,0
CR-4918,24,One-Year,63.22,1530.33,0,12,194.5,Credit Card,Yes,No,Yes,3,0
CR-4919,29,Month-to-Month,58.72,1665.77,0,18,41.9,Electronic Check,Yes,Yes,No,2,0
CR-4920,32,Month-to-Month,67.73,2152.33,2,5,272.1,Electronic Check,Yes,No,No,2,0
CR-4921,5,Month-to-Month,72.46,364.2,2,15,64.5,Mailed Check,Yes,No,No,3,1
CR-4922,7,Month-to-Month,38.97,293.05,2,23,222.0,Bank Transfer,No,Yes,Yes,1,0
CR-4923,31,Two-Year,58.25,1799.12,1,16,169.4,Credit Card,No,No,No,2,0
CR-4924,56,Month-to-Month,62.41,3548.34,2,0,144.8,Electronic Check,Yes,Yes,No,2,0
CR-4925,34,One-Year,84.16,2861.43,1,19,138.4,Credit Card,Yes,No,Yes,3,0
CR-4926,34,Month-to-Month,51.07,1772.1,1,16,109.0,Electronic Check,No,No,No,1,0
CR-4927,60,Two-Year,83.56,5021.96,0,12,263.6,Credit Card,No,Yes,No,2,0
CR-4928,25,Month-to-Month,44.23,1169.69,1,15,161.0,Electronic Check,No,Yes,No,1,0
CR-4929,2,Month-to-Month,50.36,132.47,1,42,58.5,Bank Transfer,No,No,No,1,1
CR-4930,53,Two-Year,63.12,3346.66,0,6,129.3,Electronic Check,Yes,No,No,3,0
CR-4931,22,One-Year,57.21,1277.48,2,0,170.3,Bank Transfer,No,Yes,No,2,0
CR-4932,11,Month-to-Month,76.3,831.48,1,6,231.8,Electronic Check,Yes,No,No,3,0
CR-4933,44,One-Year,50.83,2228.39,1,0,111.6,Bank Transfer,No,No,Yes,2,0
CR-4934,14,Month-to-Month,55.64,739.86,1,3,117.0,Credit Card,No,Yes,No,2,0
CR-4935,17,Month-to-Month,77.93,1300.56,0,9,161.9,Electronic Check,No,No,No,3,0
CR-4936,5,One-Year,55.95,341.58,0,4,229.9,Credit Card,Yes,Yes,Yes,2,0
CR-4937,36,Two-Year,69.02,2448.6,3,12,50.5,Credit Card,No,No,No,1,1
CR-4938,17,One-Year,48.12,798.38,1,18,200.4,Bank Transfer,No,Yes,No,1,0
CR-4939,63,One-Year,63.01,3966.82,1,6,122.9,Electronic Check,Yes,No,No,1,0
CR-4940,1,One-Year,75.93,75.93,3,25,134.0,Credit Card,No,No,No,2,1
CR-4941,1,Month-to-Month,90.61,102.12,1,0,320.1,Electronic Check,No,No,No,4,0
CR-4942,27,One-Year,79.38,2129.19,2,20,144.3,Credit Card,No,No,No,3,0
CR-4943,54,One-Year,92.65,5016.46,6,19,220.4,Electronic Check,Yes,No,Yes,4,1
CR-4944,45,Two-Year,95.38,4326.37,0,4,217.5,Electronic Check,No,No,No,4,0
CR-4945,30,One-Year,51.24,1575.2,3,3,65.6,Electronic Check,Yes,No,Yes,2,0
CR-4946,27,One-Year,38.58,1033.63,2,4,12.4,Mailed Check,No,No,No,1,0
CR-4947,23,One-Year,64.6,1504.14,3,18,225.7,Credit Card,No,Yes,Yes,2,1
CR-4948,1,Month-to-Month,82.33,82.33,1,19,73.3,Electronic Check,No,Yes,Yes,3,1
CR-4949,5,Month-to-Month,63.53,296.0,1,4,26.9,Mailed Check,No,Yes,No,2,0
CR-4950,36,Two-Year,60.4,2139.19,4,9,242.1,Electronic Check,Yes,No,No,2,0
CR-4951,67,One-Year,51.61,3456.5,3,1,78.4,Credit Card,No,No,No,1,0
CR-4952,10,Month-to-Month,58.43,558.52,1,6,98.2,Credit Card,No,No,Yes,2,0
CR-4953,6,Month-to-Month,74.92,403.9,1,60,317.9,Credit Card,Yes,No,No,2,1
CR-4954,58,One-Year,42.52,2454.58,1,1,27.2,Bank Transfer,Yes,Yes,No,2,0
CR-4955,63,One-Year,85.57,5339.05,0,32,59.5,Bank Transfer,Yes,No,No,3,0
CR-4956,11,Month-to-Month,47.88,566.5,2,19,123.2,Bank Transfer,Yes,No,Yes,1,0
CR-4957,33,Month-to-Month,90.25,2961.52,0,39,140.8,Bank Transfer,Yes,Yes,No,4,0
CR-4958,56,Two-Year,39.45,2238.76,2,2,88.5,Electronic Check,Yes,No,No,1,0
CR-4959,61,One-Year,101.65,6185.89,2,2,67.3,Credit Card,No,No,No,4,0
CR-4960,12,Month-to-Month,70.16,806.07,3,0,280.8,Credit Card,Yes,No,Yes,2,0
CR-4961,28,One-Year,61.51,1757.55,3,14,181.0,Bank Transfer,No,No,No,3,0
CR-4962,5,Month-to-Month,49.28,249.06,2,11,206.8,Electronic Check,No,No,No,1,1
CR-4963,39,One-Year,56.42,2256.99,2,2,149.0,Electronic Check,No,No,Yes,2,0
CR-4964,63,One-Year,90.25,5671.75,2,17,183.2,Credit Card,Yes,Yes,Yes,3,0
CR-4965,31,Month-to-Month,24.61,749.56,3,3,234.6,Credit Card,Yes,No,Yes,1,1
CR-4966,11,Month-to-Month,67.45,772.09,3,1,80.3,Credit Card,Yes,No,No,1,1
CR-4967,40,Two-Year,52.14,2115.95,2,6,181.2,Credit Card,No,Yes,No,2,0
CR-4968,25,One-Year,57.3,1437.1,3,1,215.7,Credit Card,Yes,No,Yes,1,1
CR-4969,12,One-Year,42.31,607.78,1,3,283.6,Electronic Check,Yes,No,No,1,0
CR-4970,36,Two-Year,52.81,1892.74,3,5,315.8,Electronic Check,Yes,No,Yes,2,0
CR-4971,70,Month-to-Month,45.65,3157.42,2,21,165.6,Credit Card,Yes,Yes,No,1,0
CR-4972,11,Two-Year,71.29,754.11,0,17,251.1,Electronic Check,No,No,No,2,0
CR-4973,5,One-Year,63.47,309.11,1,6,12.0,Mailed Check,Yes,No,No,3,0
CR-4974,36,One-Year,68.02,2494.28,0,14,284.2,Credit Card,No,No,No,2,0
CR-4975,63,One-Year,42.88,2695.85,6,9,101.9,Bank Transfer,Yes,No,No,1,0
CR-4976,3,Month-to-Month,66.77,247.29,0,4,140.7,Electronic Check,No,No,Yes,2,1
CR-4977,10,Month-to-Month,61.11,624.13,0,14,195.3,Bank Transfer,Yes,Yes,Yes,2,0
CR-4978,5,Month-to-Month,55.28,308.9,0,12,147.7,Credit Card,No,Yes,No,2,1
CR-4979,37,One-Year,49.87,1856.81,1,10,175.7,Credit Card,Yes,Yes,Yes,2,0
CR-4980,4,One-Year,103.73,426.3,1,10,287.0,Electronic Check,No,Yes,No,4,0
CR-4981,37,Two-Year,85.67,3192.37,1,12,129.3,Credit Card,Yes,No,No,3,0
CR-4982,52,Two-Year,49.62,2563.24,1,5,73.0,Credit Card,Yes,No,Yes,1,0
CR-4983,38,Two-Year,65.28,2463.97,5,22,305.1,Electronic Check,Yes,Yes,No,2,0
CR-4984,4,Month-to-Month,70.45,292.29,3,1,202.1,Electronic Check,Yes,Yes,No,2,1
CR-4985,8,Month-to-Month,111.06,946.71,2,23,313.8,Bank Transfer,Yes,Yes,Yes,4,0
CR-4986,72,Two-Year,78.24,5587.06,1,4,229.1,Electronic Check,No,No,Yes,4,0
CR-4987,13,Month-to-Month,37.58,427.66,1,1,54.1,Electronic Check,Yes,No,No,2,1
CR-4988,8,Month-to-Month,78.18,617.53,1,10,211.6,Electronic Check,Yes,Yes,No,2,1
CR-4989,11,One-Year,47.59,554.42,0,5,81.3,Mailed Check,Yes,Yes,No,2,0
CR-4990,5,Month-to-Month,50.14,252.24,1,18,160.6,Electronic Check,Yes,No,No,2,0
CR-4991,71,One-Year,40.12,2813.44,0,6,153.9,Electronic Check,Yes,No,No,1,0
CR-4992,70,Two-Year,44.46,3114.57,3,12,30.6,Electronic Check,Yes,Yes,Yes,2,0
CR-4993,20,One-Year,57.18,1091.61,4,4,95.0,Credit Card,Yes,No,No,2,0
CR-4994,43,One-Year,51.52,2234.23,1,2,336.4,Credit Card,Yes,Yes,Yes,2,0
CR-4995,20,Month-to-Month,58.67,1164.13,0,5,179.1,Credit Card,Yes,Yes,No,2,0
CR-4996,1,One-Year,81.8,81.8,1,10,146.0,Bank Transfer,Yes,No,No,3,0
CR-4997,55,One-Year,57.56,3178.62,0,11,305.0,Bank Transfer,No,Yes,No,2,0
CR-4998,46,Month-to-Month,57.06,2630.93,1,9,128.3,Bank Transfer,No,No,No,2,0
CR-4999,50,One-Year,81.58,4062.76,2,48,152.7,Bank Transfer,No,No,No,3,0
