tenure_months,monthly_charges,total_charges,support_tickets,last_login_days,monthly_usage_gb,num_products,contract_type_Month-to-Month,contract_type_One-Year,contract_type_Two-Year,payment_method_Bank Transfer,payment_method_Credit Card,payment_method_Electronic Check,payment_method_Mailed Check,paperless_billing_No,paperless_billing_Yes,online_security_No,online_security_Yes,tech_support_No,tech_support_Yes
-0.30680763308425335,-0.06916625397127847,-0.27625216628630717,1.1792006731487863,-0.7259058616639729,-0.9528612898138387,-0.10361856120508274,1.0,0.0,0.0,1.0,0.0,0.0,0.0,0.0,1.0,0.0,1.0,0.0,1.0
0.6001746244896566,0.9909100681638183,1.0358431670943502,0.3777048885106987,0.27987592658919946,1.9679920224317264,2.0016474442315153,0.0,1.0,0.0,0.0,0.0,0.0,1.0,1.0,0.0,0.0,1.0,0.0,1.0
-0.6886948994311628,-1.0661189387769694,-0.7827035404996147,-0.42379089612738885,-0.9087752777100041,-0.2349367600103452,-1.1562515639233817,0.0,1.0,0.0,0.0,0.0,1.0,0.0,0.0,1.0,1.0,0.0,1.0,0.0
1.55489279035693,-1.8125809992596225,-0.054932834205302726,-1.2252866807654765,-1.0002099857330198,-0.11592945056544152,-1.1562515639233817,0.0,1.0,0.0,1.0,0.0,0.0,0.0,1.0,0.0,1.0,0.0,0.0,1.0
1.1252696157166573,1.9678235030236664,2.2875169024913986,0.3777048885106987,-0.7259058616639729,-0.7911665758941329,2.0016474442315153,0.0,0.0,1.0,1.0,0.0,0.0,0.0,0.0,1.0,1.0,0.0,1.0,0.0
-0.8319026243112538,1.931752853121149,-0.4683291031222919,1.980696457786874,-1.0002099857330198,-1.9256166887547888,0.9490144415132162,1.0,0.0,0.0,1.0,0.0,0.0,0.0,1.0,0.0,1.0,0.0,1.0,0.0
-0.9273744408979813,-0.27506954716481563,-0.8509878973255407,-0.42379089612738885,-1.0002099857330198,1.534650189126915,-0.10361856120508274,1.0,0.0,0.0,1.0,0.0,0.0,0.0,0.0,1.0,1.0,0.0,1.0,0.0
-0.020392183324071236,-1.1898613071925501,-0.41515184474621,0.3777048885106987,0.005571802520152484,0.39114517228675566,-1.1562515639233817,0.0,1.0,0.0,0.0,0.0,0.0,1.0,0.0,1.0,1.0,0.0,1.0,0.0
-0.8319026243112538,-0.028586772830946204,-0.7336445464782811,0.3777048885106987,-1.0002099857330198,1.0224013354292871,-0.10361856120508274,1.0,0.0,0.0,0.0,0.0,0.0,1.0,0.0,1.0,0.0,1.0,0.0,1.0
-0.6409589911377991,-0.44289826546125116,-0.6464950050834088,-1.2252866807654765,-0.5430364456179415,-1.726408801205711,-0.10361856120508274,1.0,0.0,0.0,0.0,0.0,1.0,0.0,1.0,0.0,0.0,1.0,1.0,0.0
-0.9751103491913449,-0.14331147877089756,-0.8424863318011345,-1.2252866807654765,-0.45160173759492583,1.0831985478630963,-0.10361856120508274,1.0,0.0,0.0,0.0,0.0,1.0,0.0,0.0,1.0,1.0,0.0,1.0,0.0
-0.4977512662577081,-0.9153235829345007,-0.611496553883815,-1.2252866807654765,1.3770924228653874,-1.0188327330930786,-1.1562515639233817,1.0,0.0,0.0,1.0,0.0,0.0,0.0,1.0,0.0,0.0,1.0,1.0,0.0
1.8890441484104759,0.5149778819500462,2.148352187216586,-0.42379089612738885,-1.0002099857330198,-0.1650846435970322,0.9490144415132162,0.0,1.0,0.0,0.0,0.0,1.0,0.0,0.0,1.0,1.0,0.0,1.0,0.0
-1.0228462574847086,-1.1247337448685604,-0.9834247549911107,0.3777048885106987,4.485872495647921,0.07422353300413234,-1.1562515639233817,0.0,0.0,1.0,0.0,0.0,1.0,0.0,0.0,1.0,0.0,1.0,0.0,1.0
-0.8796385326046176,1.4613314606424836,-0.6017717415213648,0.3777048885106987,-0.9087752777100041,2.0287892348655356,0.9490144415132162,0.0,1.0,0.0,0.0,1.0,0.0,0.0,1.0,0.0,1.0,0.0,1.0,0.0
0.8388541659564751,-0.9614138578099395,0.19048446058516982,2.7821922424249617,0.27987592658919946,1.367781244361779,-0.10361856120508274,0.0,0.0,1.0,0.0,1.0,0.0,0.0,1.0,0.0,0.0,1.0,0.0,1.0
-0.06812809161743492,-2.162265910814584,-0.7892682985304511,0.3777048885106987,-0.7259058616639729,-0.35265051174389095,-1.1562515639233817,1.0,0.0,0.0,0.0,0.0,1.0,0.0,1.0,0.0,1.0,0.0,1.0,0.0
-0.8319026243112538,-1.3306370380620975,-0.9212430407238711,-1.2252866807654765,-0.9087752777100041,-1.4664037012228244,-1.1562515639233817,1.0,0.0,0.0,0.0,1.0,0.0,0.0,0.0,1.0,0.0,1.0,0.0,1.0
0.12281554155601981,-0.35923439693735637,-0.03892868807422634,0.3777048885106987,-0.2687323215488945,-0.5234001296431001,-0.10361856120508274,1.0,0.0,0.0,0.0,1.0,0.0,0.0,0.0,1.0,0.0,1.0,1.0,0.0
1.2684773405967482,0.024016258276891623,1.1505361497925144,-1.2252866807654765,-0.45160173759492583,-0.4082734933322695,0.9490144415132162,0.0,0.0,1.0,0.0,0.0,1.0,0.0,0.0,1.0,1.0,0.0,1.0,0.0
0.9343259825432024,-1.3621988567268002,-0.018160675090544892,-0.42379089612738885,-0.9087752777100041,-0.286679068464651,-1.1562515639233817,0.0,1.0,0.0,0.0,0.0,0.0,1.0,1.0,0.0,1.0,0.0,1.0,0.0
-0.4022794496709807,-1.5175030438070838,-0.7296078319127357,-1.2252866807654765,-0.17729761352587883,-0.242698106278491,-1.1562515639233817,1.0,0.0,0.0,0.0,0.0,1.0,0.0,0.0,1.0,1.0,0.0,0.0,1.0
-0.7364308077245265,0.16579395164373137,-0.6260192121777047,1.1792006731487863,-0.7259058616639729,0.37303536432774853,-0.10361856120508274,0.0,1.0,0.0,0.0,1.0,0.0,0.0,0.0,1.0,0.0,1.0,1.0,0.0
-0.1635999082041623,-1.0560993138040478,-0.46029644888580257,0.3777048885106987,-0.7259058616639729,1.0495660473677977,-1.1562515639233817,1.0,0.0,0.0,0.0,1.0,0.0,0.0,0.0,1.0,0.0,1.0,1.0,0.0
-1.0228462574847086,1.17326724267099,-0.8563497959656339,1.1792006731487863,0.005571802520152484,-0.7834052296259871,0.9490144415132162,0.0,1.0,0.0,0.0,0.0,1.0,0.0,1.0,0.0,0.0,1.0,1.0,0.0
-0.9273744408979813,0.5620701193227773,-0.7959349937977912,1.1792006731487863,-1.0002099857330198,-0.04607733415212854,-0.10361856120508274,1.0,0.0,0.0,1.0,0.0,0.0,0.0,0.0,1.0,0.0,1.0,1.0,0.0
-1.0228462574847086,0.24394702643251934,-0.9223575545096445,-0.42379089612738885,-0.6344711536409572,0.8995133528503108,0.9490144415132162,1.0,0.0,0.0,0.0,0.0,1.0,0.0,1.0,0.0,1.0,0.0,1.0,0.0
-0.06812809161743492,-0.28358622839179903,-0.18094085015537437,-0.42379089612738885,-0.8173405696869884,-1.9256166887547888,-0.10361856120508274,1.0,0.0,0.0,0.0,0.0,0.0,1.0,1.0,0.0,1.0,0.0,1.0,0.0
0.6956464410763841,-0.839675414388943,0.15693351814392803,-0.42379089612738885,-0.9087752777100041,-0.1198101236995146,-1.1562515639233817,0.0,0.0,1.0,0.0,0.0,1.0,0.0,0.0,1.0,1.0,0.0,1.0,0.0
-1.0705821657780723,0.9939159556556949,-0.8834583050598435,0.3777048885106987,-0.36016702957191016,-0.761414748532907,0.9490144415132162,0.0,1.0,0.0,0.0,0.0,0.0,1.0,1.0,0.0,1.0,0.0,1.0,0.0
-0.8796385326046176,0.0505682644551337,-0.7580958916076285,-1.2252866807654765,-1.0002099857330198,0.11949805290164996,-0.10361856120508274,1.0,0.0,0.0,0.0,1.0,0.0,0.0,1.0,0.0,0.0,1.0,1.0,0.0
0.12281554155601981,1.081086692920112,0.5116003472032685,0.3777048885106987,0.9199188827503091,-0.5337485913339614,0.9490144415132162,1.0,0.0,0.0,0.0,0.0,1.0,0.0,0.0,1.0,0.0,1.0,0.0,1.0
0.31375917472947457,-0.24450969099740505,0.17210177893567444,0.3777048885106987,-0.2687323215488945,1.9628177915862963,-0.10361856120508274,1.0,0.0,0.0,0.0,1.0,0.0,0.0,0.0,1.0,1.0,0.0,0.0,1.0
-0.8796385326046176,-1.0480836138257108,-0.8480249216511674,0.3777048885106987,-0.08586290550286318,0.22298266981026166,-1.1562515639233817,1.0,0.0,0.0,0.0,0.0,1.0,0.0,1.0,0.0,0.0,1.0,0.0,1.0
0.027343724969292445,0.33712953868068946,0.1644225071190644,0.3777048885106987,-0.36016702957191016,0.8775228717572305,0.9490144415132162,0.0,1.0,0.0,0.0,0.0,1.0,0.0,1.0,0.0,1.0,0.0,1.0,0.0
0.3614950830228382,-0.02007009160396283,0.3252862621376249,-0.42379089612738885,-0.5430364456179415,1.4428075916205219,-0.10361856120508274,0.0,1.0,0.0,0.0,0.0,1.0,0.0,0.0,1.0,0.0,1.0,1.0,0.0
0.31375917472947457,0.407767894739786,0.46127053563352255,-0.42379089612738885,0.005571802520152484,0.006958532013534882,0.9490144415132162,0.0,1.0,0.0,0.0,1.0,0.0,0.0,0.0,1.0,1.0,0.0,0.0,1.0
1.0775337074232936,-1.3556861004944014,0.08012720834629504,0.3777048885106987,-0.36016702957191016,1.8153522124915242,-1.1562515639233817,0.0,0.0,1.0,1.0,0.0,0.0,0.0,0.0,1.0,0.0,1.0,0.0,1.0
1.745836423530385,-1.0009913764529796,0.6714243424094918,-1.2252866807654765,-1.0002099857330198,0.1673596882218831,-1.1562515639233817,0.0,0.0,1.0,0.0,0.0,1.0,0.0,0.0,1.0,1.0,0.0,1.0,0.0
-0.06812809161743492,0.04255256447679666,-0.050162171536930915,-0.42379089612738885,-0.9087752777100041,-0.575142438097406,-0.10361856120508274,1.0,0.0,0.0,0.0,0.0,1.0,0.0,0.0,1.0,0.0,1.0,1.0,0.0
-0.9751103491913449,0.4087698572370779,-0.860563201741119,-0.42379089612738885,-1.0002099857330198,0.7067732538580215,-0.10361856120508274,1.0,0.0,0.0,0.0,1.0,0.0,0.0,1.0,0.0,1.0,0.0,0.0,1.0
0.12281554155601981,1.4412922106966404,0.6669323081875632,3.5836880270630487,1.1027882987963404,-0.6165362848608507,2.0016474442315153,0.0,0.0,1.0,1.0,0.0,0.0,0.0,1.0,0.0,1.0,0.0,0.0,1.0
0.40923099131620194,-1.2499790570300795,-0.23938486575081266,0.3777048885106987,0.27987592658919946,0.6977183498785181,-1.1562515639233817,1.0,0.0,0.0,0.0,1.0,0.0,0.0,0.0,1.0,0.0,1.0,1.0,0.0
-1.0228462574847086,0.24845585767033349,-0.8771110131335482,0.3777048885106987,-0.17729761352587883,-0.3177244535372343,-0.10361856120508274,1.0,0.0,0.0,1.0,0.0,0.0,0.0,0.0,1.0,1.0,0.0,1.0,0.0
-0.8319026243112538,0.9843973119314195,-0.6434980503302009,-1.2252866807654765,1.194223006819356,0.4622908464114262,0.9490144415132162,1.0,0.0,0.0,0.0,0.0,1.0,0.0,0.0,1.0,1.0,0.0,0.0,1.0
-0.21133581649752597,1.27797232363802,0.1776607562330079,-0.42379089612738885,1.194223006819356,-0.8144506146985705,2.0016474442315153,0.0,0.0,1.0,0.0,0.0,1.0,0.0,0.0,1.0,1.0,0.0,1.0,0.0
-0.8319026243112538,1.0515287992499933,-0.6717686439205525,-1.2252866807654765,-0.6344711536409572,-0.5065838793954507,0.9490144415132162,1.0,0.0,0.0,0.0,0.0,1.0,0.0,1.0,0.0,0.0,1.0,1.0,0.0
0.027343724969292445,-1.1377592573333584,-0.36579383483113215,0.3777048885106987,3.114351875302685,0.031536128529330236,-1.1562515639233817,1.0,0.0,0.0,0.0,0.0,1.0,0.0,0.0,1.0,1.0,0.0,1.0,0.0
-1.2137898906581635,-0.284588190889091,-1.0723004335907784,0.3777048885106987,-0.8173405696869884,0.3432835369665229,-1.1562515639233817,1.0,0.0,0.0,0.0,1.0,0.0,0.0,0.0,1.0,1.0,0.0,0.0,1.0
1.55489279035693,-0.26555090344053994,1.1832104319998245,0.3777048885106987,-0.9087752777100041,0.06646218673598654,-0.10361856120508274,1.0,0.0,0.0,0.0,0.0,1.0,0.0,1.0,0.0,1.0,0.0,0.0,1.0
0.31375917472947457,-1.0405688950960197,-0.17708082679976878,1.1792006731487863,1.559961838911419,-1.137840042537982,-0.10361856120508274,1.0,0.0,0.0,0.0,0.0,1.0,0.0,1.0,0.0,0.0,1.0,1.0,0.0
1.745836423530385,-0.4018178030722729,1.2465474349474392,-0.42379089612738885,1.194223006819356,1.4027073025684353,-0.10361856120508274,0.0,0.0,1.0,1.0,0.0,0.0,0.0,0.0,1.0,1.0,0.0,1.0,0.0
-0.9273744408979813,0.5455377381174569,-0.7437431287079115,0.3777048885106987,0.6456147586812622,-0.5440970530248226,-0.10361856120508274,0.0,0.0,1.0,1.0,0.0,0.0,0.0,0.0,1.0,1.0,0.0,0.0,1.0
1.0297977991299299,-0.6658349211087548,0.4843151468991194,0.3777048885106987,-0.6344711536409572,1.622612113499235,-0.10361856120508274,0.0,0.0,1.0,1.0,0.0,0.0,0.0,1.0,0.0,1.0,0.0,1.0,0.0
-0.6409589911377991,-1.300077181894687,-0.7901313671328488,-0.42379089612738885,-0.36016702957191016,0.4648779618341417,-1.1562515639233817,0.0,0.0,1.0,0.0,1.0,0.0,0.0,0.0,1.0,1.0,0.0,0.0,1.0
-0.06812809161743492,0.16779787663831527,0.008349802216176592,0.3777048885106987,2.4743089191415755,-1.489687740027262,-0.10361856120508274,0.0,1.0,0.0,0.0,1.0,0.0,0.0,0.0,1.0,1.0,0.0,0.0,1.0
-1.0705821657780723,1.3235616172648128,-0.8895813350658308,-0.42379089612738885,-0.45160173759492583,-0.7290758057489659,0.9490144415132162,1.0,0.0,0.0,1.0,0.0,0.0,0.0,1.0,0.0,1.0,0.0,1.0,0.0
-0.6409589911377991,-2.211362073181899,-0.9366967257778277,0.3777048885106987,1.8342659629804658,-1.9256166887547888,-1.1562515639233817,0.0,1.0,0.0,0.0,0.0,0.0,1.0,1.0,0.0,0.0,1.0,1.0,0.0
-0.11586399991079861,1.9958784529478468,0.5518179849118506,-1.2252866807654765,-1.0002099857330198,0.1531305533969487,2.0016474442315153,0.0,1.0,0.0,0.0,0.0,1.0,0.0,1.0,0.0,0.0,1.0,1.0,0.0
-0.25907172479088963,0.8661657372509457,0.04308321660086084,-0.42379089612738885,1.559961838911419,0.7753318125599769,0.9490144415132162,0.0,1.0,0.0,0.0,1.0,0.0,0.0,0.0,1.0,1.0,0.0,1.0,0.0
0.1705514498493835,-1.0741346387553066,-0.292378637101188,0.3777048885106987,-0.7259058616639729,0.9008069105616684,-1.1562515639233817,0.0,0.0,1.0,0.0,1.0,0.0,0.0,0.0,1.0,0.0,1.0,0.0,1.0
-0.30680763308425335,-0.2815823033972144,-0.3630415294455331,-1.2252866807654765,2.931482459256654,0.2760185359759251,-0.10361856120508274,1.0,0.0,0.0,0.0,0.0,1.0,0.0,1.0,0.0,1.0,0.0,1.0,0.0
1.6981005152370212,-0.3206588407916084,1.2482735721522347,-1.2252866807654765,2.2914395030955443,1.732564518964635,-0.10361856120508274,0.0,1.0,0.0,0.0,1.0,0.0,0.0,1.0,0.0,1.0,0.0,0.0,1.0
-0.21133581649752597,0.3782100010696673,-0.04855835901593973,-0.42379089612738885,-0.17729761352587883,0.653737387692358,-0.10361856120508274,1.0,0.0,0.0,0.0,0.0,1.0,0.0,0.0,1.0,1.0,0.0,1.0,0.0
0.40923099131620194,-1.5400471999961574,-0.36486280807106536,-1.2252866807654765,1.1027882987963404,-0.1547361819061709,-1.1562515639233817,1.0,0.0,0.0,0.0,0.0,1.0,0.0,0.0,1.0,1.0,0.0,0.0,1.0
0.40923099131620194,-0.6087230587631021,0.0671743834945619,1.1792006731487863,-0.9087752777100041,0.9227973916547482,-0.10361856120508274,1.0,0.0,0.0,1.0,0.0,0.0,0.0,1.0,0.0,1.0,0.0,1.0,0.0
1.6503646069436575,0.19935969530301856,1.6602223323108716,-0.42379089612738885,-0.8173405696869884,-1.9256166887547888,-0.10361856120508274,0.0,1.0,0.0,0.0,0.0,1.0,0.0,0.0,1.0,1.0,0.0,1.0,0.0
-0.8796385326046176,0.5189857319392147,-0.6952345957636976,-0.42379089612738885,-0.8173405696869884,0.22815690065569233,2.0016474442315153,1.0,0.0,0.0,0.0,0.0,1.0,0.0,0.0,1.0,0.0,1.0,0.0,1.0
2.1277236898772944,1.6847690975386331,3.4752895822321785,0.3777048885106987,0.09700651054316815,0.6731407533627227,2.0016474442315153,0.0,1.0,0.0,0.0,0.0,0.0,1.0,0.0,1.0,0.0,1.0,1.0,0.0
-0.4500153579643444,-1.036060063858205,-0.6337936254150515,1.1792006731487863,0.4627453426352308,-0.1004067580291499,-1.1562515639233817,0.0,1.0,0.0,0.0,0.0,1.0,0.0,1.0,0.0,0.0,1.0,1.0,0.0
1.9367800567038396,0.8431205998132258,2.508129469732644,-1.2252866807654765,-0.5430364456179415,-1.145601388806128,0.9490144415132162,1.0,0.0,0.0,0.0,0.0,1.0,0.0,1.0,0.0,1.0,0.0,1.0,0.0
-0.7841667160178902,1.5860757915553563,-0.5228043623098539,-1.2252866807654765,-0.45160173759492583,-0.7407178251511848,0.9490144415132162,1.0,0.0,0.0,1.0,0.0,0.0,0.0,1.0,0.0,1.0,0.0,1.0,0.0
-0.9273744408979813,0.8170695748836301,-0.7606375267044532,-1.2252866807654765,-1.0002099857330198,1.4816143229612513,-0.10361856120508274,0.0,1.0,0.0,0.0,0.0,1.0,0.0,0.0,1.0,0.0,1.0,1.0,0.0
-0.5932230828444355,-0.22998123478666888,-0.5282953814495184,-1.2252866807654765,-0.45160173759492583,1.1116568175129649,-0.10361856120508274,1.0,0.0,0.0,0.0,1.0,0.0,0.0,0.0,1.0,1.0,0.0,1.0,0.0
0.26602326643611085,0.013495652055323987,0.2569339471540298,1.1792006731487863,-0.08586290550286318,-1.1261980231357633,-0.10361856120508274,1.0,0.0,0.0,1.0,0.0,0.0,0.0,0.0,1.0,0.0,1.0,1.0,0.0
0.2182873581427472,-0.7640272458433857,-0.1231696203208603,1.1792006731487863,0.7370494667042777,-1.7173538972262077,-1.1562515639233817,0.0,0.0,1.0,0.0,1.0,0.0,0.0,1.0,0.0,1.0,0.0,1.0,0.0
-0.6409589911377991,0.3797129448156056,-0.4928552022250753,0.3777048885106987,1.2856577148423718,-1.4638165858001089,-0.10361856120508274,0.0,1.0,0.0,0.0,1.0,0.0,0.0,0.0,1.0,0.0,1.0,0.0,1.0
2.032251873290567,1.583570885312126,3.258924399845252,-0.42379089612738885,1.194223006819356,-0.20001070180368852,2.0016474442315153,0.0,1.0,0.0,0.0,0.0,1.0,0.0,0.0,1.0,1.0,0.0,0.0,1.0
0.8388541659564751,-0.37877266563455336,0.544967802618804,-0.42379089612738885,-0.5430364456179415,-0.2051849326491192,-0.10361856120508274,0.0,1.0,0.0,0.0,0.0,1.0,0.0,0.0,1.0,0.0,1.0,1.0,0.0
-1.1660539823647997,-1.374222406694306,-1.0487121570638287,1.1792006731487863,-0.9087752777100041,-0.27891772219650485,-1.1562515639233817,0.0,1.0,0.0,0.0,1.0,0.0,0.0,0.0,1.0,1.0,0.0,1.0,0.0
-0.25907172479088963,-0.29961762834847344,-0.29559305795893714,-0.42379089612738885,-0.36016702957191016,1.0637951821927316,-0.10361856120508274,0.0,1.0,0.0,0.0,1.0,0.0,0.0,0.0,1.0,1.0,0.0,0.0,1.0
-1.0705821657780723,1.3025204048216774,-0.865931896196979,1.980696457786874,1.3770924228653874,-0.6010135923245589,-0.10361856120508274,1.0,0.0,0.0,0.0,0.0,1.0,0.0,1.0,0.0,0.0,1.0,1.0,0.0
-0.9751103491913449,-0.4864836340934596,-0.9237914716364629,-0.42379089612738885,0.9199188827503091,0.862000179220939,-1.1562515639233817,1.0,0.0,0.0,0.0,1.0,0.0,0.0,0.0,1.0,0.0,1.0,0.0,1.0
0.1705514498493835,-0.47696499036918427,-0.027960241426431224,0.3777048885106987,1.194223006819356,0.9189167185206755,-0.10361856120508274,0.0,1.0,0.0,0.0,1.0,0.0,0.0,0.0,1.0,0.0,1.0,1.0,0.0
-1.1660539823647997,-0.5005111090555499,-1.03449531047945,-1.2252866807654765,0.4627453426352308,-1.0641072529905964,-0.10361856120508274,1.0,0.0,0.0,0.0,0.0,1.0,0.0,0.0,1.0,1.0,0.0,0.0,1.0
-1.0705821657780723,-0.44740709669906564,-0.974807660598667,-0.42379089612738885,2.0171353790264974,-0.4755384943228673,-0.10361856120508274,1.0,0.0,0.0,0.0,1.0,0.0,0.0,0.0,1.0,1.0,0.0,1.0,0.0
-0.7841667160178902,-1.0841542637282282,-0.8379399310530707,0.3777048885106987,-0.45160173759492583,-1.109381772888114,-1.1562515639233817,1.0,0.0,0.0,0.0,0.0,0.0,1.0,0.0,1.0,1.0,0.0,1.0,0.0
-0.06812809161743492,-0.4323776592396835,-0.20972792574401128,-0.42379089612738885,-0.17729761352587883,1.059914509058659,-0.10361856120508274,0.0,1.0,0.0,0.0,0.0,1.0,0.0,0.0,1.0,0.0,1.0,1.0,0.0
-1.1660539823647997,1.2323830300112266,-0.9805841040005416,1.980696457786874,0.7370494667042777,-1.2167470629307986,0.9490144415132162,1.0,0.0,0.0,1.0,0.0,0.0,0.0,0.0,1.0,0.0,1.0,0.0,1.0
1.4116850654768394,-0.25753520346220293,1.0846778991953758,0.3777048885106987,-0.17729761352587883,-0.03831598788398274,-0.10361856120508274,0.0,1.0,0.0,0.0,0.0,1.0,0.0,0.0,1.0,1.0,0.0,1.0,0.0
-1.2137898906581635,1.096116130379494,-1.066354094794731,0.3777048885106987,1.3770924228653874,0.5230880588452358,0.9490144415132162,0.0,1.0,0.0,0.0,0.0,1.0,0.0,1.0,0.0,1.0,0.0,1.0,0.0
-0.9751103491913449,-0.9669246515450463,-0.9663060950742608,0.3777048885106987,4.211568371578873,-0.03960954559534031,-1.1562515639233817,1.0,0.0,0.0,0.0,0.0,1.0,0.0,1.0,0.0,0.0,1.0,1.0,0.0
-0.4500153579643444,-0.4574267216719873,-0.5214316075249378,1.1792006731487863,1.2856577148423718,-0.2840919530419355,-1.1562515639233817,0.0,0.0,1.0,0.0,0.0,1.0,0.0,0.0,1.0,0.0,1.0,1.0,0.0
0.07507963326265613,1.8140222596893207,0.7632290176046981,1.1792006731487863,1.4685271308884031,0.7533413314668966,2.0016474442315153,1.0,0.0,0.0,0.0,1.0,0.0,0.0,1.0,0.0,0.0,1.0,1.0,0.0
-0.4977512662577081,-0.8847637267670901,-0.6357304329086212,-0.42379089612738885,0.4627453426352308,0.07810420613820543,-0.10361856120508274,0.0,1.0,0.0,0.0,1.0,0.0,0.0,0.0,1.0,1.0,0.0,0.0,1.0
-0.8319026243112538,0.09665853933057242,-0.7069301946985523,-0.42379089612738885,-0.8173405696869884,-1.0201262908044364,-0.10361856120508274,0.0,1.0,0.0,0.0,0.0,0.0,1.0,1.0,0.0,1.0,0.0,1.0,0.0
-1.0228462574847086,0.7529439750569323,-0.8540596060521847,-0.42379089612738885,-0.8173405696869884,-0.5143452256635968,-0.10361856120508274,1.0,0.0,0.0,0.0,0.0,1.0,0.0,1.0,0.0,0.0,1.0,1.0,0.0
-1.2137898906581635,-1.0796454324904132,-1.0958683226704273,-0.42379089612738885,0.005571802520152484,0.818019217034779,-1.1562515639233817,1.0,0.0,0.0,0.0,0.0,1.0,0.0,1.0,0.0,0.0,1.0,0.0,1.0
0.5047028079029293,0.8801932122130351,0.8491960870561277,0.3777048885106987,0.18844121856618382,-1.9256166887547888,0.9490144415132162,0.0,0.0,1.0,0.0,1.0,0.0,0.0,0.0,1.0,1.0,0.0,1.0,0.0
-0.7841667160178902,-0.10273199763056529,-0.7431654843677239,-0.42379089612738885,0.7370494667042777,0.22298266981026166,-0.10361856120508274,0.0,0.0,1.0,0.0,0.0,1.0,0.0,0.0,1.0,0.0,1.0,0.0,1.0
-0.4977512662577081,-0.15583600998704944,-0.4312715197453239,-0.42379089612738885,-0.9087752777100041,1.2345448000919412,-0.10361856120508274,1.0,0.0,0.0,0.0,0.0,0.0,1.0,1.0,0.0,1.0,0.0,1.0,0.0
1.6503646069436575,-1.465400993947892,0.24852072723459334,-0.42379089612738885,-0.8173405696869884,0.9706590269749813,-1.1562515639233817,0.0,1.0,0.0,0.0,0.0,1.0,0.0,0.0,1.0,1.0,0.0,1.0,0.0
-0.6409589911377991,-0.20543315360301106,-0.58433367826347,1.980696457786874,-0.7259058616639729,1.4195235528160848,-0.10361856120508274,1.0,0.0,0.0,0.0,0.0,1.0,0.0,0.0,1.0,0.0,1.0,1.0,0.0
1.6026286986502938,1.0480219305094711,2.2890391652231865,-1.2252866807654765,0.09700651054316815,1.3289745130210495,-0.10361856120508274,0.0,0.0,1.0,0.0,1.0,0.0,0.0,1.0,0.0,0.0,1.0,1.0,0.0
-0.354543541377617,-1.253986907019248,-0.6034027373054235,1.1792006731487863,0.005571802520152484,-0.6036007077472741,-1.1562515639233817,1.0,0.0,0.0,0.0,0.0,1.0,0.0,1.0,0.0,1.0,0.0,1.0,0.0
-1.2137898906581635,-0.3877903281101827,-1.0864833010963224,0.3777048885106987,0.005571802520152484,-1.021419848515794,-0.10361856120508274,1.0,0.0,0.0,0.0,0.0,1.0,0.0,1.0,0.0,0.0,1.0,0.0,1.0
1.2684773405967482,-0.6503045024007266,0.6566978096425946,-0.42379089612738885,-0.8173405696869884,0.38726449915268296,-0.10361856120508274,0.0,0.0,1.0,1.0,0.0,0.0,0.0,0.0,1.0,1.0,0.0,1.0,0.0
0.027343724969292445,-0.1969164723760277,-0.04478668126530392,1.1792006731487863,-0.7259058616639729,0.6809020996308685,-0.10361856120508274,1.0,0.0,0.0,0.0,1.0,0.0,0.0,0.0,1.0,0.0,1.0,1.0,0.0
-0.7841667160178902,-0.9403726453668045,-0.8645999163066642,0.3777048885106987,-0.5430364456179415,-0.4988225331273049,-1.1562515639233817,1.0,0.0,0.0,0.0,0.0,1.0,0.0,0.0,1.0,0.0,1.0,0.0,1.0
0.7433823493697477,2.059002090277252,1.8234102563217158,-1.2252866807654765,0.18844121856618382,0.0522330519110525,2.0016474442315153,0.0,1.0,0.0,0.0,1.0,0.0,0.0,1.0,0.0,0.0,1.0,1.0,0.0
1.6981005152370212,-1.14777888230628,0.5423718009958437,-1.2252866807654765,3.0229171672796693,-0.1353328162358062,-1.1562515639233817,0.0,0.0,1.0,1.0,0.0,0.0,0.0,0.0,1.0,1.0,0.0,1.0,0.0
1.6981005152370212,-0.7795576645514141,0.8688835653328703,-0.42379089612738885,-0.6344711536409572,1.1129503752243224,-0.10361856120508274,0.0,0.0,1.0,0.0,0.0,1.0,0.0,1.0,0.0,0.0,1.0,1.0,0.0
-0.5454871745510718,-0.9128186766912701,-0.6691046841399232,-0.42379089612738885,-0.17729761352587883,0.8516517175300776,-1.1562515639233817,0.0,1.0,0.0,0.0,0.0,0.0,1.0,1.0,0.0,1.0,0.0,1.0,0.0
-0.9273744408979813,-0.22547240354885403,-0.8464075174986424,-1.2252866807654765,-0.45160173759492583,1.644602594592315,-1.1562515639233817,1.0,0.0,0.0,1.0,0.0,0.0,0.0,0.0,1.0,1.0,0.0,0.0,1.0
-1.1660539823647997,-0.5906877338118434,-1.0590214095822335,1.1792006731487863,0.9199188827503091,0.8995133528503108,-1.1562515639233817,1.0,0.0,0.0,0.0,0.0,1.0,0.0,0.0,1.0,0.0,1.0,0.0,1.0
-0.4977512662577081,0.013495652055323987,-0.4579111175516167,1.1792006731487863,0.4627453426352308,-0.5829037843655519,-0.10361856120508274,1.0,0.0,0.0,0.0,0.0,1.0,0.0,0.0,1.0,1.0,0.0,1.0,0.0
-1.118318074071436,0.8315980310943659,-0.9889837322884443,-0.42379089612738885,0.005571802520152484,0.9176231608093179,0.9490144415132162,1.0,0.0,0.0,0.0,1.0,0.0,0.0,1.0,0.0,1.0,0.0,0.0,1.0
2.1277236898772944,-0.07918587894419978,1.7980346802480685,0.3777048885106987,-1.0002099857330198,-1.2464988902920244,-0.10361856120508274,0.0,0.0,1.0,0.0,0.0,0.0,1.0,0.0,1.0,1.0,0.0,1.0,0.0
-0.9273744408979813,1.2263712550274741,-0.6820711006231902,1.980696457786874,-0.8173405696869884,0.07292997529277477,0.9490144415132162,0.0,1.0,0.0,1.0,0.0,0.0,0.0,1.0,0.0,0.0,1.0,1.0,0.0
-0.4500153579643444,0.33913346367527336,-0.33938529476091445,-1.2252866807654765,-1.0002099857330198,0.7391121966419626,-0.10361856120508274,1.0,0.0,0.0,0.0,0.0,1.0,0.0,0.0,1.0,1.0,0.0,1.0,0.0
0.8865900742498387,0.12471348925475279,0.8762162505453677,1.1792006731487863,3.0229171672796693,-0.242698106278491,0.9490144415132162,0.0,1.0,0.0,0.0,0.0,1.0,0.0,0.0,1.0,0.0,1.0,1.0,0.0
0.12281554155601981,-0.4814738216069988,-0.10965953857624046,-0.42379089612738885,-0.08586290550286318,-0.4768320520342249,-1.1562515639233817,1.0,0.0,0.0,0.0,0.0,0.0,1.0,0.0,1.0,0.0,1.0,0.0,1.0
0.9343259825432024,1.5354766854421031,1.7873108829678825,0.3777048885106987,-1.0002099857330198,-1.2141599475080833,0.9490144415132162,0.0,0.0,1.0,0.0,1.0,0.0,0.0,0.0,1.0,0.0,1.0,1.0,0.0
2.032251873290567,-1.140765144825235,0.754809001869495,-1.2252866807654765,-0.36016702957191016,0.04964593648833699,-1.1562515639233817,0.0,0.0,1.0,1.0,0.0,0.0,0.0,0.0,1.0,1.0,0.0,0.0,1.0
-0.354543541377617,0.2704990326107614,-0.2469961794097535,0.3777048885106987,1.194223006819356,0.08457199469499366,-1.1562515639233817,0.0,0.0,1.0,0.0,0.0,1.0,0.0,1.0,0.0,0.0,1.0,0.0,1.0
-1.118318074071436,-1.4112950190941158,-1.0090585720639007,0.3777048885106987,-1.0002099857330198,0.4325390190502006,-1.1562515639233817,1.0,0.0,0.0,0.0,0.0,1.0,0.0,0.0,1.0,1.0,0.0,1.0,0.0
-1.2137898906581635,-0.0401093415498058,-1.081767004954086,0.3777048885106987,-0.8173405696869884,-0.08617762320421588,0.9490144415132162,0.0,1.0,0.0,1.0,0.0,0.0,0.0,0.0,1.0,1.0,0.0,1.0,0.0
-1.118318074071436,0.7439263125813026,-0.9575734718137796,1.1792006731487863,0.8284841747272934,0.5062718085975862,-0.10361856120508274,1.0,0.0,0.0,0.0,0.0,1.0,0.0,1.0,0.0,0.0,1.0,1.0,0.0
-1.118318074071436,0.4087698572370779,-0.9754668547280574,-0.42379089612738885,0.27987592658919946,0.11044314892214659,0.9490144415132162,0.0,1.0,0.0,0.0,0.0,0.0,1.0,0.0,1.0,0.0,1.0,1.0,0.0
-1.0228462574847086,-1.6106855560552538,-1.0138292347322724,-0.42379089612738885,-0.8173405696869884,1.396239514011647,-1.1562515639233817,0.0,1.0,0.0,0.0,1.0,0.0,0.0,0.0,1.0,1.0,0.0,1.0,0.0
-0.9751103491913449,0.9102520871318002,-0.7763086778629511,-1.2252866807654765,-0.8173405696869884,0.9913559503567037,0.9490144415132162,1.0,0.0,0.0,0.0,0.0,1.0,0.0,0.0,1.0,1.0,0.0,1.0,0.0
1.6503646069436575,0.6532487065763635,2.0212636365595755,-0.42379089612738885,-0.8173405696869884,-0.16767175901974737,-0.10361856120508274,0.0,0.0,1.0,0.0,0.0,0.0,1.0,0.0,1.0,0.0,1.0,0.0,1.0
-1.0705821657780723,1.9783441092452336,-0.8444163434789375,1.1792006731487863,-0.8173405696869884,-0.008564160522757094,2.0016474442315153,1.0,0.0,0.0,0.0,0.0,1.0,0.0,0.0,1.0,0.0,1.0,1.0,0.0
-1.2137898906581635,-2.211362073181899,-1.11122007048788,-1.2252866807654765,-0.9087752777100041,0.2592022857282759,-1.1562515639233817,1.0,0.0,0.0,0.0,0.0,1.0,0.0,0.0,1.0,0.0,1.0,1.0,0.0
-1.0228462574847086,-0.16284974746809452,-0.9170636140272205,0.3777048885106987,-1.0002099857330198,-1.6850149544422666,-1.1562515639233817,1.0,0.0,0.0,1.0,0.0,0.0,0.0,1.0,0.0,1.0,0.0,0.0,1.0
1.745836423530385,-0.9814531077557828,0.6757600728687814,1.1792006731487863,-0.2687323215488945,0.08069132156092057,-1.1562515639233817,0.0,0.0,1.0,0.0,0.0,1.0,0.0,0.0,1.0,0.0,1.0,0.0,1.0
1.316213248890112,1.05453468674187,1.9230776903592388,1.1792006731487863,-1.0002099857330198,-1.9256166887547888,0.9490144415132162,1.0,0.0,0.0,0.0,1.0,0.0,0.0,0.0,1.0,1.0,0.0,0.0,1.0
0.2182873581427472,-0.9323569453884671,-0.19402279550667886,0.3777048885106987,-0.8173405696869884,-0.14568127792666752,-1.1562515639233817,1.0,0.0,0.0,1.0,0.0,0.0,0.0,0.0,1.0,1.0,0.0,1.0,0.0
1.0775337074232936,-0.647799596157496,0.5341216806548132,-0.42379089612738885,-0.7259058616639729,-0.981319559463707,-1.1562515639233817,0.0,0.0,1.0,0.0,0.0,0.0,1.0,1.0,0.0,1.0,0.0,1.0,0.0
-1.0228462574847086,-0.3632422469265249,-0.9651236231308182,1.1792006731487863,-0.9087752777100041,-1.6759600504627628,-1.1562515639233817,1.0,0.0,0.0,0.0,0.0,1.0,0.0,0.0,1.0,1.0,0.0,1.0,0.0
1.2684773405967482,-0.26404795969460204,0.9275518428486166,0.3777048885106987,-0.45160173759492583,1.5424115353950612,-0.10361856120508274,0.0,0.0,1.0,1.0,0.0,0.0,0.0,1.0,0.0,0.0,1.0,1.0,0.0
0.8865900742498387,0.6978360377058636,1.2505977411445184,-1.2252866807654765,-0.2687323215488945,0.6744343110740803,0.9490144415132162,1.0,0.0,0.0,1.0,0.0,0.0,0.0,0.0,1.0,0.0,1.0,0.0,1.0
-0.30680763308425335,0.38071490731289753,-0.15950684722653574,1.980696457786874,-0.5430364456179415,0.5373171936701698,0.9490144415132162,1.0,0.0,0.0,0.0,1.0,0.0,0.0,1.0,0.0,0.0,1.0,1.0,0.0
-0.7841667160178902,-0.02608186658771597,-0.7133114657036821,0.3777048885106987,1.4685271308884031,0.583885271279045,-1.1562515639233817,1.0,0.0,0.0,0.0,0.0,1.0,0.0,1.0,0.0,1.0,0.0,0.0,1.0
0.1705514498493835,0.17781750161123694,0.24722952223888028,0.3777048885106987,0.37131063461221514,1.8244071164710276,-0.10361856120508274,0.0,1.0,0.0,1.0,0.0,0.0,0.0,0.0,1.0,1.0,0.0,1.0,0.0
0.7911182576631114,-0.17938212867341496,0.5983761187309606,1.1792006731487863,-0.6344711536409572,-1.1417207156720552,-0.10361856120508274,0.0,1.0,0.0,1.0,0.0,0.0,0.0,1.0,0.0,1.0,0.0,1.0,0.0
0.6479105327830204,-1.0160208139123619,0.04290652539092115,-0.42379089612738885,-0.08586290550286318,0.9008069105616684,-1.1562515639233817,0.0,0.0,1.0,1.0,0.0,0.0,0.0,1.0,0.0,0.0,1.0,1.0,0.0
-1.0228462574847086,-0.6317681962008216,-0.9408285817641098,1.1792006731487863,1.1027882987963404,1.0120528737384258,-0.10361856120508274,1.0,0.0,0.0,0.0,0.0,1.0,0.0,1.0,0.0,0.0,1.0,0.0,1.0
1.316213248890112,0.009487802066155465,1.1730302999809914,-1.2252866807654765,0.9199188827503091,-0.4845933983023707,-0.10361856120508274,1.0,0.0,0.0,0.0,0.0,1.0,0.0,1.0,0.0,0.0,1.0,0.0,1.0
-0.8796385326046176,1.192805511368187,-0.6654417394415579,1.1792006731487863,0.37131063461221514,-1.9256166887547888,0.9490144415132162,1.0,0.0,0.0,1.0,0.0,0.0,0.0,0.0,1.0,1.0,0.0,0.0,1.0
-1.0705821657780723,0.7940244374459102,-0.8625815590238917,0.3777048885106987,-0.17729761352587883,-0.6165362848608507,0.9490144415132162,1.0,0.0,0.0,1.0,0.0,0.0,0.0,0.0,1.0,0.0,1.0,1.0,0.0
0.9343259825432024,-0.27957837840263017,0.6641392279073626,-0.42379089612738885,-0.17729761352587883,-0.42120907044584593,-0.10361856120508274,1.0,0.0,0.0,1.0,0.0,0.0,0.0,1.0,0.0,1.0,0.0,1.0,0.0
1.6503646069436575,-0.4008158405749806,1.1494080443752073,0.3777048885106987,3.6629601234407794,-1.035648983340728,-1.1562515639233817,1.0,0.0,0.0,0.0,1.0,0.0,0.0,0.0,1.0,0.0,1.0,0.0,1.0
-0.9751103491913449,-0.3006195908457654,-0.9429420804676194,1.1792006731487863,-0.8173405696869884,0.4441810384524191,-0.10361856120508274,1.0,0.0,0.0,0.0,1.0,0.0,0.0,1.0,0.0,1.0,0.0,1.0,0.0
1.9845159649972033,-1.143270051068465,0.6850771362852166,1.1792006731487863,1.2856577148423718,-1.5685947604200785,-1.1562515639233817,0.0,0.0,1.0,0.0,0.0,1.0,0.0,0.0,1.0,1.0,0.0,1.0,0.0
-0.9273744408979813,-0.6412868399250969,-0.8564449373863705,0.3777048885106987,-0.36016702957191016,-0.8623122500188034,-0.10361856120508274,1.0,0.0,0.0,0.0,0.0,1.0,0.0,1.0,0.0,1.0,0.0,1.0,0.0
1.0297977991299299,1.420250998253505,1.8602367819626087,-0.42379089612738885,-0.8173405696869884,1.248773934916875,0.9490144415132162,0.0,0.0,1.0,1.0,0.0,0.0,0.0,1.0,0.0,1.0,0.0,0.0,1.0
-1.0228462574847086,-0.6447937086656195,-0.9402645290554562,-0.42379089612738885,-0.36016702957191016,-1.1520691773629164,-1.1562515639233817,1.0,0.0,0.0,0.0,0.0,1.0,0.0,0.0,1.0,0.0,1.0,0.0,1.0
1.0775337074232936,-1.1202249136307456,0.22719545735802538,0.3777048885106987,-0.17729761352587883,0.12337872603572304,-1.1562515639233817,0.0,0.0,1.0,1.0,0.0,0.0,0.0,0.0,1.0,0.0,1.0,0.0,1.0
1.2207414323033845,-1.090166038711981,0.306169632385303,0.3777048885106987,0.18844121856618382,-0.13274570081309106,-1.1562515639233817,0.0,1.0,0.0,1.0,0.0,0.0,0.0,0.0,1.0,1.0,0.0,1.0,0.0
0.07507963326265613,-0.6833692648113674,-0.19746827410050308,-0.42379089612738885,-1.0002099857330198,-1.9256166887547888,-1.1562515639233817,1.0,0.0,0.0,1.0,0.0,0.0,0.0,0.0,1.0,1.0,0.0,1.0,0.0
0.40923099131620194,1.6356729351713184,1.1563601639047576,0.3777048885106987,1.1027882987963404,-0.2038913749377616,2.0016474442315153,0.0,0.0,1.0,1.0,0.0,0.0,0.0,0.0,1.0,1.0,0.0,1.0,0.0
-0.11586399991079861,1.4212529607507978,0.3601555928376474,1.1792006731487863,-0.5430364456179415,1.6523639408604611,0.9490144415132162,0.0,1.0,0.0,0.0,1.0,0.0,0.0,1.0,0.0,0.0,1.0,0.0,1.0
-0.9751103491913449,-0.006042616641872646,-0.8628873707334026,-1.2252866807654765,-1.0002099857330198,-0.3073759918463733,-0.10361856120508274,0.0,1.0,0.0,0.0,0.0,0.0,1.0,1.0,0.0,1.0,0.0,0.0,1.0
-0.7841667160178902,0.31107851375109297,-0.6493900226001131,-1.2252866807654765,-0.2687323215488945,-0.4406124361162108,0.9490144415132162,1.0,0.0,0.0,1.0,0.0,0.0,0.0,1.0,0.0,0.0,1.0,0.0,1.0
-0.06812809161743492,-1.229939807084236,-0.46658937428596253,-0.42379089612738885,-0.08586290550286318,-1.3926709116754383,-1.1562515639233817,0.0,1.0,0.0,1.0,0.0,0.0,0.0,1.0,0.0,1.0,0.0,0.0,1.0
-0.9751103491913449,-1.4829353376505046,-1.0086848021967203,-1.2252866807654765,-0.7259058616639729,-0.6605172470470106,-1.1562515639233817,1.0,0.0,0.0,0.0,1.0,0.0,0.0,1.0,0.0,1.0,0.0,1.0,0.0
-1.1660539823647997,-0.24751557848928124,-1.0489703980629714,-0.42379089612738885,-0.6344711536409572,2.227997122414614,-0.10361856120508274,0.0,1.0,0.0,0.0,0.0,1.0,0.0,1.0,0.0,0.0,1.0,1.0,0.0
2.175459598170658,0.9022363871534631,2.8262755848606025,-0.42379089612738885,1.559961838911419,-1.522026682811203,0.9490144415132162,0.0,1.0,0.0,0.0,0.0,0.0,1.0,1.0,0.0,0.0,1.0,0.0,1.0
-0.9751103491913449,2.0680197527528814,-0.7024721395554583,1.980696457786874,0.09700651054316815,0.5683625787427534,2.0016474442315153,1.0,0.0,0.0,0.0,1.0,0.0,0.0,0.0,1.0,1.0,0.0,0.0,1.0
0.31375917472947457,-0.5360807777094212,0.01081668333956536,1.1792006731487863,4.028698955532842,0.5360236359588123,-0.10361856120508274,1.0,0.0,0.0,0.0,0.0,1.0,0.0,1.0,0.0,0.0,1.0,1.0,0.0
0.31375917472947457,-0.5050199402933643,0.014540790379832837,1.980696457786874,0.37131063461221514,-0.9761453286182763,-0.10361856120508274,0.0,1.0,0.0,1.0,0.0,0.0,0.0,1.0,0.0,0.0,1.0,1.0,0.0
-0.4022794496709807,-0.6067191337685178,-0.49237949512139145,-0.42379089612738885,0.09700651054316815,-0.7846987873373447,-0.10361856120508274,1.0,0.0,0.0,0.0,0.0,0.0,1.0,0.0,1.0,1.0,0.0,0.0,1.0
2.1277236898772944,-0.8692333080590616,1.064487530551882,-1.2252866807654765,-0.08586290550286318,1.5178339388792654,-1.1562515639233817,0.0,1.0,0.0,0.0,0.0,0.0,1.0,0.0,1.0,1.0,0.0,0.0,1.0
1.745836423530385,0.21889796400021555,1.760990688502634,0.3777048885106987,-0.5430364456179415,0.22686334294433474,-0.10361856120508274,1.0,0.0,0.0,0.0,0.0,0.0,1.0,0.0,1.0,0.0,1.0,1.0,0.0
-0.7841667160178902,-1.076639544998537,-0.8318101052313166,-0.42379089612738885,1.6513965469344345,-0.9192287893185399,-1.1562515639233817,0.0,1.0,0.0,0.0,0.0,1.0,0.0,1.0,0.0,1.0,0.0,1.0,0.0
0.07507963326265613,0.674289919019498,0.33168792059005553,0.3777048885106987,-0.7259058616639729,-0.9024125390708906,0.9490144415132162,1.0,0.0,0.0,0.0,0.0,1.0,0.0,0.0,1.0,1.0,0.0,1.0,0.0
0.40923099131620194,-0.8862666705130281,-0.052520319608049204,-0.42379089612738885,0.8284841747272934,-0.3448891654757451,-1.1562515639233817,0.0,1.0,0.0,1.0,0.0,0.0,0.0,0.0,1.0,0.0,1.0,1.0,0.0
0.4569668996095656,-0.11225064135484097,0.32996178338526005,1.980696457786874,-0.17729761352587883,1.0508596050791552,-0.10361856120508274,0.0,0.0,1.0,0.0,0.0,1.0,0.0,0.0,1.0,1.0,0.0,1.0,0.0
1.6981005152370212,1.6592190538576839,2.86071677916731,1.980696457786874,-0.08586290550286318,2.1102833706810675,2.0016474442315153,0.0,1.0,0.0,0.0,0.0,1.0,0.0,1.0,0.0,0.0,1.0,1.0,0.0
0.12281554155601981,-0.11325260385213293,0.07020531732660441,0.3777048885106987,0.27987592658919946,-0.7704696525124106,-0.10361856120508274,1.0,0.0,0.0,0.0,0.0,1.0,0.0,1.0,0.0,1.0,0.0,1.0,0.0
1.55489279035693,0.17380965162206843,1.5388558585296006,-1.2252866807654765,0.09700651054316815,0.6550309454037155,-0.10361856120508274,0.0,0.0,1.0,0.0,1.0,0.0,0.0,1.0,0.0,1.0,0.0,0.0,1.0
0.8865900742498387,-0.8056086894810098,0.2688402163776586,1.1792006731487863,-0.45160173759492583,-0.013738391368187384,-1.1562515639233817,0.0,1.0,0.0,0.0,0.0,1.0,0.0,1.0,0.0,1.0,0.0,1.0,0.0
-0.25907172479088963,-0.8281528456700834,-0.46643307052332367,-0.42379089612738885,0.4627453426352308,-1.6242177420084571,-1.1562515639233817,0.0,1.0,0.0,0.0,0.0,1.0,0.0,1.0,0.0,1.0,0.0,1.0,0.0
-1.0705821657780723,-0.5295680214770221,-0.9949300710844918,-1.2252866807654765,-0.2687323215488945,-1.9256166887547888,-0.10361856120508274,1.0,0.0,0.0,0.0,0.0,0.0,1.0,0.0,1.0,0.0,1.0,1.0,0.0
-0.4022794496709807,-0.009549485382395192,-0.3502993748825741,1.980696457786874,-0.8173405696869884,-0.9011189813595328,-0.10361856120508274,0.0,1.0,0.0,1.0,0.0,0.0,0.0,0.0,1.0,0.0,1.0,1.0,0.0
1.5071568820635666,0.6021486192144632,1.8185444522326075,0.3777048885106987,-0.6344711536409572,2.4013338557365382,0.9490144415132162,0.0,1.0,0.0,0.0,1.0,0.0,0.0,0.0,1.0,1.0,0.0,0.0,1.0
-1.2137898906581635,-0.5125346590230557,-1.0774516619420973,0.3777048885106987,-0.7259058616639729,1.3742490329185673,-0.10361856120508274,1.0,0.0,0.0,0.0,0.0,0.0,1.0,0.0,1.0,1.0,0.0,0.0,1.0
0.07507963326265613,-0.8336636394051902,-0.2531939633891768,1.980696457786874,-0.45160173759492583,0.6007015215266945,-1.1562515639233817,0.0,1.0,0.0,0.0,0.0,1.0,0.0,0.0,1.0,1.0,0.0,0.0,1.0
-0.06812809161743492,2.0815462464663255,0.6527290532347183,-0.42379089612738885,-0.36016702957191016,-0.05254512270891677,0.9490144415132162,0.0,1.0,0.0,0.0,0.0,1.0,0.0,0.0,1.0,1.0,0.0,0.0,1.0
-0.5454871745510718,2.3736183144269876,-0.0037603414804596885,0.3777048885106987,-0.9087752777100041,-0.46001580178657553,2.0016474442315153,0.0,1.0,0.0,1.0,0.0,0.0,0.0,1.0,0.0,1.0,0.0,0.0,1.0
-1.0228462574847086,-1.069625807517492,-0.9855110704315525,-1.2252866807654765,0.18844121856618382,-0.4018057047754813,-1.1562515639233817,1.0,0.0,0.0,0.0,0.0,1.0,0.0,1.0,0.0,0.0,1.0,1.0,0.0
-0.4022794496709807,1.1682574301845288,-0.03683557681801752,-0.42379089612738885,-0.45160173759492583,-0.6023071500359166,0.9490144415132162,0.0,0.0,1.0,0.0,0.0,1.0,0.0,0.0,1.0,1.0,0.0,1.0,0.0
2.032251873290567,-0.4383894342234363,1.4270918724269752,-0.42379089612738885,0.27987592658919946,-0.1922493555355427,-0.10361856120508274,0.0,0.0,1.0,1.0,0.0,0.0,0.0,0.0,1.0,1.0,0.0,1.0,0.0
1.459420973770203,-0.8366695268970668,0.6274690060291085,0.3777048885106987,2.4743089191415755,0.5774174827222568,-1.1562515639233817,1.0,0.0,0.0,1.0,0.0,0.0,0.0,0.0,1.0,0.0,1.0,1.0,0.0
-0.30680763308425335,-0.3396961282401594,-0.35896403998538623,-0.42379089612738885,2.4743089191415755,0.595527290681264,-1.1562515639233817,1.0,0.0,0.0,0.0,0.0,1.0,0.0,1.0,0.0,1.0,0.0,0.0,1.0
-1.0228462574847086,0.31358341999432393,-0.847739497388957,-0.42379089612738885,-0.36016702957191016,-0.16379108588567465,-0.10361856120508274,0.0,1.0,0.0,1.0,0.0,0.0,0.0,1.0,0.0,0.0,1.0,1.0,0.0
-1.1660539823647997,-1.2234270508518374,-1.0750595347921443,-1.2252866807654765,-0.17729761352587883,-0.9269901355866857,-1.1562515639233817,1.0,0.0,0.0,0.0,0.0,1.0,0.0,0.0,1.0,1.0,0.0,1.0,0.0
-1.0228462574847086,-0.0671623289766942,-0.9350045676518668,0.3777048885106987,0.7370494667042777,0.385970941441325,-0.10361856120508274,1.0,0.0,0.0,0.0,0.0,1.0,0.0,1.0,0.0,1.0,0.0,0.0,1.0
-1.0228462574847086,-1.3246252630783444,-1.0166562940913075,1.1792006731487863,0.18844121856618382,-1.2503795634260972,-1.1562515639233817,1.0,0.0,0.0,0.0,1.0,0.0,0.0,0.0,1.0,0.0,1.0,1.0,0.0
-0.25907172479088963,-1.273024194467799,-0.6080035045796225,1.1792006731487863,-1.0002099857330198,-0.7355435943057541,-1.1562515639233817,0.0,1.0,0.0,0.0,0.0,1.0,0.0,1.0,0.0,1.0,0.0,0.0,1.0
-1.118318074071436,1.0625503867202069,-0.943261483808664,-0.42379089612738885,-0.9087752777100041,-1.3913773539640808,2.0016474442315153,1.0,0.0,0.0,1.0,0.0,0.0,0.0,1.0,0.0,1.0,0.0,0.0,1.0
-1.2137898906581635,-1.2670124194840457,-1.0910297018443862,-0.42379089612738885,-0.8173405696869884,1.476440092115821,-1.1562515639233817,1.0,0.0,0.0,1.0,0.0,0.0,0.0,0.0,1.0,0.0,1.0,1.0,0.0
-0.7841667160178902,1.0104483368610153,-0.5555330110432993,1.1792006731487863,-0.9087752777100041,0.01601343599303826,0.9490144415132162,1.0,0.0,0.0,0.0,0.0,1.0,0.0,0.0,1.0,1.0,0.0,1.0,0.0
-0.6886948994311628,-1.0014923577016257,-0.7514088088929876,0.3777048885106987,0.09700651054316815,-0.8390282112143659,-0.10361856120508274,0.0,1.0,0.0,1.0,0.0,0.0,0.0,0.0,1.0,0.0,1.0,1.0,0.0
1.0775337074232936,-0.6688408086006313,0.5210465311192756,0.3777048885106987,1.194223006819356,-1.5750625489768666,-0.10361856120508274,0.0,1.0,0.0,0.0,1.0,0.0,0.0,1.0,0.0,1.0,0.0,0.0,1.0
0.07507963326265613,0.3777090198210217,0.23049822382074425,1.980696457786874,-0.36016702957191016,1.0547402782132282,0.9490144415132162,0.0,1.0,0.0,0.0,1.0,0.0,0.0,1.0,0.0,0.0,1.0,0.0,1.0
-0.8796385326046176,-0.05113092902001976,-0.7917895461799753,-0.42379089612738885,-1.0002099857330198,-1.2943605256122575,-0.10361856120508274,0.0,1.0,0.0,0.0,0.0,1.0,0.0,0.0,1.0,0.0,1.0,0.0,1.0
-0.6409589911377991,-1.088663094966043,-0.7576269803197115,-1.2252866807654765,2.931482459256654,1.7920681736870863,-1.1562515639233817,0.0,1.0,0.0,0.0,0.0,1.0,0.0,0.0,1.0,0.0,1.0,1.0,0.0
-1.118318074071436,0.7078556626787852,-0.9537338359054747,-0.42379089612738885,-0.8173405696869884,-1.9256166887547888,-0.10361856120508274,1.0,0.0,0.0,0.0,1.0,0.0,0.0,0.0,1.0,0.0,1.0,1.0,0.0
0.027343724969292445,-0.35121869695901897,-0.12605784202179765,-1.2252866807654765,0.4627453426352308,-0.32548579980538045,-1.1562515639233817,0.0,1.0,0.0,0.0,0.0,1.0,0.0,0.0,1.0,0.0,1.0,1.0,0.0
-1.2137898906581635,1.7173328787006283,-1.0579272832437607,-0.42379089612738885,0.18844121856618382,-0.8778349425550952,2.0016474442315153,1.0,0.0,0.0,0.0,0.0,1.0,0.0,0.0,1.0,1.0,0.0,1.0,0.0
2.175459598170658,-0.3662481344184015,1.5790395171593476,-0.42379089612738885,-0.9087752777100041,-0.83126686494622,-0.10361856120508274,0.0,1.0,0.0,0.0,0.0,1.0,0.0,0.0,1.0,1.0,0.0,0.0,1.0
-1.118318074071436,-1.0155198326637158,-1.0805233706687412,0.3777048885106987,0.7370494667042777,-1.1080882151767562,-1.1562515639233817,1.0,0.0,0.0,0.0,1.0,0.0,0.0,0.0,1.0,0.0,1.0,1.0,0.0
-0.06812809161743492,1.3906931045833872,0.3918105026799208,-0.42379089612738885,-0.08586290550286318,-0.8041021530077094,0.9490144415132162,1.0,0.0,0.0,0.0,0.0,0.0,1.0,1.0,0.0,0.0,1.0,0.0,1.0
2.032251873290567,-0.22196553480833148,1.6163553415354586,-1.2252866807654765,-0.36016702957191016,-0.5725553226746908,-0.10361856120508274,0.0,0.0,1.0,0.0,0.0,1.0,0.0,0.0,1.0,1.0,0.0,0.0,1.0
0.3614950830228382,1.108640661595646,0.8556453162189268,-1.2252866807654765,0.9199188827503091,0.9085682568298141,2.0016474442315153,0.0,1.0,0.0,0.0,0.0,0.0,1.0,1.0,0.0,0.0,1.0,1.0,0.0
-0.06812809161743492,0.6031505817117558,0.12306996817740841,-1.2252866807654765,1.194223006819356,-0.2996146455782275,-0.10361856120508274,0.0,0.0,1.0,0.0,1.0,0.0,0.0,0.0,1.0,0.0,1.0,1.0,0.0
0.9343259825432024,0.7379145375975502,1.2742403841976033,0.3777048885106987,1.0113535907733249,-0.2840919530419355,-0.10361856120508274,0.0,1.0,0.0,1.0,0.0,0.0,0.0,0.0,1.0,0.0,1.0,1.0,0.0
1.55489279035693,0.024517239525537957,1.400153258726938,-1.2252866807654765,-0.5430364456179415,-0.022793295347691128,-0.10361856120508274,0.0,1.0,0.0,0.0,0.0,1.0,0.0,0.0,1.0,0.0,1.0,0.0,1.0
0.2182873581427472,0.1392419454654893,0.26343074702719704,1.980696457786874,2.7486130432106224,-0.03960954559534031,0.9490144415132162,0.0,0.0,1.0,1.0,0.0,0.0,0.0,0.0,1.0,0.0,1.0,1.0,0.0
-0.7841667160178902,1.0094463743637234,-0.5991281691880362,0.3777048885106987,0.18844121856618382,-0.4988225331273049,-0.10361856120508274,1.0,0.0,0.0,1.0,0.0,0.0,0.0,0.0,1.0,1.0,0.0,0.0,1.0
-0.354543541377617,-0.3587334156887104,-0.40066316553115483,-0.42379089612738885,1.4685271308884031,-1.9256166887547888,-0.10361856120508274,1.0,0.0,0.0,0.0,0.0,0.0,1.0,0.0,1.0,1.0,0.0,1.0,0.0
-0.9751103491913449,-0.6773574898276147,-0.9369889458558048,0.3777048885106987,-0.36016702957191016,-1.387496680830008,-1.1562515639233817,0.0,1.0,0.0,0.0,0.0,1.0,0.0,1.0,0.0,0.0,1.0,1.0,0.0
0.6001746244896566,-1.2073956508951629,-0.1333021816293253,-1.2252866807654765,-1.0002099857330198,0.20487286185125453,-1.1562515639233817,0.0,1.0,0.0,0.0,0.0,0.0,1.0,0.0,1.0,0.0,1.0,1.0,0.0
-0.9273744408979813,0.5099680694635851,-0.7319795716153877,-0.42379089612738885,-0.36016702957191016,-1.719941012648923,-0.10361856120508274,1.0,0.0,0.0,1.0,0.0,0.0,0.0,1.0,0.0,1.0,0.0,0.0,1.0
0.12281554155601981,1.8981871094618619,0.8730154213191523,-1.2252866807654765,-0.6344711536409572,0.22168911209890407,2.0016474442315153,0.0,1.0,0.0,0.0,0.0,1.0,0.0,0.0,1.0,1.0,0.0,1.0,0.0
1.7935723318237486,-0.44139532171531287,1.2087151285730433,-0.42379089612738885,0.18844121856618382,-0.9502741743911234,-1.1562515639233817,0.0,0.0,1.0,0.0,1.0,0.0,0.0,0.0,1.0,1.0,0.0,0.0,1.0
-0.11586399991079861,0.006481914574279252,-0.08906821680249885,-0.42379089612738885,0.4627453426352308,0.28377988224407125,-0.10361856120508274,0.0,0.0,1.0,0.0,0.0,1.0,0.0,1.0,0.0,1.0,0.0,1.0,0.0
1.745836423530385,-0.9388697016208662,0.7609116444281814,-0.42379089612738885,-0.7259058616639729,-1.3266994683961986,-1.1562515639233817,0.0,0.0,1.0,0.0,1.0,0.0,0.0,1.0,0.0,0.0,1.0,1.0,0.0
-0.8319026243112538,0.14224783295736587,-0.7268283432640689,-0.42379089612738885,-1.0002099857330198,0.08198487927227814,0.9490144415132162,1.0,0.0,0.0,0.0,0.0,1.0,0.0,1.0,0.0,0.0,1.0,1.0,0.0
1.7935723318237486,2.0645128840123586,3.4192037147078578,-0.42379089612738885,2.7486130432106224,-0.9929615788659258,0.9490144415132162,0.0,1.0,0.0,0.0,1.0,0.0,0.0,1.0,0.0,1.0,0.0,0.0,1.0
1.459420973770203,0.21438913276240068,1.4733577861681082,-1.2252866807654765,0.6456147586812622,-1.9256166887547888,0.9490144415132162,0.0,1.0,0.0,0.0,1.0,0.0,0.0,0.0,1.0,0.0,1.0,1.0,0.0
-0.5932230828444355,0.666274219041161,-0.4554510322439947,-0.42379089612738885,-0.36016702957191016,-0.20777204807183433,-0.10361856120508274,0.0,0.0,1.0,0.0,1.0,0.0,0.0,0.0,1.0,1.0,0.0,1.0,0.0
-1.2137898906581635,-1.1357553323387741,-1.0966294540363213,-0.42379089612738885,-0.2687323215488945,-1.003310040556787,-0.10361856120508274,1.0,0.0,0.0,0.0,1.0,0.0,0.0,0.0,1.0,0.0,1.0,1.0,0.0
-1.0228462574847086,-0.9554020828261867,-0.9790550454529866,0.3777048885106987,-0.8173405696869884,0.17641459220138647,-0.10361856120508274,0.0,1.0,0.0,0.0,1.0,0.0,0.0,0.0,1.0,0.0,1.0,0.0,1.0
0.4569668996095656,-1.030048288874452,-0.06808273771427628,1.1792006731487863,1.2856577148423718,-0.19095579782418515,-0.10361856120508274,0.0,0.0,1.0,0.0,1.0,0.0,0.0,0.0,1.0,0.0,1.0,1.0,0.0
-1.1660539823647997,-1.2695173257272765,-1.06818216923603,1.980696457786874,-1.0002099857330198,-0.4832998405910131,-1.1562515639233817,0.0,1.0,0.0,0.0,0.0,1.0,0.0,0.0,1.0,0.0,1.0,0.0,1.0
-0.9273744408979813,-0.9549011015775407,-0.9072844351386351,2.7821922424249617,-1.0002099857330198,-1.6785471658854783,-0.10361856120508274,1.0,0.0,0.0,0.0,0.0,1.0,0.0,0.0,1.0,1.0,0.0,1.0,0.0
-0.11586399991079861,-0.004038691647288386,-0.14310854378097854,0.3777048885106987,0.8284841747272934,1.86709452094583,-0.10361856120508274,1.0,0.0,0.0,0.0,0.0,1.0,0.0,1.0,0.0,0.0,1.0,1.0,0.0
1.459420973770203,-0.08770256017118315,1.2424359664084577,-0.42379089612738885,-0.2687323215488945,-0.46648359034336373,-0.10361856120508274,0.0,0.0,1.0,1.0,0.0,0.0,0.0,1.0,0.0,1.0,0.0,0.0,1.0
-0.6409589911377991,-0.9038010142156407,-0.7669576353676809,-1.2252866807654765,1.2856577148423718,-1.349983507200636,-0.10361856120508274,1.0,0.0,0.0,0.0,1.0,0.0,0.0,0.0,1.0,1.0,0.0,0.0,1.0
-1.2137898906581635,0.9292893745803508,-1.0677132579481132,-1.2252866807654765,1.194223006819356,-0.2465787794125637,0.9490144415132162,1.0,0.0,0.0,0.0,0.0,1.0,0.0,1.0,0.0,1.0,0.0,1.0,0.0
-0.8796385326046176,1.6426866726523635,-0.5862093234151377,0.3777048885106987,-0.45160173759492583,1.4065879757025084,0.9490144415132162,1.0,0.0,0.0,0.0,0.0,0.0,1.0,0.0,1.0,0.0,1.0,1.0,0.0
0.5524387161962929,-0.655314314887187,0.1589043047163324,-1.2252866807654765,0.5541800506582465,1.5967409592720823,-0.10361856120508274,0.0,0.0,1.0,1.0,0.0,0.0,0.0,0.0,1.0,1.0,0.0,0.0,1.0
-0.25907172479088963,0.9302913370776428,0.08868314039683664,0.3777048885106987,-0.2687323215488945,-1.2723700445191772,0.9490144415132162,1.0,0.0,0.0,0.0,1.0,0.0,0.0,0.0,1.0,1.0,0.0,1.0,0.0
-1.2137898906581635,-0.15633699123569542,-1.0676860746850456,-0.42379089612738885,-0.5430364456179415,1.0676758553268049,-0.10361856120508274,1.0,0.0,0.0,0.0,1.0,0.0,0.0,0.0,1.0,1.0,0.0,0.0,1.0
1.316213248890112,-1.5671001874230455,0.027398473810829313,1.1792006731487863,2.657178335187607,-1.3215252375507678,-1.1562515639233817,0.0,1.0,0.0,0.0,0.0,0.0,1.0,1.0,0.0,0.0,1.0,1.0,0.0
-1.1660539823647997,-0.5486053089255731,-1.0814204183499736,1.1792006731487863,-0.08586290550286318,-0.45096089780707194,-1.1562515639233817,1.0,0.0,0.0,1.0,0.0,0.0,0.0,1.0,0.0,1.0,0.0,1.0,0.0
-0.9751103491913449,-1.5625913561852307,-0.9826704194409834,-1.2252866807654765,0.8284841747272934,0.01860055141575377,-1.1562515639233817,1.0,0.0,0.0,0.0,1.0,0.0,0.0,0.0,1.0,1.0,0.0,1.0,0.0
1.2207414323033845,-0.32366472828348497,0.8929543447792706,0.3777048885106987,0.09700651054316815,-1.9256166887547888,-0.10361856120508274,0.0,1.0,0.0,0.0,0.0,1.0,0.0,1.0,0.0,1.0,0.0,0.0,1.0
-0.9273744408979813,-0.6768565085789683,-0.9163840324505294,-0.42379089612738885,-0.7259058616639729,-1.2542602365601703,-0.10361856120508274,0.0,1.0,0.0,0.0,0.0,0.0,1.0,0.0,1.0,1.0,0.0,1.0,0.0
-0.8319026243112538,0.14825960794111828,-0.7519049034439721,0.3777048885106987,1.3770924228653874,-0.3448891654757451,-0.10361856120508274,1.0,0.0,0.0,0.0,0.0,0.0,1.0,0.0,1.0,0.0,1.0,1.0,0.0
0.9820618908365661,0.17631455786529865,0.9742662804303659,1.1792006731487863,0.37131063461221514,-1.057639464433808,-0.10361856120508274,0.0,0.0,1.0,1.0,0.0,0.0,0.0,0.0,1.0,0.0,1.0,0.0,1.0
-0.4022794496709807,0.011491727060739726,-0.34342880514222673,1.980696457786874,-0.36016702957191016,-0.5622068609838294,-0.10361856120508274,0.0,1.0,0.0,0.0,0.0,1.0,0.0,1.0,0.0,0.0,1.0,1.0,0.0
1.6026286986502938,0.14825960794111828,1.5371025380617371,-1.2252866807654765,0.09700651054316815,1.7053998070261243,0.9490144415132162,0.0,1.0,0.0,0.0,1.0,0.0,0.0,0.0,1.0,1.0,0.0,0.0,1.0
-0.8796385326046176,-0.23899889726229823,-0.7867198676178593,-0.42379089612738885,-1.0002099857330198,-0.7898730181827753,-0.10361856120508274,1.0,0.0,0.0,0.0,0.0,1.0,0.0,0.0,1.0,1.0,0.0,1.0,0.0
-1.2137898906581635,1.4663412731289442,-1.030281904703965,-1.2252866807654765,-0.7259058616639729,0.10138824494264284,2.0016474442315153,1.0,0.0,0.0,0.0,1.0,0.0,0.0,1.0,0.0,0.0,1.0,0.0,1.0
1.6981005152370212,0.23543034520553596,1.7152276651282532,1.1792006731487863,0.09700651054316815,0.7623962354464003,0.9490144415132162,0.0,0.0,1.0,1.0,0.0,0.0,0.0,0.0,1.0,1.0,0.0,0.0,1.0
-0.7364308077245265,0.6512447815817788,-0.54222000795592,0.3777048885106987,2.840047751233638,0.9422007573251129,0.9490144415132162,0.0,0.0,1.0,0.0,0.0,0.0,1.0,0.0,1.0,1.0,0.0,0.0,1.0
1.0775337074232936,0.42379929469646005,1.210257778752132,0.3777048885106987,1.3770924228653874,0.05740728275648316,-0.10361856120508274,0.0,1.0,0.0,0.0,0.0,1.0,0.0,0.0,1.0,0.0,1.0,0.0,1.0
-0.1635999082041623,0.31358341999432393,-0.04277511979829811,0.3777048885106987,-0.7259058616639729,0.7468735429101084,-0.10361856120508274,0.0,1.0,0.0,0.0,0.0,1.0,0.0,0.0,1.0,1.0,0.0,1.0,0.0
-0.020392183324071236,0.09515559558463485,0.03510492889050682,-1.2252866807654765,0.18844121856618382,0.28507343995542883,-0.10361856120508274,0.0,1.0,0.0,1.0,0.0,0.0,0.0,1.0,0.0,0.0,1.0,0.0,1.0
-0.8796385326046176,-0.3146470658078556,-0.7904235872108261,-0.42379089612738885,-0.17729761352587883,0.3199994981620851,-0.10361856120508274,0.0,0.0,1.0,0.0,0.0,1.0,0.0,0.0,1.0,1.0,0.0,1.0,0.0
-0.25907172479088963,0.29755202003764913,-0.1664249876772516,0.3777048885106987,-0.7259058616639729,0.1751210344900289,-0.10361856120508274,0.0,1.0,0.0,0.0,0.0,1.0,0.0,0.0,1.0,1.0,0.0,0.0,1.0
0.3614950830228382,-1.2389574695598657,-0.2907136622382948,1.1792006731487863,1.7428312549574503,-0.1741395475765356,-1.1562515639233817,0.0,1.0,0.0,0.0,1.0,0.0,0.0,1.0,0.0,0.0,1.0,1.0,0.0
0.2182873581427472,-1.1222288386253298,-0.2591403021852243,2.7821922424249617,-1.0002099857330198,-0.28279839533057793,-1.1562515639233817,1.0,0.0,0.0,0.0,0.0,1.0,0.0,0.0,1.0,1.0,0.0,0.0,1.0
-0.4500153579643444,-0.13279087254932992,-0.41696632755597535,-0.42379089612738885,-0.7259058616639729,1.9835147149680181,-0.10361856120508274,0.0,0.0,1.0,1.0,0.0,0.0,0.0,1.0,0.0,1.0,0.0,0.0,1.0
-0.8796385326046176,0.09465461433598851,-0.7816433932399764,-0.42379089612738885,-0.7259058616639729,0.9422007573251129,-0.10361856120508274,1.0,0.0,0.0,0.0,0.0,1.0,0.0,0.0,1.0,1.0,0.0,0.0,1.0
1.2684773405967482,-1.1547926197873246,0.3348615665532032,1.1792006731487863,-1.0002099857330198,-0.83126686494622,-1.1562515639233817,1.0,0.0,0.0,0.0,1.0,0.0,0.0,0.0,1.0,0.0,1.0,1.0,0.0
-0.21133581649752597,0.9297903558289972,0.09428289258877166,-1.2252866807654765,-0.9087752777100041,0.649856714558285,0.9490144415132162,0.0,1.0,0.0,0.0,1.0,0.0,0.0,0.0,1.0,0.0,1.0,1.0,0.0
0.6001746244896566,-1.7860289930813804,-0.42281752493128605,0.3777048885106987,0.09700651054316815,0.613637098640271,-1.1562515639233817,0.0,0.0,1.0,0.0,0.0,1.0,0.0,0.0,1.0,1.0,0.0,0.0,1.0
1.2207414323033845,-0.29009898462419775,0.9246976002265139,-1.2252866807654765,0.18844121856618382,-1.0770428301041728,-0.10361856120508274,0.0,0.0,1.0,0.0,1.0,0.0,0.0,0.0,1.0,1.0,0.0,0.0,1.0
-0.4022794496709807,-0.08970648516576742,-0.3965516969921733,-0.42379089612738885,-0.36016702957191016,-0.5686746495406177,-1.1562515639233817,0.0,1.0,0.0,0.0,1.0,0.0,0.0,0.0,1.0,0.0,1.0,1.0,0.0
-0.1635999082041623,-0.9829560515017207,-0.44561748682927393,-1.2252866807654765,-0.2687323215488945,0.19581795787175116,-1.1562515639233817,1.0,0.0,0.0,0.0,0.0,1.0,0.0,0.0,1.0,1.0,0.0,0.0,1.0
-0.9273744408979813,0.12170760176287622,-0.8199921816126577,-1.2252866807654765,-0.45160173759492583,-0.849376672905227,-0.10361856120508274,1.0,0.0,0.0,0.0,0.0,1.0,0.0,0.0,1.0,1.0,0.0,1.0,0.0
1.8890441484104759,-0.6733496398384458,1.06572436902146,-1.2252866807654765,-0.6344711536409572,1.7506743269236418,-0.10361856120508274,1.0,0.0,0.0,1.0,0.0,0.0,0.0,1.0,0.0,1.0,0.0,0.0,1.0
0.9343259825432024,-0.7429860334002504,0.3982121611323514,-1.2252866807654765,-0.2687323215488945,1.2927548971030354,-1.1562515639233817,0.0,1.0,0.0,0.0,0.0,1.0,0.0,0.0,1.0,1.0,0.0,1.0,0.0
-0.1635999082041623,1.2073339675789228,0.23252337691928388,-0.42379089612738885,-0.45160173759492583,1.9278917333796393,0.9490144415132162,0.0,1.0,0.0,0.0,0.0,1.0,0.0,0.0,1.0,1.0,0.0,1.0,0.0
-0.6409589911377991,-1.8256065117244207,-0.8856125786579544,-1.2252866807654765,-0.5430364456179415,-0.2051849326491192,-1.1562515639233817,0.0,1.0,0.0,0.0,0.0,1.0,0.0,0.0,1.0,0.0,1.0,1.0,0.0
-0.9273744408979813,1.9613107467912676,-0.6576945094672789,-0.42379089612738885,-1.0002099857330198,1.5967409592720823,2.0016474442315153,0.0,1.0,0.0,0.0,0.0,1.0,0.0,0.0,1.0,0.0,1.0,0.0,1.0
-1.1660539823647997,0.2885343575620201,-1.024981168405774,1.1792006731487863,-0.2687323215488945,0.5062718085975862,-0.10361856120508274,1.0,0.0,0.0,0.0,0.0,1.0,0.0,0.0,1.0,1.0,0.0,1.0,0.0
1.3639491571834756,-0.8772490080373987,0.5745907635467706,1.1792006731487863,-0.17729761352587883,0.9590170075727624,-1.1562515639233817,0.0,0.0,1.0,0.0,0.0,1.0,0.0,1.0,0.0,1.0,0.0,1.0,0.0
1.9367800567038396,-0.5681435776227701,1.2185418781719972,1.1792006731487863,-0.8173405696869884,0.9603105652841201,-0.10361856120508274,1.0,0.0,0.0,0.0,1.0,0.0,0.0,0.0,1.0,1.0,0.0,0.0,1.0
0.07507963326265613,-0.45892966541792557,-0.11189536196355429,-0.42379089612738885,0.37131063461221514,1.2112607612875035,-0.10361856120508274,1.0,0.0,0.0,0.0,0.0,1.0,0.0,1.0,0.0,0.0,1.0,0.0,1.0
-0.5454871745510718,1.3992097858103698,-0.22138954560003118,-0.42379089612738885,0.18844121856618382,2.2564553920644816,2.0016474442315153,0.0,0.0,1.0,0.0,0.0,0.0,1.0,1.0,0.0,1.0,0.0,1.0,0.0
-1.0705821657780723,0.04155060197950435,-0.9276243117290008,-1.2252866807654765,1.0113535907733249,-0.41603483960041565,-0.10361856120508274,1.0,0.0,0.0,1.0,0.0,0.0,0.0,0.0,1.0,1.0,0.0,1.0,0.0
0.9820618908365661,-0.20543315360301106,0.7107789115156757,-0.42379089612738885,-0.5430364456179415,0.5489592130723887,-0.10361856120508274,1.0,0.0,0.0,0.0,0.0,1.0,0.0,0.0,1.0,0.0,1.0,1.0,0.0
0.31375917472947457,-1.2594977007543549,-0.32373453104971744,-0.42379089612738885,-1.0002099857330198,1.5139532657451924,-0.10361856120508274,0.0,1.0,0.0,0.0,1.0,0.0,0.0,1.0,0.0,0.0,1.0,0.0,1.0
0.31375917472947457,0.1928469390706191,0.3967782440055333,0.3777048885106987,1.0113535907733249,-0.36041185801203673,-0.10361856120508274,0.0,0.0,1.0,0.0,0.0,1.0,0.0,0.0,1.0,1.0,0.0,0.0,1.0
-0.6409589911377991,-0.07918587894419978,-0.5505380864546195,1.1792006731487863,-0.17729761352587883,0.7442864274873933,-0.10361856120508274,0.0,1.0,0.0,0.0,0.0,1.0,0.0,0.0,1.0,0.0,1.0,0.0,1.0
-1.0228462574847086,0.17781750161123694,-0.8814127645140032,0.3777048885106987,-0.36016702957191016,0.6356275797333509,0.9490144415132162,0.0,1.0,0.0,1.0,0.0,0.0,0.0,0.0,1.0,1.0,0.0,0.0,1.0
-0.020392183324071236,-0.024077941593131705,-0.036658885608077826,1.1792006731487863,1.559961838911419,-0.425089743579919,-0.10361856120508274,1.0,0.0,0.0,0.0,0.0,1.0,0.0,0.0,1.0,0.0,1.0,1.0,0.0
-0.6886948994311628,-1.0340561388636207,-0.7939981863042215,1.980696457786874,-0.6344711536409572,0.5140331548657321,-1.1562515639233817,0.0,0.0,1.0,1.0,0.0,0.0,0.0,1.0,0.0,0.0,1.0,1.0,0.0
-0.020392183324071236,-1.347670400516064,-0.4788150468506362,-0.42379089612738885,0.7370494667042777,0.15701122653102179,-1.1562515639233817,1.0,0.0,0.0,1.0,0.0,0.0,0.0,1.0,0.0,0.0,1.0,1.0,0.0
0.07507963326265613,-0.7109232334869015,-0.2083891500379297,-0.42379089612738885,-0.36016702957191016,-0.4755384943228673,-1.1562515639233817,0.0,0.0,1.0,0.0,0.0,1.0,0.0,1.0,0.0,1.0,0.0,1.0,0.0
1.6503646069436575,-0.5826720338335063,1.0087278621843736,0.3777048885106987,-0.45160173759492583,0.24367959319198393,-1.1562515639233817,0.0,1.0,0.0,0.0,0.0,0.0,1.0,0.0,1.0,1.0,0.0,1.0,0.0
-1.2137898906581635,-0.8937813892427194,-1.0933470750209031,-0.42379089612738885,-0.2687323215488945,-1.9256166887547888,-1.1562515639233817,0.0,1.0,0.0,1.0,0.0,0.0,0.0,0.0,1.0,1.0,0.0,0.0,1.0
1.745836423530385,1.1487191614873318,2.5045276873761813,-1.2252866807654765,1.9257006710034816,-1.3111767758599067,0.9490144415132162,0.0,1.0,0.0,1.0,0.0,0.0,0.0,0.0,1.0,1.0,0.0,1.0,0.0
-1.0705821657780723,-0.2009243223651962,-0.9730135652362024,-0.42379089612738885,-0.7259058616639729,0.27343142055320996,-0.10361856120508274,0.0,0.0,1.0,0.0,0.0,1.0,0.0,1.0,0.0,1.0,0.0,1.0,0.0
-0.5454871745510718,-0.2049321723543651,-0.5387201628359606,0.3777048885106987,0.18844121856618382,0.4842813275045064,-0.10361856120508274,0.0,1.0,0.0,0.0,0.0,1.0,0.0,1.0,0.0,1.0,0.0,0.0,1.0
-1.0705821657780723,0.11669778927641573,-0.9107231179166922,-1.2252866807654765,-1.0002099857330198,0.667966522517292,-0.10361856120508274,0.0,1.0,0.0,0.0,0.0,0.0,1.0,0.0,1.0,1.0,0.0,1.0,0.0
1.9367800567038396,0.0024740645851103736,1.7400459843090132,-0.42379089612738885,-0.8173405696869884,0.4079614225344052,-0.10361856120508274,0.0,1.0,0.0,1.0,0.0,0.0,0.0,1.0,0.0,0.0,1.0,0.0,1.0
0.6479105327830204,1.9537960280615763,1.6319857177993549,2.7821922424249617,-0.7259058616639729,0.6873698881876568,2.0016474442315153,0.0,0.0,1.0,0.0,1.0,0.0,0.0,0.0,1.0,0.0,1.0,1.0,0.0
0.5047028079029293,0.6141721691819695,0.7623659490023004,-1.2252866807654765,-0.6344711536409572,-0.8286797495235048,-0.10361856120508274,0.0,0.0,1.0,0.0,1.0,0.0,0.0,0.0,1.0,1.0,0.0,1.0,0.0
0.4569668996095656,0.05708102068753282,0.4108048077484384,-1.2252866807654765,1.1027882987963404,-0.341008492341672,0.9490144415132162,1.0,0.0,0.0,0.0,0.0,1.0,0.0,0.0,1.0,1.0,0.0,1.0,0.0
-0.9751103491913449,-0.9719344640315071,-0.9345016772851154,1.1792006731487863,-0.5430364456179415,0.5476656553610308,-0.10361856120508274,1.0,0.0,0.0,0.0,0.0,0.0,1.0,1.0,0.0,1.0,0.0,1.0,0.0
-0.8319026243112538,-1.1743308884845216,-0.8596593582441197,-0.42379089612738885,1.559961838911419,-0.026673968481763847,-1.1562515639233817,0.0,1.0,0.0,0.0,0.0,1.0,0.0,1.0,0.0,1.0,0.0,0.0,1.0
-0.9751103491913449,0.9548394182613009,-0.8052996279245951,0.3777048885106987,-0.5430364456179415,-0.043490218729413395,-0.10361856120508274,1.0,0.0,0.0,1.0,0.0,0.0,0.0,0.0,1.0,1.0,0.0,1.0,0.0
-0.8319026243112538,-1.6021688748282708,-0.9959426476337615,-0.42379089612738885,0.8284841747272934,1.480320765249894,-1.1562515639233817,0.0,1.0,0.0,0.0,0.0,1.0,0.0,0.0,1.0,1.0,0.0,1.0,0.0
-0.9273744408979813,-0.05864564774971083,-0.8829282314300244,-0.42379089612738885,2.1085700870495128,0.023774782261184062,-0.10361856120508274,1.0,0.0,0.0,1.0,0.0,0.0,0.0,1.0,0.0,0.0,1.0,1.0,0.0
1.4116850654768394,0.5505475506039174,1.6659647966339117,-0.42379089612738885,2.0171353790264974,1.3108647050620421,-0.10361856120508274,1.0,0.0,0.0,1.0,0.0,0.0,0.0,0.0,1.0,0.0,1.0,1.0,0.0
1.55489279035693,-0.6457956711629117,0.8541570325659732,-0.42379089612738885,-0.8173405696869884,-0.4522544555184295,-1.1562515639233817,0.0,0.0,1.0,0.0,0.0,1.0,0.0,1.0,0.0,0.0,1.0,0.0,1.0
-0.7841667160178902,1.7669300223165898,-0.4759404167812327,-0.42379089612738885,0.37131063461221514,-1.8609388031869063,2.0016474442315153,1.0,0.0,0.0,0.0,1.0,0.0,0.0,0.0,1.0,1.0,0.0,1.0,0.0
1.745836423530385,0.7519420125596403,2.189127081818054,-0.42379089612738885,-1.0002099857330198,0.07681064842684786,0.9490144415132162,0.0,1.0,0.0,0.0,0.0,1.0,0.0,1.0,0.0,1.0,0.0,1.0,0.0
-0.7364308077245265,0.24094113894064276,-0.5990941901092016,1.1792006731487863,-0.9087752777100041,-1.0421167718975164,-1.1562515639233817,1.0,0.0,0.0,0.0,1.0,0.0,0.0,0.0,1.0,1.0,0.0,1.0,0.0
-0.5932230828444355,0.5365200756418271,-0.42072441367507735,-0.42379089612738885,0.7370494667042777,0.16606613051052516,2.0016474442315153,0.0,1.0,0.0,0.0,1.0,0.0,0.0,1.0,0.0,1.0,0.0,1.0,0.0
-0.4022794496709807,-1.3792322191807669,-0.6473852569488743,0.3777048885106987,-0.7259058616639729,0.529555847402024,-1.1562515639233817,1.0,0.0,0.0,1.0,0.0,0.0,0.0,1.0,0.0,0.0,1.0,1.0,0.0
1.0297977991299299,-0.08870452266847546,0.84250220852572,0.3777048885106987,-0.6344711536409572,-0.7562405176874764,-0.10361856120508274,0.0,1.0,0.0,1.0,0.0,0.0,0.0,1.0,0.0,0.0,1.0,0.0,1.0
1.745836423530385,1.4272647357345503,2.7617968848641468,0.3777048885106987,-0.8173405696869884,-0.0784162769360697,0.9490144415132162,0.0,0.0,1.0,0.0,0.0,0.0,1.0,0.0,1.0,0.0,1.0,0.0,1.0
1.3639491571834756,-1.6182002747849453,-0.0004507792019737415,-0.42379089612738885,-0.17729761352587883,-0.9386321549889046,-1.1562515639233817,0.0,0.0,1.0,0.0,0.0,0.0,1.0,1.0,0.0,1.0,0.0,1.0,0.0
-0.020392183324071236,-0.23348810352719143,-0.08478685286934454,-0.42379089612738885,0.7370494667042777,0.42607123049341233,-1.1562515639233817,1.0,0.0,0.0,0.0,1.0,0.0,0.0,1.0,0.0,0.0,1.0,1.0,0.0
1.2207414323033845,1.4152411857670446,2.075847628799408,-1.2252866807654765,-0.7259058616639729,0.7326444080851744,2.0016474442315153,1.0,0.0,0.0,0.0,0.0,1.0,0.0,0.0,1.0,0.0,1.0,1.0,0.0
-1.118318074071436,-0.5966995087955964,-1.0319264921195574,0.3777048885106987,0.005571802520152484,-1.061520137567881,-0.10361856120508274,1.0,0.0,0.0,0.0,0.0,0.0,1.0,0.0,1.0,1.0,0.0,0.0,1.0
-0.9751103491913449,-0.1147555475980712,-0.8519529031644422,-1.2252866807654765,-1.0002099857330198,0.17382747677867133,-0.10361856120508274,1.0,0.0,0.0,1.0,0.0,0.0,0.0,1.0,0.0,1.0,0.0,0.0,1.0
-1.2137898906581635,1.127176967795551,-1.0599456405265333,1.980696457786874,0.8284841747272934,0.3135317096052969,0.9490144415132162,1.0,0.0,0.0,0.0,1.0,0.0,0.0,0.0,1.0,1.0,0.0,0.0,1.0
0.40923099131620194,0.19234595782197347,0.47589513116391596,-1.2252866807654765,0.7370494667042777,-1.9256166887547888,-0.10361856120508274,0.0,0.0,1.0,0.0,0.0,1.0,0.0,0.0,1.0,1.0,0.0,1.0,0.0
-0.9751103491913449,0.340135426172566,-0.8295742818440027,-0.42379089612738885,-0.45160173759492583,0.6097564255061979,-1.1562515639233817,1.0,0.0,0.0,0.0,0.0,1.0,0.0,0.0,1.0,1.0,0.0,1.0,0.0
-1.118318074071436,0.415783594718123,-0.9932854836688992,-1.2252866807654765,-0.8173405696869884,0.8529452752414356,-0.10361856120508274,0.0,1.0,0.0,1.0,0.0,0.0,0.0,0.0,1.0,1.0,0.0,1.0,0.0
1.4116850654768394,-0.26254501594866375,1.0626866393736503,-1.2252866807654765,-0.8173405696869884,-0.41215416646634256,-0.10361856120508274,0.0,1.0,0.0,0.0,0.0,1.0,0.0,0.0,1.0,1.0,0.0,1.0,0.0
-1.118318074071436,0.8831990997049117,-0.9791230036106556,-0.42379089612738885,-1.0002099857330198,0.28377988224407125,-0.10361856120508274,1.0,0.0,0.0,0.0,0.0,1.0,0.0,1.0,0.0,0.0,1.0,1.0,0.0
-0.6409589911377991,2.8229984944625177,-0.06124614705276342,-1.2252866807654765,-1.0002099857330198,0.0522330519110525,2.0016474442315153,0.0,0.0,1.0,0.0,1.0,0.0,0.0,0.0,1.0,1.0,0.0,0.0,1.0
-0.8796385326046176,-0.32817355952129945,-0.826026866013675,-1.2252866807654765,-0.9087752777100041,1.6070894209629436,-0.10361856120508274,1.0,0.0,0.0,1.0,0.0,0.0,0.0,1.0,0.0,0.0,1.0,0.0,1.0
1.7935723318237486,-1.387247919159104,0.4183345716181762,0.3777048885106987,0.09700651054316815,1.2345448000919412,-1.1562515639233817,0.0,0.0,1.0,0.0,0.0,1.0,0.0,0.0,1.0,1.0,0.0,1.0,0.0
-0.4500153579643444,-0.4423972842126048,-0.5068341952576121,-1.2252866807654765,0.005571802520152484,0.47910709665907575,-1.1562515639233817,0.0,1.0,0.0,0.0,0.0,1.0,0.0,1.0,0.0,1.0,0.0,0.0,1.0
-1.0228462574847086,-0.9233392829128377,-0.966360461600396,-0.42379089612738885,1.559961838911419,-0.004683487388684008,-1.1562515639233817,1.0,0.0,0.0,0.0,1.0,0.0,0.0,0.0,1.0,1.0,0.0,0.0,1.0
-1.118318074071436,0.4142806509721847,-0.9736319844709913,-1.2252866807654765,2.4743089191415755,-0.07453560380199697,-0.10361856120508274,1.0,0.0,0.0,1.0,0.0,0.0,0.0,0.0,1.0,0.0,1.0,1.0,0.0
-0.4977512662577081,-1.4764225814181056,-0.7732097858732393,-0.42379089612738885,-0.6344711536409572,-0.6682785933151565,-1.1562515639233817,0.0,1.0,0.0,1.0,0.0,0.0,0.0,1.0,0.0,1.0,0.0,1.0,0.0
1.0775337074232936,-0.5090277902825332,0.6411217999048336,1.1792006731487863,-1.0002099857330198,-1.9256166887547888,-0.10361856120508274,0.0,1.0,0.0,0.0,1.0,0.0,0.0,0.0,1.0,0.0,1.0,1.0,0.0
-0.7841667160178902,-1.9443390676535406,-0.9390888529277805,1.980696457786874,-0.9087752777100041,-1.9256166887547888,-1.1562515639233817,1.0,0.0,0.0,0.0,0.0,1.0,0.0,0.0,1.0,1.0,0.0,1.0,0.0
-1.0228462574847086,-0.24951950348386587,-0.9272709293091215,-1.2252866807654765,-0.45160173759492583,-1.9256166887547888,-0.10361856120508274,1.0,0.0,0.0,0.0,0.0,1.0,0.0,1.0,0.0,0.0,1.0,1.0,0.0
0.7433823493697477,1.7273525036735502,1.6694102752277362,1.1792006731487863,-0.6344711536409572,0.34587065238923803,2.0016474442315153,0.0,0.0,1.0,1.0,0.0,0.0,0.0,1.0,0.0,1.0,0.0,0.0,1.0
-0.8796385326046176,0.3887306072912353,-0.7274603541303917,-0.42379089612738885,0.005571802520152484,0.16347901508781001,-0.10361856120508274,1.0,0.0,0.0,0.0,1.0,0.0,0.0,0.0,1.0,1.0,0.0,1.0,0.0
-0.7364308077245265,0.5139759194527543,-0.5731545613269007,-0.42379089612738885,1.9257006710034816,1.1414086448741905,-0.10361856120508274,1.0,0.0,0.0,1.0,0.0,0.0,0.0,1.0,0.0,0.0,1.0,1.0,0.0
-1.118318074071436,-0.13930362878172903,-1.0012705671950202,-0.42379089612738885,2.931482459256654,0.7869738319621954,-0.10361856120508274,1.0,0.0,0.0,0.0,0.0,0.0,1.0,1.0,0.0,1.0,0.0,1.0,0.0
1.2207414323033845,-1.2695173257272765,0.21997830101356536,2.7821922424249617,-0.9087752777100041,1.0211077777179296,-1.1562515639233817,0.0,0.0,1.0,0.0,1.0,0.0,0.0,0.0,1.0,1.0,0.0,1.0,0.0
-1.1660539823647997,3.029402768904701,-0.9577501630237193,-0.42379089612738885,4.485872495647921,0.2708443051304948,2.0016474442315153,1.0,0.0,0.0,1.0,0.0,0.0,0.0,0.0,1.0,1.0,0.0,1.0,0.0
-0.5932230828444355,0.638720250365627,-0.3474451322604713,0.3777048885106987,-0.9087752777100041,0.5166202702884476,0.9490144415132162,1.0,0.0,0.0,0.0,1.0,0.0,0.0,0.0,1.0,1.0,0.0,0.0,1.0
-0.7841667160178902,-1.188358363446612,-0.853339249580892,-1.2252866807654765,2.5657436271645913,-0.22458829831948388,-1.1562515639233817,1.0,0.0,0.0,0.0,1.0,0.0,0.0,0.0,1.0,1.0,0.0,0.0,1.0
1.6503646069436575,0.33161874494558263,1.7644565545437592,-0.42379089612738885,0.005571802520152484,0.525675174267951,-1.1562515639233817,0.0,0.0,1.0,0.0,0.0,1.0,0.0,1.0,0.0,1.0,0.0,0.0,1.0
1.1730055240100208,-0.11275162260348695,0.9641405149376678,-0.42379089612738885,1.194223006819356,0.03412324395204538,-0.10361856120508274,0.0,0.0,1.0,0.0,0.0,1.0,0.0,0.0,1.0,1.0,0.0,1.0,0.0
0.31375917472947457,-1.1402641635765887,-0.25455312654255907,1.1792006731487863,-0.45160173759492583,2.7544751109371757,-1.1562515639233817,0.0,1.0,0.0,0.0,1.0,0.0,0.0,0.0,1.0,0.0,1.0,0.0,1.0
-0.8319026243112538,-0.6292632899575913,-0.8112867416152442,-1.2252866807654765,0.8284841747272934,0.42995190362748503,-0.10361856120508274,0.0,0.0,1.0,1.0,0.0,0.0,0.0,0.0,1.0,0.0,1.0,1.0,0.0
1.745836423530385,-0.8957853142373038,0.8259543971332907,1.1792006731487863,-0.7259058616639729,-0.022793295347691128,-1.1562515639233817,0.0,0.0,1.0,1.0,0.0,0.0,0.0,0.0,1.0,1.0,0.0,0.0,1.0
1.745836423530385,0.3802139260642519,1.8815076853130415,0.3777048885106987,2.7486130432106224,0.1479563225515184,-0.10361856120508274,0.0,1.0,0.0,0.0,0.0,1.0,0.0,0.0,1.0,1.0,0.0,1.0,0.0
-0.9273744408979813,-0.7990959332486111,-0.8910152521926491,1.1792006731487863,-0.36016702957191016,-0.7898730181827753,-0.10361856120508274,1.0,0.0,0.0,0.0,0.0,1.0,0.0,1.0,0.0,1.0,0.0,0.0,1.0
-1.2137898906581635,0.43031205092885955,-1.075385733948956,0.3777048885106987,-0.6344711536409572,-1.2503795634260972,0.9490144415132162,0.0,1.0,0.0,1.0,0.0,0.0,0.0,0.0,1.0,1.0,0.0,1.0,0.0
-0.020392183324071236,0.810055837402585,0.25207493888068805,0.3777048885106987,0.005571802520152484,0.24626670861469943,0.9490144415132162,0.0,1.0,0.0,0.0,0.0,0.0,1.0,1.0,0.0,0.0,1.0,0.0,1.0
1.745836423530385,2.448765501723899,3.657023287470923,-1.2252866807654765,-0.7259058616639729,0.22298266981026166,2.0016474442315153,0.0,0.0,1.0,0.0,0.0,0.0,1.0,0.0,1.0,1.0,0.0,0.0,1.0
-0.6886948994311628,0.7950263999432029,-0.47435699170754236,-0.42379089612738885,0.37131063461221514,0.569656136454111,0.9490144415132162,0.0,1.0,0.0,0.0,1.0,0.0,0.0,1.0,0.0,1.0,0.0,1.0,0.0
-1.0705821657780723,-0.37276089065080026,-0.9618752231942346,0.3777048885106987,-0.8173405696869884,0.6278662334652051,-1.1562515639233817,1.0,0.0,0.0,0.0,0.0,1.0,0.0,0.0,1.0,1.0,0.0,1.0,0.0
-0.7841667160178902,1.0069414681204925,-0.5582785206131317,-1.2252866807654765,-0.45160173759492583,1.7506743269236418,0.9490144415132162,1.0,0.0,0.0,0.0,1.0,0.0,0.0,0.0,1.0,0.0,1.0,0.0,1.0
0.5047028079029293,-0.3662481344184015,0.27069547408202543,-1.2252866807654765,0.8284841747272934,-0.8920640773800292,-0.10361856120508274,0.0,0.0,1.0,0.0,1.0,0.0,0.0,0.0,1.0,0.0,1.0,0.0,1.0
0.6001746244896566,-1.1763348134791063,-0.08639066539033571,-0.42379089612738885,1.559961838911419,-0.3539440694552485,-1.1562515639233817,0.0,0.0,1.0,0.0,1.0,0.0,0.0,1.0,0.0,1.0,0.0,1.0,0.0
-0.4500153579643444,0.876686343472513,-0.2174547682709895,-0.42379089612738885,0.27987592658919946,1.5514664393745645,0.9490144415132162,1.0,0.0,0.0,0.0,0.0,1.0,0.0,0.0,1.0,1.0,0.0,0.0,1.0
-1.2137898906581635,0.0961575580819268,-1.0749440059241069,0.3777048885106987,-0.6344711536409572,0.2592022857282759,-0.10361856120508274,1.0,0.0,0.0,0.0,0.0,0.0,1.0,1.0,0.0,0.0,1.0,0.0,1.0
-0.5454871745510718,1.4989050542909395,-0.16218439863869888,-1.2252866807654765,-0.6344711536409572,-0.5298679181998883,2.0016474442315153,1.0,0.0,0.0,1.0,0.0,0.0,0.0,0.0,1.0,1.0,0.0,1.0,0.0
-1.1660539823647997,0.31959519497807637,-1.0768876092334436,1.1792006731487863,0.18844121856618382,0.13372718772658398,-0.10361856120508274,0.0,1.0,0.0,1.0,0.0,0.0,0.0,1.0,0.0,0.0,1.0,1.0,0.0
1.745836423530385,-0.3417000532347437,1.2723035767040336,-0.42379089612738885,-0.7259058616639729,-0.35523762716660606,-0.10361856120508274,0.0,1.0,0.0,0.0,0.0,1.0,0.0,1.0,0.0,0.0,1.0,0.0,1.0
1.1252696157166573,1.360634229664622,1.936098473368641,-1.2252866807654765,-0.7259058616639729,-1.9256166887547888,2.0016474442315153,0.0,0.0,1.0,0.0,0.0,1.0,0.0,0.0,1.0,0.0,1.0,0.0,1.0
0.6956464410763841,-0.6608251086222939,0.2851977449286145,-1.2252866807654765,-1.0002099857330198,0.6213984449084169,-0.10361856120508274,1.0,0.0,0.0,0.0,0.0,0.0,1.0,0.0,1.0,1.0,0.0,0.0,1.0
-0.25907172479088963,-1.0205296451501764,-0.5336097093792431,1.980696457786874,-0.8173405696869884,-1.357744853468782,-1.1562515639233817,0.0,1.0,0.0,0.0,0.0,1.0,0.0,0.0,1.0,1.0,0.0,0.0,1.0
-0.8796385326046176,-0.304126459586288,-0.7976203561079852,2.7821922424249617,-1.0002099857330198,-1.4366518738615985,-1.1562515639233817,1.0,0.0,0.0,0.0,0.0,0.0,1.0,0.0,1.0,0.0,1.0,0.0,1.0
0.9343259825432024,-0.16635661620861708,0.7323692182071534,-1.2252866807654765,-0.36016702957191016,-1.0343554256293703,-0.10361856120508274,1.0,0.0,0.0,0.0,1.0,0.0,0.0,1.0,0.0,1.0,0.0,0.0,1.0
-0.4977512662577081,-1.0135159076691316,-0.6670047770679476,-1.2252866807654765,-0.17729761352587883,0.7611026777350425,-1.1562515639233817,1.0,0.0,0.0,0.0,0.0,1.0,0.0,0.0,1.0,1.0,0.0,1.0,0.0
-0.8796385326046176,-0.12427419132234689,-0.8081130956520965,1.1792006731487863,3.2972212913487167,-1.5711818758427936,-0.10361856120508274,1.0,0.0,0.0,1.0,0.0,0.0,0.0,0.0,1.0,1.0,0.0,1.0,0.0
-0.06812809161743492,0.34714916365361037,0.07992333387328773,-0.42379089612738885,-0.08586290550286318,-0.5169323410863118,0.9490144415132162,1.0,0.0,0.0,0.0,0.0,1.0,0.0,0.0,1.0,0.0,1.0,0.0,1.0
1.0297977991299299,-0.9684275952909845,0.2304098782157745,-0.42379089612738885,1.3770924228653874,-1.8842228419913443,-1.1562515639233817,0.0,0.0,1.0,0.0,0.0,1.0,0.0,0.0,1.0,0.0,1.0,0.0,1.0
1.7935723318237486,1.767431003565236,3.1355803436758096,-0.42379089612738885,2.2914395030955443,-0.1663782013083898,-0.10361856120508274,0.0,0.0,1.0,0.0,0.0,1.0,0.0,1.0,0.0,0.0,1.0,1.0,0.0
-0.21133581649752597,1.6181385914687052,0.3450620860193371,1.1792006731487863,1.194223006819356,-1.0498781181656622,2.0016474442315153,1.0,0.0,0.0,1.0,0.0,0.0,0.0,0.0,1.0,0.0,1.0,1.0,0.0
-1.2137898906581635,-1.3090948443703163,-1.0760517238941134,-1.2252866807654765,-0.36016702957191016,-0.14050704708123687,-0.10361856120508274,1.0,0.0,0.0,1.0,0.0,0.0,0.0,0.0,1.0,1.0,0.0,0.0,1.0
-1.2137898906581635,-0.5445974589364042,-1.0872580240937504,-1.2252866807654765,-0.08586290550286318,1.8347555781618887,-0.10361856120508274,1.0,0.0,0.0,1.0,0.0,0.0,0.0,0.0,1.0,0.0,1.0,0.0,1.0
-1.0705821657780723,1.4953981855504164,-0.8767916097925034,-0.42379089612738885,0.005571802520152484,-0.4457866669616413,2.0016474442315153,1.0,0.0,0.0,1.0,0.0,0.0,0.0,0.0,1.0,1.0,0.0,0.0,1.0
-0.5932230828444355,-0.5050199402933643,-0.5997669758701258,1.1792006731487863,-0.9087752777100041,0.18805661160360534,-1.1562515639233817,0.0,1.0,0.0,0.0,0.0,0.0,1.0,0.0,1.0,1.0,0.0,0.0,1.0
-1.118318074071436,-0.8727401767995842,-1.0645056329061309,-1.2252866807654765,-0.2687323215488945,-0.13145214310173348,-0.10361856120508274,1.0,0.0,0.0,0.0,0.0,0.0,1.0,1.0,0.0,1.0,0.0,0.0,1.0
-0.9273744408979813,0.42730616343698297,-0.7837093212331175,-0.42379089612738885,2.2914395030955443,-0.6721592664492294,0.9490144415132162,0.0,0.0,1.0,0.0,0.0,0.0,1.0,1.0,0.0,1.0,0.0,1.0,0.0
-1.0228462574847086,2.5815255326151094,-0.7531689251766177,-0.42379089612738885,-0.5430364456179415,-0.17155243215382046,2.0016474442315153,1.0,0.0,0.0,0.0,0.0,0.0,1.0,0.0,1.0,0.0,1.0,1.0,0.0
-0.7841667160178902,0.9067452183912773,-0.5478605350424564,1.1792006731487863,-0.9087752777100041,0.001784301168104224,0.9490144415132162,1.0,0.0,0.0,0.0,0.0,1.0,0.0,1.0,0.0,0.0,1.0,0.0,1.0
1.2684773405967482,-1.4102930565968235,0.10350481458447043,-1.2252866807654765,-0.6344711536409572,0.8516517175300776,-1.1562515639233817,0.0,0.0,1.0,1.0,0.0,0.0,0.0,0.0,1.0,1.0,0.0,1.0,0.0
-1.0705821657780723,-0.23649399101906765,-1.008881880853961,0.3777048885106987,-0.17729761352587883,-1.9256166887547888,-0.10361856120508274,1.0,0.0,0.0,1.0,0.0,0.0,0.0,1.0,0.0,1.0,0.0,1.0,0.0
-1.2137898906581635,1.963815653034498,-1.0301867632832282,3.5836880270630487,-0.8173405696869884,0.4377132498956309,2.0016474442315153,0.0,1.0,0.0,0.0,0.0,1.0,0.0,0.0,1.0,1.0,0.0,1.0,0.0
-0.8319026243112538,-0.7940861207621502,-0.8465638212612814,0.3777048885106987,0.4627453426352308,0.9370265264796827,-1.1562515639233817,1.0,0.0,0.0,0.0,1.0,0.0,0.0,1.0,0.0,1.0,0.0,0.0,1.0
0.2182873581427472,-2.188817916992826,-0.7487992156384936,1.1792006731487863,-0.5430364456179415,0.649856714558285,-1.1562515639233817,1.0,0.0,0.0,1.0,0.0,0.0,0.0,0.0,1.0,0.0,1.0,0.0,1.0
-1.0705821657780723,1.2914988173514639,-0.849513205304121,0.3777048885106987,-0.9087752777100041,-0.3203115689599498,0.9490144415132162,1.0,0.0,0.0,0.0,0.0,1.0,0.0,0.0,1.0,0.0,1.0,0.0,1.0
-1.2137898906581635,0.09866246432515703,-1.0798845639866517,-0.42379089612738885,-0.36016702957191016,-0.8985318659368174,0.9490144415132162,1.0,0.0,0.0,0.0,1.0,0.0,0.0,0.0,1.0,1.0,0.0,1.0,0.0
2.1277236898772944,-0.9088108267021016,0.9994719611098403,-0.42379089612738885,-1.0002099857330198,1.0870792209971696,-1.1562515639233817,0.0,1.0,0.0,1.0,0.0,0.0,0.0,0.0,1.0,0.0,1.0,1.0,0.0
0.5524387161962929,-0.08519765392795291,0.453638834527281,-0.42379089612738885,0.27987592658919946,1.058620951347301,-0.10361856120508274,0.0,0.0,1.0,0.0,0.0,1.0,0.0,0.0,1.0,1.0,0.0,1.0,0.0
-0.7364308077245265,1.0124522618555993,-0.4904766667066563,-0.42379089612738885,-0.6344711536409572,0.36398046034824516,0.9490144415132162,1.0,0.0,0.0,0.0,0.0,1.0,0.0,1.0,0.0,1.0,0.0,1.0,0.0
1.6503646069436575,-0.24000085975959018,1.2692522554246901,0.3777048885106987,-0.08586290550286318,-0.8584315768847305,-0.10361856120508274,0.0,0.0,1.0,0.0,0.0,1.0,0.0,0.0,1.0,1.0,0.0,1.0,0.0
2.0799877815839305,-1.5290256125259438,0.3840292936268073,-1.2252866807654765,-1.0002099857330198,0.0043714165908193695,-1.1562515639233817,0.0,0.0,1.0,0.0,0.0,0.0,1.0,1.0,0.0,1.0,0.0,0.0,1.0
-0.25907172479088963,-0.03810541655522153,-0.21555873567202122,0.3777048885106987,0.4627453426352308,0.4868684429272216,-0.10361856120508274,1.0,0.0,0.0,1.0,0.0,0.0,0.0,0.0,1.0,0.0,1.0,0.0,1.0
-1.2137898906581635,-0.8426813018808196,-1.0601155359207062,1.1792006731487863,-1.0002099857330198,-0.14180060479259443,-1.1562515639233817,1.0,0.0,0.0,0.0,0.0,1.0,0.0,1.0,0.0,1.0,0.0,0.0,1.0
-0.8796385326046176,-1.9864214925398107,-1.0493237804828508,-0.42379089612738885,-0.08586290550286318,-0.6242976311289966,-1.1562515639233817,1.0,0.0,0.0,0.0,0.0,1.0,0.0,0.0,1.0,1.0,0.0,1.0,0.0
0.6956464410763841,-1.2359515820679892,-0.08307430729608287,-0.42379089612738885,-0.9087752777100041,0.7727446971372613,-1.1562515639233817,1.0,0.0,0.0,0.0,0.0,1.0,0.0,0.0,1.0,1.0,0.0,1.0,0.0
1.0297977991299299,0.12972330174121396,1.0200700786993486,-1.2252866807654765,-0.45160173759492583,0.6614987339605038,0.9490144415132162,0.0,1.0,0.0,0.0,0.0,1.0,0.0,1.0,0.0,1.0,0.0,1.0,0.0
-0.1635999082041623,-0.45842868416927923,-0.2794801787755901,-1.2252866807654765,-0.08586290550286318,-1.5608334141519324,-0.10361856120508274,0.0,1.0,0.0,1.0,0.0,0.0,0.0,0.0,1.0,0.0,1.0,1.0,0.0
-1.0228462574847086,-1.5891433623634725,-0.9798433600819484,1.1792006731487863,1.3770924228653874,0.9551363344386894,-1.1562515639233817,1.0,0.0,0.0,1.0,0.0,0.0,0.0,0.0,1.0,1.0,0.0,1.0,0.0
-1.0228462574847086,1.8100144097001523,-0.7889556910051732,-0.42379089612738885,0.18844121856618382,0.5127395971543744,2.0016474442315153,0.0,1.0,0.0,0.0,1.0,0.0,0.0,1.0,0.0,1.0,0.0,1.0,0.0
1.7935723318237486,1.721340728689797,3.069300752501122,-0.42379089612738885,-0.36016702957191016,0.1285529568811537,2.0016474442315153,0.0,0.0,1.0,1.0,0.0,0.0,0.0,0.0,1.0,1.0,0.0,1.0,0.0
1.9845159649972033,0.11569582677912378,1.8559350305821538,1.1792006731487863,-1.0002099857330198,0.4312454613388426,-1.1562515639233817,0.0,1.0,0.0,1.0,0.0,0.0,0.0,0.0,1.0,0.0,1.0,1.0,0.0
-0.25907172479088963,0.21489011401104702,-0.16774337593603247,-1.2252866807654765,-0.9087752777100041,1.5437050931064185,-0.10361856120508274,0.0,1.0,0.0,0.0,0.0,0.0,1.0,0.0,1.0,1.0,0.0,0.0,1.0
-1.2137898906581635,-0.31013823457004075,-1.0854299496524513,-0.42379089612738885,0.09700651054316815,-0.8403217689257234,-0.10361856120508274,1.0,0.0,0.0,0.0,0.0,0.0,1.0,0.0,1.0,0.0,1.0,1.0,0.0
-1.118318074071436,0.7935234561972646,-0.9738630422070663,-0.42379089612738885,1.9257006710034816,-0.7290758057489659,-0.10361856120508274,1.0,0.0,0.0,1.0,0.0,0.0,0.0,0.0,1.0,0.0,1.0,0.0,1.0
1.3639491571834756,-0.1423095162736056,1.1418918721370033,-1.2252866807654765,-0.7259058616639729,-1.4263034121707374,-1.1562515639233817,0.0,0.0,1.0,1.0,0.0,0.0,0.0,0.0,1.0,0.0,1.0,1.0,0.0
-1.2137898906581635,0.15477236417351778,-1.0791234326207575,0.3777048885106987,-1.0002099857330198,0.1984050732944663,0.9490144415132162,0.0,1.0,0.0,0.0,1.0,0.0,0.0,1.0,0.0,0.0,1.0,1.0,0.0
-1.2137898906581635,0.8361068623321807,-1.0698811231777579,-1.2252866807654765,1.3770924228653874,-0.7640018639556224,0.9490144415132162,1.0,0.0,0.0,0.0,0.0,0.0,1.0,0.0,1.0,1.0,0.0,1.0,0.0
-0.9751103491913449,-1.2554898507651862,-0.9762347819097184,0.3777048885106987,-1.0002099857330198,0.5683625787427534,-0.10361856120508274,1.0,0.0,0.0,0.0,0.0,1.0,0.0,0.0,1.0,1.0,0.0,1.0,0.0
-1.2137898906581635,-1.734928905719481,-1.0645056329061309,-1.2252866807654765,0.18844121856618382,-0.6928561898309519,-1.1562515639233817,1.0,0.0,0.0,0.0,0.0,1.0,0.0,0.0,1.0,1.0,0.0,1.0,0.0
0.12281554155601981,-0.46544242165032434,-0.07670662792248692,0.3777048885106987,0.4627453426352308,1.278525762278101,-0.10361856120508274,1.0,0.0,0.0,0.0,0.0,0.0,1.0,0.0,1.0,0.0,1.0,0.0,1.0
-0.5454871745510718,2.317007433329981,-0.005459295422187546,-0.42379089612738885,2.1085700870495128,-1.3849095654072925,2.0016474442315153,1.0,0.0,0.0,0.0,0.0,1.0,0.0,1.0,0.0,0.0,1.0,1.0,0.0
-1.1660539823647997,0.7093586064247235,-1.0199250814751921,2.7821922424249617,0.09700651054316815,-0.6036007077472741,-0.10361856120508274,0.0,1.0,0.0,1.0,0.0,0.0,0.0,0.0,1.0,0.0,1.0,1.0,0.0
1.4116850654768394,-0.5726524088605847,0.8418769934751641,-0.42379089612738885,1.0113535907733249,-1.3461028340665633,-1.1562515639233817,0.0,0.0,1.0,0.0,1.0,0.0,0.0,0.0,1.0,1.0,0.0,1.0,0.0
-0.9751103491913449,-0.2630459971973097,-0.9074203514539734,-0.42379089612738885,-0.8173405696869884,-0.5285743604885308,-0.10361856120508274,0.0,1.0,0.0,0.0,1.0,0.0,0.0,1.0,0.0,0.0,1.0,1.0,0.0
0.26602326643611085,0.5876201630037274,0.503363818493772,0.3777048885106987,0.27987592658919946,0.25014738174877216,0.9490144415132162,0.0,1.0,0.0,1.0,0.0,0.0,0.0,1.0,0.0,0.0,1.0,1.0,0.0
0.12281554155601981,0.21889796400021555,0.16693016313705475,1.980696457786874,-0.2687323215488945,-0.5686746495406177,-0.10361856120508274,0.0,1.0,0.0,0.0,1.0,0.0,0.0,0.0,1.0,1.0,0.0,1.0,0.0
-1.118318074071436,-0.2810813221485684,-1.0042471345009272,1.980696457786874,-0.8173405696869884,0.0522330519110525,-1.1562515639233817,0.0,1.0,0.0,0.0,0.0,1.0,0.0,0.0,1.0,1.0,0.0,0.0,1.0
1.0297977991299299,0.35967369486976225,1.1555242785654274,-0.42379089612738885,0.6456147586812622,-0.18966224011282756,0.9490144415132162,0.0,0.0,1.0,0.0,0.0,1.0,0.0,1.0,0.0,1.0,0.0,1.0,0.0
0.8388541659564751,-0.20843904109488762,0.5867620695853092,0.3777048885106987,-0.8173405696869884,0.44547459616377705,-0.10361856120508274,0.0,0.0,1.0,0.0,0.0,1.0,0.0,1.0,0.0,1.0,0.0,1.0,0.0
-0.6886948994311628,-0.27406758466752335,-0.6840147039325268,3.5836880270630487,-0.6344711536409572,-0.5169323410863118,-0.10361856120508274,0.0,0.0,1.0,0.0,0.0,1.0,0.0,0.0,1.0,1.0,0.0,1.0,0.0
0.2182873581427472,-0.8722391955509382,-0.174831411780921,-0.42379089612738885,-0.8173405696869884,1.1853896070603505,-1.1562515639233817,0.0,1.0,0.0,0.0,0.0,1.0,0.0,1.0,0.0,1.0,0.0,0.0,1.0
0.3614950830228382,-0.51453858401764,0.06440169066166208,0.3777048885106987,2.3828742111185597,-0.8028085952963517,-1.1562515639233817,0.0,1.0,0.0,1.0,0.0,0.0,0.0,1.0,0.0,0.0,1.0,1.0,0.0
0.31375917472947457,-2.1131697484472682,-0.6684183067474652,-0.42379089612738885,3.388655999371732,0.2967154593576477,-1.1562515639233817,1.0,0.0,0.0,0.0,0.0,1.0,0.0,1.0,0.0,0.0,1.0,0.0,1.0
-0.5932230828444355,0.7078556626787852,-0.39239265774282356,1.1792006731487863,-1.0002099857330198,-0.22200118289676873,-0.10361856120508274,0.0,1.0,0.0,0.0,0.0,1.0,0.0,0.0,1.0,1.0,0.0,1.0,0.0
-1.2137898906581635,-1.4573852939695549,-1.085681394835827,0.3777048885106987,-0.5430364456179415,-0.9839066748864223,-1.1562515639233817,0.0,1.0,0.0,1.0,0.0,0.0,0.0,0.0,1.0,1.0,0.0,1.0,0.0
-0.06812809161743492,1.4848775793288491,0.4130542227672861,-1.2252866807654765,0.9199188827503091,1.3794232637639974,2.0016474442315153,0.0,0.0,1.0,0.0,0.0,1.0,0.0,0.0,1.0,0.0,1.0,0.0,1.0
1.1730055240100208,0.9363031120613959,1.6822611628429656,-0.42379089612738885,-0.45160173759492583,-1.8156642832893888,-0.10361856120508274,0.0,0.0,1.0,1.0,0.0,0.0,0.0,1.0,0.0,1.0,0.0,0.0,1.0
1.3639491571834756,0.28953632005931207,1.4402893466463174,-1.2252866807654765,-0.9087752777100041,-0.7381307097284695,-0.10361856120508274,0.0,0.0,1.0,0.0,0.0,1.0,0.0,1.0,0.0,0.0,1.0,1.0,0.0
-0.21133581649752597,2.2408582835357778,0.450499167642968,-1.2252866807654765,-0.7259058616639729,1.1077761443788918,2.0016474442315153,1.0,0.0,0.0,1.0,0.0,0.0,0.0,1.0,0.0,0.0,1.0,1.0,0.0
-0.354543541377617,-0.6032122650279952,-0.4314685984025643,-0.42379089612738885,-1.0002099857330198,-0.11075521972001086,-0.10361856120508274,1.0,0.0,0.0,1.0,0.0,0.0,0.0,1.0,0.0,0.0,1.0,1.0,0.0
-0.5932230828444355,-0.7545086021191103,-0.667432913461263,-0.42379089612738885,-0.9087752777100041,-0.3474762808984603,-0.10361856120508274,1.0,0.0,0.0,0.0,0.0,1.0,0.0,1.0,0.0,1.0,0.0,1.0,0.0
0.9343259825432024,0.2830235638269133,0.9785816234423547,-0.42379089612738885,-0.7259058616639729,0.11820449519029239,0.9490144415132162,0.0,0.0,1.0,0.0,1.0,0.0,0.0,0.0,1.0,0.0,1.0,0.0,1.0
0.1705514498493835,1.2539252237030083,0.6508941829776523,-0.42379089612738885,-0.9087752777100041,1.0288691239860754,0.9490144415132162,0.0,1.0,0.0,1.0,0.0,0.0,0.0,0.0,1.0,1.0,0.0,1.0,0.0
1.6026286986502938,0.7664704687703762,2.0518040326160754,1.980696457786874,1.4685271308884031,-1.427596969882095,-0.10361856120508274,1.0,0.0,0.0,0.0,1.0,0.0,0.0,0.0,1.0,1.0,0.0,1.0,0.0
0.26602326643611085,1.841075247116209,1.0223534727970311,0.3777048885106987,-0.7259058616639729,-0.7200209017694623,2.0016474442315153,0.0,1.0,0.0,0.0,0.0,1.0,0.0,0.0,1.0,1.0,0.0,0.0,1.0
1.1252696157166573,1.096116130379494,1.74680782099709,-1.2252866807654765,0.6456147586812622,0.08974622554042432,0.9490144415132162,0.0,1.0,0.0,0.0,1.0,0.0,0.0,0.0,1.0,1.0,0.0,1.0,0.0
-1.0228462574847086,0.6036515629604015,-0.8695880450795773,0.3777048885106987,1.2856577148423718,0.5373171936701698,0.9490144415132162,0.0,1.0,0.0,0.0,0.0,0.0,1.0,0.0,1.0,0.0,1.0,1.0,0.0
0.4569668996095656,-1.0130149264204853,-0.044290586714319374,0.3777048885106987,-0.5430364456179415,0.10526891807671593,-1.1562515639233817,0.0,0.0,1.0,0.0,1.0,0.0,0.0,0.0,1.0,1.0,0.0,1.0,0.0
1.55489279035693,0.5926299754901878,1.8476645227938224,0.3777048885106987,0.6456147586812622,1.7933617313984442,-0.10361856120508274,0.0,0.0,1.0,1.0,0.0,0.0,0.0,1.0,0.0,1.0,0.0,0.0,1.0
-0.4977512662577081,-1.5345364062610505,-0.7675013006290338,0.3777048885106987,2.3828742111185597,1.5152468234565504,-1.1562515639233817,0.0,1.0,0.0,1.0,0.0,0.0,0.0,0.0,1.0,0.0,1.0,1.0,0.0
-1.2137898906581635,-1.2980732569001028,-1.0787020920432089,-0.42379089612738885,0.18844121856618382,1.3444972055573412,-1.1562515639233817,1.0,0.0,0.0,1.0,0.0,0.0,0.0,1.0,0.0,1.0,0.0,0.0,1.0
-0.06812809161743492,1.2218624237896594,0.38453897980932567,0.3777048885106987,-1.0002099857330198,0.36139334492553005,0.9490144415132162,0.0,1.0,0.0,1.0,0.0,0.0,0.0,0.0,1.0,0.0,1.0,0.0,1.0
-1.118318074071436,-0.21845866606780895,-0.997594030865121,1.1792006731487863,0.005571802520152484,0.8050836399212025,-0.10361856120508274,0.0,1.0,0.0,0.0,1.0,0.0,0.0,1.0,0.0,1.0,0.0,0.0,1.0
-0.7841667160178902,0.7404194438407804,-0.5581426042977934,-0.42379089612738885,-1.0002099857330198,-0.5635004186951872,0.9490144415132162,0.0,1.0,0.0,0.0,1.0,0.0,0.0,0.0,1.0,1.0,0.0,1.0,0.0
-1.118318074071436,-0.9338598891344054,-1.024600602722827,0.3777048885106987,-0.17729761352587883,-0.42767685900263436,-0.10361856120508274,1.0,0.0,0.0,0.0,1.0,0.0,0.0,1.0,0.0,1.0,0.0,0.0,1.0
1.745836423530385,0.6612644065547005,2.122745553406864,1.1792006731487863,-0.17729761352587883,0.34587065238923803,0.9490144415132162,0.0,0.0,1.0,0.0,0.0,0.0,1.0,0.0,1.0,0.0,1.0,1.0,0.0
0.2182873581427472,0.4814121382907591,0.40701953836626864,-1.2252866807654765,-0.7259058616639729,-0.5725553226746908,0.9490144415132162,0.0,1.0,0.0,0.0,0.0,1.0,0.0,1.0,0.0,0.0,1.0,1.0,0.0
1.2207414323033845,-0.7464929021407729,0.5666600465467849,1.1792006731487863,-0.8173405696869884,-0.1275714699676604,-1.1562515639233817,0.0,1.0,0.0,0.0,0.0,1.0,0.0,1.0,0.0,0.0,1.0,0.0,1.0
-1.1660539823647997,2.1336482963255174,-1.0057829888642493,-0.42379089612738885,-0.5430364456179415,0.25273449717148766,2.0016474442315153,1.0,0.0,0.0,1.0,0.0,0.0,0.0,0.0,1.0,1.0,0.0,0.0,1.0
0.6479105327830204,0.627197681646767,0.9004297421228732,-0.42379089612738885,-0.36016702957191016,-0.2802112799078628,0.9490144415132162,0.0,0.0,1.0,0.0,0.0,1.0,0.0,1.0,0.0,1.0,0.0,1.0,0.0
-0.6886948994311628,0.2394381951947045,-0.5849249142351913,1.1792006731487863,1.194223006819356,1.5618149010654259,-0.10361856120508274,0.0,1.0,0.0,0.0,1.0,0.0,0.0,0.0,1.0,0.0,1.0,1.0,0.0
1.6503646069436575,-0.27957837840263017,1.2551917126029504,-1.2252866807654765,0.09700651054316815,1.508779034899762,-1.1562515639233817,0.0,1.0,0.0,1.0,0.0,0.0,0.0,0.0,1.0,0.0,1.0,0.0,1.0
-0.25907172479088963,-2.040527467393587,-0.7934273377798008,0.3777048885106987,1.1027882987963404,1.9408273104932157,-1.1562515639233817,0.0,0.0,1.0,0.0,1.0,0.0,0.0,0.0,1.0,1.0,0.0,1.0,0.0
-1.0705821657780723,-0.8216400894376843,-0.9974988894443843,-0.42379089612738885,-0.6344711536409572,0.079397763849563,-0.10361856120508274,1.0,0.0,0.0,0.0,0.0,1.0,0.0,0.0,1.0,0.0,1.0,1.0,0.0
1.8890441484104759,1.99036765921274,3.4571175708714565,-1.2252866807654765,1.0113535907733249,0.6550309454037155,2.0016474442315153,0.0,0.0,1.0,0.0,1.0,0.0,0.0,1.0,0.0,1.0,0.0,1.0,0.0
-0.7364308077245265,0.8511362997915629,-0.5490633944331996,0.3777048885106987,0.6456147586812622,-0.07065493066792389,0.9490144415132162,0.0,1.0,0.0,0.0,0.0,1.0,0.0,0.0,1.0,1.0,0.0,0.0,1.0
-0.8319026243112538,-0.03459854781469899,-0.7375725279915557,-1.2252866807654765,0.27987592658919946,1.83992980900732,-0.10361856120508274,1.0,0.0,0.0,0.0,0.0,0.0,1.0,0.0,1.0,1.0,0.0,1.0,0.0
0.7433823493697477,-0.6452946899142658,0.3080996440631059,-0.42379089612738885,-0.6344711536409572,0.36398046034824516,-1.1562515639233817,0.0,1.0,0.0,0.0,0.0,1.0,0.0,1.0,0.0,1.0,0.0,0.0,1.0
0.6956464410763841,-0.31013823457004075,0.448820601148541,-1.2252866807654765,0.37131063461221514,0.11561737976757724,-0.10361856120508274,1.0,0.0,0.0,0.0,1.0,0.0,0.0,1.0,0.0,1.0,0.0,1.0,0.0
1.2684773405967482,-0.8276518644214375,0.5281345669641644,-0.42379089612738885,2.657178335187607,1.2733515314326707,-1.1562515639233817,0.0,1.0,0.0,1.0,0.0,0.0,0.0,1.0,0.0,1.0,0.0,0.0,1.0
2.0799877815839305,-0.858712701837494,1.029108513669341,1.1792006731487863,-0.45160173759492583,-1.035648983340728,-0.10361856120508274,0.0,1.0,0.0,0.0,0.0,1.0,0.0,0.0,1.0,1.0,0.0,0.0,1.0
1.6503646069436575,-0.41283939054248653,1.1313311744352228,0.3777048885106987,1.6513965469344345,0.06775574444734411,-0.10361856120508274,1.0,0.0,0.0,0.0,0.0,1.0,0.0,0.0,1.0,0.0,1.0,1.0,0.0
-0.6409589911377991,0.290538282556604,-0.5611259674194674,-0.42379089612738885,-0.17729761352587883,-0.05254512270891677,-0.10361856120508274,0.0,1.0,0.0,0.0,1.0,0.0,0.0,1.0,0.0,0.0,1.0,0.0,1.0
-0.354543541377617,-1.273525175716445,-0.6326043576558419,0.3777048885106987,-1.0002099857330198,1.1944445110398538,-1.1562515639233817,0.0,1.0,0.0,1.0,0.0,0.0,0.0,0.0,1.0,1.0,0.0,0.0,1.0
0.1705514498493835,-0.09521727890087421,0.10670564381068573,-0.42379089612738885,0.27987592658919946,-1.8609388031869063,0.9490144415132162,0.0,1.0,0.0,1.0,0.0,0.0,0.0,1.0,0.0,0.0,1.0,1.0,0.0
-0.354543541377617,0.3421393511671499,-0.2329696156668484,2.7821922424249617,0.005571802520152484,1.0482724896564402,0.9490144415132162,0.0,0.0,1.0,0.0,0.0,1.0,0.0,1.0,0.0,0.0,1.0,1.0,0.0
0.26602326643611085,-0.8707362518049999,-0.1385009806910126,0.3777048885106987,-0.8173405696869884,0.48040065437043333,-1.1562515639233817,1.0,0.0,0.0,1.0,0.0,0.0,0.0,0.0,1.0,0.0,1.0,1.0,0.0
-0.020392183324071236,-3.084165811986347e-05,0.003606322810872401,1.980696457786874,-0.17729761352587883,-0.18060733613332383,-0.10361856120508274,0.0,1.0,0.0,1.0,0.0,0.0,0.0,0.0,1.0,1.0,0.0,1.0,0.0
2.175459598170658,-0.1493232537546507,1.783029519034728,-0.42379089612738885,1.0113535907733249,-0.1353328162358062,-0.10361856120508274,0.0,1.0,0.0,0.0,0.0,1.0,0.0,1.0,0.0,1.0,0.0,0.0,1.0
-0.21133581649752597,-0.5866798838226748,-0.35193037066663296,-0.42379089612738885,-0.7259058616639729,-0.8868898465345988,-0.10361856120508274,0.0,1.0,0.0,0.0,0.0,1.0,0.0,0.0,1.0,0.0,1.0,0.0,1.0
0.07507963326265613,0.9648590432342226,0.44863031830706734,1.1792006731487863,0.37131063461221514,1.2979291279484657,0.9490144415132162,0.0,1.0,0.0,0.0,0.0,1.0,0.0,1.0,0.0,0.0,1.0,1.0,0.0
-0.1635999082041623,1.7609182473328373,0.42642838819656764,-0.42379089612738885,0.9199188827503091,1.1349408563174022,2.0016474442315153,1.0,0.0,0.0,1.0,0.0,0.0,0.0,0.0,1.0,1.0,0.0,0.0,1.0
0.7911182576631114,-1.420312681569745,-0.12490255334142283,0.3777048885106987,-0.2687323215488945,-1.2891862947668267,-1.1562515639233817,0.0,0.0,1.0,1.0,0.0,0.0,0.0,1.0,0.0,1.0,0.0,1.0,0.0
-0.11586399991079861,-0.7990959332486111,-0.372406163572337,1.1792006731487863,-0.17729761352587883,-0.2957339724441544,-0.10361856120508274,1.0,0.0,0.0,0.0,0.0,0.0,1.0,0.0,1.0,0.0,1.0,0.0,1.0
0.31375917472947457,0.019507427039077124,0.2723128782345504,0.3777048885106987,-1.0002099857330198,1.056033835924586,-0.10361856120508274,0.0,1.0,0.0,1.0,0.0,0.0,0.0,1.0,0.0,0.0,1.0,1.0,0.0
-0.1635999082041623,0.5390249818850581,0.00534605164720169,1.980696457786874,-0.6344711536409572,0.0030778588794617965,-0.10361856120508274,0.0,1.0,0.0,1.0,0.0,0.0,0.0,0.0,1.0,1.0,0.0,1.0,0.0
0.8388541659564751,-0.3602363594346483,0.4980902654586489,-0.42379089612738885,0.5541800506582465,0.13502074543794193,-1.1562515639233817,0.0,0.0,1.0,0.0,0.0,1.0,0.0,1.0,0.0,0.0,1.0,1.0,0.0
-0.5454871745510718,-1.4443597815047566,-0.774310708027479,-1.2252866807654765,-0.5430364456179415,2.146502986599082,-1.1562515639233817,0.0,1.0,0.0,1.0,0.0,0.0,0.0,1.0,0.0,0.0,1.0,1.0,0.0
1.459420973770203,-1.0996846824362567,0.4405636849917436,0.3777048885106987,0.8284841747272934,-0.5169323410863118,-1.1562515639233817,0.0,0.0,1.0,0.0,0.0,1.0,0.0,1.0,0.0,0.0,1.0,1.0,0.0
-0.7364308077245265,0.3165893074861998,-0.6207456591425814,-1.2252866807654765,1.7428312549574503,2.5319831845836607,-0.10361856120508274,1.0,0.0,0.0,1.0,0.0,0.0,0.0,0.0,1.0,0.0,1.0,1.0,0.0
-0.30680763308425335,-1.090166038711981,-0.5815338021675025,-1.2252866807654765,0.4627453426352308,1.0366304702542213,-0.10361856120508274,1.0,0.0,0.0,0.0,1.0,0.0,0.0,1.0,0.0,0.0,1.0,0.0,1.0
-1.118318074071436,-1.7143886745249917,-1.0458783018890268,-1.2252866807654765,-1.0002099857330198,-0.4587222440752178,-1.1562515639233817,1.0,0.0,0.0,0.0,0.0,1.0,0.0,1.0,0.0,0.0,1.0,1.0,0.0
-0.9273744408979813,0.9117550308777385,-0.7256662587679269,-1.2252866807654765,-0.7259058616639729,0.05740728275648316,0.9490144415132162,1.0,0.0,0.0,0.0,0.0,1.0,0.0,1.0,0.0,1.0,0.0,0.0,1.0
-0.21133581649752597,0.31057753250244735,-0.12221141029772589,-0.42379089612738885,-0.6344711536409572,0.7455799851987508,-0.10361856120508274,1.0,0.0,0.0,0.0,0.0,1.0,0.0,0.0,1.0,1.0,0.0,0.0,1.0
-0.11586399991079861,-0.6432907649196815,-0.31494074544733397,2.7821922424249617,-0.36016702957191016,1.0211077777179296,-0.10361856120508274,0.0,1.0,0.0,0.0,0.0,0.0,1.0,0.0,1.0,1.0,0.0,0.0,1.0
0.5047028079029293,-0.9829560515017207,-0.07413780956259443,-0.42379089612738885,0.8284841747272934,0.5140331548657321,-1.1562515639233817,0.0,0.0,1.0,0.0,1.0,0.0,0.0,0.0,1.0,1.0,0.0,0.0,1.0
-0.4500153579643444,-1.7379347932113576,-0.8277326157711697,1.1792006731487863,-0.45160173759492583,1.3199196090415455,-1.1562515639233817,0.0,0.0,1.0,0.0,1.0,0.0,0.0,0.0,1.0,1.0,0.0,1.0,0.0
-0.7841667160178902,-0.10974573511161037,-0.7142017175691474,-0.42379089612738885,0.9199188827503091,0.9240909493661061,-1.1562515639233817,1.0,0.0,0.0,0.0,0.0,1.0,0.0,0.0,1.0,0.0,1.0,0.0,1.0
0.40923099131620194,0.7609596750352693,0.738764080843817,0.3777048885106987,0.005571802520152484,0.47910709665907575,0.9490144415132162,0.0,1.0,0.0,0.0,0.0,0.0,1.0,0.0,1.0,1.0,0.0,1.0,0.0
-0.7841667160178902,-0.008046541636457263,-0.6961384392606969,-0.42379089612738885,0.8284841747272934,-1.0046035982681445,-0.10361856120508274,1.0,0.0,0.0,0.0,0.0,1.0,0.0,1.0,0.0,0.0,1.0,0.0,1.0
1.7935723318237486,-1.5245167812881288,0.2708993485550329,-1.2252866807654765,0.27987592658919946,1.034043354831506,-1.1562515639233817,0.0,1.0,0.0,0.0,0.0,1.0,0.0,1.0,0.0,1.0,0.0,1.0,0.0
0.5524387161962929,-0.2770734721593999,0.35049873863286624,-0.42379089612738885,2.840047751233638,-1.2568473519828856,-0.10361856120508274,0.0,0.0,1.0,0.0,0.0,1.0,0.0,0.0,1.0,0.0,1.0,0.0,1.0
-1.0705821657780723,-0.5385856839526515,-0.973496068155653,-0.42379089612738885,1.8342659629804658,-1.0227134062271517,-1.1562515639233817,0.0,0.0,1.0,1.0,0.0,0.0,0.0,0.0,1.0,1.0,0.0,0.0,1.0
1.6503646069436575,-0.9869639014908895,0.6426712458996896,-0.42379089612738885,-0.8173405696869884,-0.6100684963040625,-1.1562515639233817,0.0,0.0,1.0,0.0,0.0,1.0,0.0,1.0,0.0,1.0,0.0,1.0,0.0
-0.7364308077245265,0.5961368442307108,-0.5628181255454284,0.3777048885106987,-0.9087752777100041,-0.7665889793783377,-0.10361856120508274,0.0,1.0,0.0,0.0,0.0,1.0,0.0,1.0,0.0,1.0,0.0,1.0,0.0
1.6503646069436575,0.368691357345392,1.7577151053029831,0.3777048885106987,-1.0002099857330198,2.440140587077267,-0.10361856120508274,0.0,0.0,1.0,1.0,0.0,0.0,0.0,1.0,0.0,1.0,0.0,1.0,0.0
1.55489279035693,0.6322074941332282,1.8921907076986264,1.1792006731487863,-0.5430364456179415,-1.423716296748022,0.9490144415132162,0.0,0.0,1.0,0.0,0.0,1.0,0.0,0.0,1.0,1.0,0.0,1.0,0.0
2.032251873290567,2.7473503259169605,4.408389066107952,0.3777048885106987,-1.0002099857330198,-0.6242976311289966,2.0016474442315153,0.0,1.0,0.0,1.0,0.0,0.0,0.0,0.0,1.0,0.0,1.0,1.0,0.0
1.0775337074232936,-0.6232515149738382,0.562066075088353,-1.2252866807654765,-0.45160173759492583,0.33681574840973466,-0.10361856120508274,0.0,1.0,0.0,0.0,0.0,1.0,0.0,0.0,1.0,1.0,0.0,1.0,0.0
1.7935723318237486,-0.7805596270487061,0.9296857289994267,-1.2252866807654765,-1.0002099857330198,-0.9864937903091376,-0.10361856120508274,0.0,1.0,0.0,0.0,1.0,0.0,0.0,0.0,1.0,1.0,0.0,1.0,0.0
-1.2137898906581635,1.3711548358861902,-1.0626231919386966,-1.2252866807654765,-0.5430364456179415,0.15183699568559111,2.0016474442315153,1.0,0.0,0.0,1.0,0.0,0.0,0.0,1.0,0.0,0.0,1.0,0.0,1.0
-0.9751103491913449,-0.18739782865175236,-0.8555275022578376,-0.42379089612738885,1.2856577148423718,0.059994398179198306,-1.1562515639233817,0.0,1.0,0.0,1.0,0.0,0.0,0.0,1.0,0.0,1.0,0.0,0.0,1.0
0.31375917472947457,0.2735049201026373,0.3952016147476098,0.3777048885106987,-0.9087752777100041,-1.537549375347495,-0.10361856120508274,1.0,0.0,0.0,0.0,0.0,1.0,0.0,0.0,1.0,1.0,0.0,1.0,0.0
-0.06812809161743492,-0.3772697218886151,-0.21749554316559108,0.3777048885106987,0.7370494667042777,-1.7574541862782946,-0.10361856120508274,1.0,0.0,0.0,0.0,1.0,0.0,0.0,0.0,1.0,1.0,0.0,0.0,1.0
2.032251873290567,0.9398099808019188,2.699934573937952,1.1792006731487863,0.5541800506582465,0.28895411308950153,0.9490144415132162,0.0,0.0,1.0,1.0,0.0,0.0,0.0,1.0,0.0,1.0,0.0,1.0,0.0
-1.0705821657780723,0.7865097187162194,-0.9199246524650903,1.1792006731487863,-0.8173405696869884,0.6627922916718614,0.9490144415132162,1.0,0.0,0.0,0.0,0.0,1.0,0.0,0.0,1.0,0.0,1.0,1.0,0.0
2.032251873290567,-0.475963027871892,1.3474788907176078,-1.2252866807654765,-0.08586290550286318,-0.14050704708123687,-1.1562515639233817,0.0,0.0,1.0,0.0,1.0,0.0,0.0,1.0,0.0,1.0,0.0,1.0,0.0
-1.0228462574847086,0.23743427020011987,-0.88373013769052,0.3777048885106987,0.6456147586812622,0.2397989200579112,-0.10361856120508274,0.0,1.0,0.0,1.0,0.0,0.0,0.0,0.0,1.0,0.0,1.0,1.0,0.0
-0.25907172479088963,0.5710877817984069,-0.06502462061916614,1.1792006731487863,1.1027882987963404,-0.3746409928369708,0.9490144415132162,1.0,0.0,0.0,0.0,0.0,1.0,0.0,1.0,0.0,1.0,0.0,1.0,0.0
-1.0705821657780723,-0.8181332206971618,-0.9994153094906533,-0.42379089612738885,0.37131063461221514,1.4091750911252234,-1.1562515639233817,0.0,1.0,0.0,1.0,0.0,0.0,0.0,1.0,0.0,1.0,0.0,0.0,1.0
0.12281554155601981,1.737372128646471,0.788570614599511,1.980696457786874,-0.2687323215488945,-0.981319559463707,0.9490144415132162,0.0,0.0,1.0,0.0,1.0,0.0,0.0,0.0,1.0,0.0,1.0,1.0,0.0
-0.9751103491913449,-0.2259733847975,-0.9156025136373347,1.1792006731487863,-0.36016702957191016,1.6368412483241688,-0.10361856120508274,0.0,0.0,1.0,0.0,0.0,1.0,0.0,0.0,1.0,1.0,0.0,0.0,1.0
1.0297977991299299,0.8336019560889505,1.4508704317953982,0.3777048885106987,-1.0002099857330198,0.4377132498956309,0.9490144415132162,0.0,0.0,1.0,0.0,1.0,0.0,0.0,0.0,1.0,1.0,0.0,1.0,0.0
-1.2137898906581635,2.3390506082704086,-1.0494936758770237,-0.42379089612738885,-0.8173405696869884,-0.9606226360819846,2.0016474442315153,1.0,0.0,0.0,1.0,0.0,0.0,0.0,0.0,1.0,1.0,0.0,0.0,1.0
1.7935723318237486,-0.5726524088605847,1.0912834321208136,0.3777048885106987,-0.9087752777100041,0.5606012324746072,-0.10361856120508274,0.0,1.0,0.0,0.0,0.0,1.0,0.0,1.0,0.0,1.0,0.0,0.0,1.0
1.6026286986502938,1.213345742562676,2.4331308469290094,1.980696457786874,-0.17729761352587883,1.0146399891611413,2.0016474442315153,0.0,0.0,1.0,1.0,0.0,0.0,0.0,0.0,1.0,0.0,1.0,0.0,1.0
-0.06812809161743492,0.5901250692469576,0.13844889925792905,0.3777048885106987,0.09700651054316815,0.2410924777692688,0.9490144415132162,0.0,1.0,0.0,0.0,1.0,0.0,0.0,0.0,1.0,0.0,1.0,0.0,1.0
-1.2137898906581635,-1.4097920753481776,-1.0809175279832222,-1.2252866807654765,0.005571802520152484,0.6420953682901391,-1.1562515639233817,1.0,0.0,0.0,0.0,0.0,1.0,0.0,1.0,0.0,0.0,1.0,1.0,0.0
-0.30680763308425335,1.3561253984268073,0.0735488586839249,-1.2252866807654765,-0.17729761352587883,0.9331458533456095,0.9490144415132162,0.0,1.0,0.0,0.0,0.0,1.0,0.0,1.0,0.0,0.0,1.0,1.0,0.0
-0.8796385326046176,1.0946131866335558,-0.6384351675838519,-1.2252866807654765,0.005571802520152484,-0.7691760948010529,0.9490144415132162,1.0,0.0,0.0,1.0,0.0,0.0,0.0,1.0,0.0,1.0,0.0,1.0,0.0
-0.5932230828444355,-0.17787918492747667,-0.5543029683894884,1.980696457786874,1.8342659629804658,-1.566007644997363,-0.10361856120508274,0.0,1.0,0.0,0.0,0.0,1.0,0.0,1.0,0.0,0.0,1.0,1.0,0.0
-0.8796385326046176,0.10617718305484845,-0.7713341407215719,-0.42379089612738885,-0.8173405696869884,1.5669891319108562,0.9490144415132162,1.0,0.0,0.0,1.0,0.0,0.0,0.0,1.0,0.0,0.0,1.0,1.0,0.0
-0.7364308077245265,-0.8552058330969715,-0.8170971640959535,1.1792006731487863,-0.8173405696869884,-1.9256166887547888,-0.10361856120508274,0.0,1.0,0.0,0.0,0.0,1.0,0.0,0.0,1.0,0.0,1.0,1.0,0.0
-0.8319026243112538,-0.2565332409649106,-0.7844432693359441,-0.42379089612738885,0.27987592658919946,0.1673596882218831,-0.10361856120508274,1.0,0.0,0.0,0.0,0.0,0.0,1.0,0.0,1.0,0.0,1.0,1.0,0.0
-0.020392183324071236,1.5505061229014852,0.549473428472266,-0.42379089612738885,-0.8173405696869884,-0.8053957107190671,2.0016474442315153,1.0,0.0,0.0,1.0,0.0,0.0,0.0,1.0,0.0,1.0,0.0,1.0,0.0
-0.6409589911377991,-0.9283490953992986,-0.7628053919340979,-0.42379089612738885,-0.5430364456179415,-1.6009337032040196,-1.1562515639233817,1.0,0.0,0.0,1.0,0.0,0.0,0.0,1.0,0.0,0.0,1.0,0.0,1.0
-1.0705821657780723,-0.792583177016212,-1.0296430980218754,1.980696457786874,2.5657436271645913,-0.21423983662862256,-1.1562515639233817,1.0,0.0,0.0,0.0,0.0,0.0,1.0,0.0,1.0,1.0,0.0,1.0,0.0
-1.0705821657780723,1.2173535925518444,-0.85411397257832,-1.2252866807654765,-0.45160173759492583,1.2022058573080001,0.9490144415132162,1.0,0.0,0.0,0.0,1.0,0.0,0.0,0.0,1.0,1.0,0.0,1.0,0.0
-0.5932230828444355,0.9924130119097566,-0.35439725179002174,0.3777048885106987,0.18844121856618382,-0.8532573460392999,0.9490144415132162,0.0,1.0,0.0,0.0,0.0,0.0,1.0,1.0,0.0,1.0,0.0,1.0,0.0
-0.354543541377617,-0.983958013999013,-0.5606570561315506,-0.42379089612738885,-0.6344711536409572,-0.4845933983023707,-0.10361856120508274,0.0,0.0,1.0,1.0,0.0,0.0,0.0,0.0,1.0,0.0,1.0,0.0,1.0
2.0799877815839305,-0.11525652884671718,1.7626148884709263,0.3777048885106987,-0.6344711536409572,0.9279716225001788,-1.1562515639233817,1.0,0.0,0.0,0.0,1.0,0.0,0.0,0.0,1.0,0.0,1.0,0.0,1.0
-0.354543541377617,-1.8726987490971518,-0.7965330255852795,-0.42379089612738885,-0.6344711536409572,0.4946297891953674,-1.1562515639233817,0.0,1.0,0.0,0.0,1.0,0.0,0.0,1.0,0.0,0.0,1.0,1.0,0.0
-0.1635999082041623,-1.2940654069109339,-0.5566543206448398,-0.42379089612738885,0.005571802520152484,1.9576435607408653,-1.1562515639233817,1.0,0.0,0.0,0.0,0.0,1.0,0.0,1.0,0.0,1.0,0.0,1.0,0.0
0.6001746244896566,0.045057470720026895,0.5811895006564417,0.3777048885106987,-0.7259058616639729,-1.6268048574311724,-1.1562515639233817,0.0,1.0,0.0,1.0,0.0,0.0,0.0,0.0,1.0,1.0,0.0,0.0,1.0
-1.118318074071436,0.7394174813434885,-0.9566084659748781,-0.42379089612738885,-0.36016702957191016,0.079397763849563,2.0016474442315153,0.0,1.0,0.0,0.0,0.0,1.0,0.0,0.0,1.0,1.0,0.0,0.0,1.0
-0.11586399991079861,0.6782977690086672,0.1404536649091678,0.3777048885106987,-1.0002099857330198,1.8645074055231148,-0.10361856120508274,1.0,0.0,0.0,0.0,0.0,1.0,0.0,1.0,0.0,0.0,1.0,1.0,0.0
1.8413082401171124,1.7784525910354496,3.1851218406165938,1.1792006731487863,-1.0002099857330198,-0.24528522170120615,2.0016474442315153,0.0,0.0,1.0,0.0,0.0,1.0,0.0,0.0,1.0,1.0,0.0,0.0,1.0
1.2684773405967482,-0.3241657095321309,0.8870148017989898,-0.42379089612738885,1.4685271308884031,-0.05642579584298986,-1.1562515639233817,0.0,0.0,1.0,0.0,1.0,0.0,0.0,0.0,1.0,0.0,1.0,1.0,0.0
-1.2137898906581635,-0.10724082886838014,-1.0689840754965256,0.3777048885106987,0.4627453426352308,-0.2504594525466368,-0.10361856120508274,1.0,0.0,0.0,0.0,0.0,0.0,1.0,1.0,0.0,1.0,0.0,1.0,0.0
0.9820618908365661,-1.3551851192457551,-0.013519132921744434,-0.42379089612738885,-0.6344711536409572,-0.35135695403253336,-1.1562515639233817,0.0,1.0,0.0,0.0,0.0,1.0,0.0,0.0,1.0,1.0,0.0,0.0,1.0
-0.4022794496709807,1.6867730225332178,0.05953588657255344,0.3777048885106987,-1.0002099857330198,-0.25563368339206743,0.9490144415132162,0.0,1.0,0.0,0.0,0.0,1.0,0.0,0.0,1.0,0.0,1.0,1.0,0.0
0.07507963326265613,-1.142268088571173,-0.3791476128131132,-0.42379089612738885,0.18844121856618382,-1.5103846634089844,-1.1562515639233817,0.0,1.0,0.0,1.0,0.0,0.0,0.0,0.0,1.0,1.0,0.0,1.0,0.0
-0.7841667160178902,0.157277270416748,-0.7178578664517459,0.3777048885106987,-0.17729761352587883,0.19193728473767807,0.9490144415132162,1.0,0.0,0.0,0.0,0.0,0.0,1.0,0.0,1.0,0.0,1.0,1.0,0.0
0.1705514498493835,0.858150037272608,0.4946379910490579,1.1792006731487863,-0.8173405696869884,-0.13015858539037556,-0.10361856120508274,1.0,0.0,0.0,0.0,0.0,1.0,0.0,0.0,1.0,0.0,1.0,1.0,0.0
-1.0705821657780723,1.1472162177413943,-0.8862242020769765,1.1792006731487863,-0.5430364456179415,-0.027967526193121785,2.0016474442315153,1.0,0.0,0.0,0.0,0.0,1.0,0.0,1.0,0.0,1.0,0.0,0.0,1.0
-0.354543541377617,-0.27406758466752335,-0.40735024824579563,2.7821922424249617,-0.9087752777100041,-0.6372332082425731,-0.10361856120508274,1.0,0.0,0.0,1.0,0.0,0.0,0.0,1.0,0.0,1.0,0.0,1.0,0.0
0.9343259825432024,0.30206085127546395,1.040912845656466,-0.42379089612738885,-0.7259058616639729,0.6071693100834828,0.9490144415132162,1.0,0.0,0.0,0.0,1.0,0.0,0.0,1.0,0.0,1.0,0.0,0.0,1.0
1.5071568820635666,0.8150656498890455,1.9997684712888346,-1.2252866807654765,0.5541800506582465,0.47393286581364513,0.9490144415132162,0.0,0.0,1.0,0.0,0.0,0.0,1.0,0.0,1.0,0.0,1.0,0.0,1.0
0.8865900742498387,-0.7820625707946444,0.33267331387625754,-0.42379089612738885,1.559961838911419,0.1828823807581747,-0.10361856120508274,0.0,0.0,1.0,0.0,0.0,1.0,0.0,0.0,1.0,1.0,0.0,1.0,0.0
0.7433823493697477,1.2073339675789228,1.3509583483902663,0.3777048885106987,-0.08586290550286318,1.1038954712448188,0.9490144415132162,0.0,1.0,0.0,1.0,0.0,0.0,0.0,0.0,1.0,0.0,1.0,1.0,0.0
-0.7364308077245265,0.9798884806936048,-0.5396240063329597,1.980696457786874,-0.17729761352587883,0.9732461423976965,-0.10361856120508274,1.0,0.0,0.0,0.0,0.0,0.0,1.0,0.0,1.0,0.0,1.0,1.0,0.0
-1.0228462574847086,0.7158713626571229,-0.8509946931413076,-1.2252866807654765,-0.8173405696869884,-0.9800260017523493,0.9490144415132162,0.0,1.0,0.0,1.0,0.0,0.0,0.0,1.0,0.0,1.0,0.0,1.0,0.0
0.31375917472947457,-1.229939807084236,-0.2741658508458654,0.3777048885106987,-0.6344711536409572,0.595527290681264,-1.1562515639233817,0.0,1.0,0.0,0.0,1.0,0.0,0.0,0.0,1.0,1.0,0.0,1.0,0.0
-1.1660539823647997,-0.03459854781469899,-1.0614407199952538,0.3777048885106987,0.6456147586812622,0.9693654692636238,-0.10361856120508274,1.0,0.0,0.0,0.0,0.0,1.0,0.0,0.0,1.0,0.0,1.0,1.0,0.0
1.745836423530385,-0.0741760664577393,1.4906803205579653,1.1792006731487863,-0.08586290550286318,0.017306993704395833,-0.10361856120508274,1.0,0.0,0.0,0.0,0.0,0.0,1.0,0.0,1.0,0.0,1.0,1.0,0.0
-0.30680763308425335,-0.16435269121403281,-0.28537894686126924,-0.42379089612738885,-0.17729761352587883,0.27343142055320996,-0.10361856120508274,1.0,0.0,0.0,0.0,0.0,1.0,0.0,1.0,0.0,0.0,1.0,0.0,1.0
-1.2137898906581635,-0.3617393031805866,-1.0405911572223696,-0.42379089612738885,-0.36016702957191016,0.5787110404336144,-0.10361856120508274,0.0,1.0,0.0,0.0,0.0,1.0,0.0,0.0,1.0,0.0,1.0,1.0,0.0
-1.2137898906581635,0.8681696622455296,-1.0694461909686754,-0.42379089612738885,1.194223006819356,-0.027967526193121785,0.9490144415132162,1.0,0.0,0.0,0.0,0.0,0.0,1.0,1.0,0.0,0.0,1.0,0.0,1.0
-0.30680763308425335,1.0815876741687582,0.03950861750746544,-1.2252866807654765,-0.2687323215488945,-0.27503704906243215,0.9490144415132162,1.0,0.0,0.0,0.0,0.0,1.0,0.0,0.0,1.0,0.0,1.0,0.0,1.0
0.2182873581427472,-1.128741594857729,-0.29605517343108717,-1.2252866807654765,-0.2687323215488945,1.0482724896564402,-0.10361856120508274,0.0,0.0,1.0,1.0,0.0,0.0,0.0,0.0,1.0,1.0,0.0,0.0,1.0
1.8413082401171124,-0.22647436604614635,1.4575371270627382,-1.2252866807654765,1.9257006710034816,-0.9968422519999988,-1.1562515639233817,0.0,0.0,1.0,0.0,0.0,1.0,0.0,0.0,1.0,0.0,1.0,0.0,1.0
-0.4500153579643444,-0.705913421000441,-0.5592843013466345,-0.42379089612738885,-0.36016702957191016,1.6083829786743007,-1.1562515639233817,1.0,0.0,0.0,1.0,0.0,0.0,0.0,0.0,1.0,0.0,1.0,1.0,0.0
1.745836423530385,-0.12327222882505458,1.4430416520319163,0.3777048885106987,1.194223006819356,-0.16120397046295912,-0.10361856120508274,0.0,0.0,1.0,1.0,0.0,0.0,0.0,0.0,1.0,1.0,0.0,1.0,0.0
-0.8796385326046176,0.743425331332657,-0.6931822594020904,-0.42379089612738885,2.2000047950725286,-0.5518583992929683,0.9490144415132162,1.0,0.0,0.0,0.0,0.0,1.0,0.0,0.0,1.0,1.0,0.0,1.0,0.0
-0.4022794496709807,2.569501982647604,0.27202745397234007,0.3777048885106987,0.5541800506582465,0.10268180265400077,2.0016474442315153,0.0,0.0,1.0,1.0,0.0,0.0,0.0,0.0,1.0,1.0,0.0,1.0,0.0
1.1252696157166573,0.7484351438191175,1.4743907501646787,0.3777048885106987,0.5541800506582465,0.39502584542082875,0.9490144415132162,0.0,0.0,1.0,0.0,1.0,0.0,0.0,0.0,1.0,0.0,1.0,1.0,0.0
-1.0228462574847086,-1.39927146912661,-1.0054364022601368,-1.2252866807654765,0.09700651054316815,0.9150360453866024,-1.1562515639233817,1.0,0.0,0.0,0.0,1.0,0.0,0.0,0.0,1.0,1.0,0.0,0.0,1.0
-1.2137898906581635,-1.8231016054811902,-1.0893987060603276,0.3777048885106987,-0.9087752777100041,-0.9593290783706269,-1.1562515639233817,1.0,0.0,0.0,0.0,0.0,1.0,0.0,0.0,1.0,0.0,1.0,1.0,0.0
0.9820618908365661,0.5555573630903785,1.2415728978060598,1.980696457786874,0.27987592658919946,0.5127395971543744,0.9490144415132162,0.0,0.0,1.0,1.0,0.0,0.0,0.0,0.0,1.0,1.0,0.0,1.0,0.0
1.9367800567038396,1.9628136905372051,3.5281134581883804,-1.2252866807654765,0.27987592658919946,0.9641912384181931,2.0016474442315153,0.0,0.0,1.0,0.0,0.0,1.0,0.0,0.0,1.0,0.0,1.0,0.0,1.0
1.2207414323033845,-1.2800379319488437,0.21388925008641282,-0.42379089612738885,-0.9087752777100041,0.8995133528503108,-1.1562515639233817,1.0,0.0,0.0,0.0,0.0,1.0,0.0,0.0,1.0,0.0,1.0,1.0,0.0
-0.7841667160178902,0.6121682441873848,-0.6427165315170061,2.7821922424249617,4.485872495647921,0.1298465145925113,0.9490144415132162,0.0,1.0,0.0,1.0,0.0,0.0,0.0,0.0,1.0,1.0,0.0,1.0,0.0
-1.0705821657780723,-0.33117944701317603,-0.9419430955498833,0.3777048885106987,-0.5430364456179415,-0.5764359958087637,-0.10361856120508274,1.0,0.0,0.0,1.0,0.0,0.0,0.0,0.0,1.0,0.0,1.0,0.0,1.0
0.8865900742498387,-1.7720015181192903,-0.25917428126405884,0.3777048885106987,-0.2687323215488945,0.2592022857282759,-1.1562515639233817,0.0,1.0,0.0,1.0,0.0,0.0,0.0,0.0,1.0,1.0,0.0,1.0,0.0
-0.9751103491913449,1.748894697365331,-0.7429548140789497,-1.2252866807654765,-0.9087752777100041,-0.7872859027600599,2.0016474442315153,1.0,0.0,0.0,0.0,0.0,1.0,0.0,1.0,0.0,0.0,1.0,0.0,1.0
-1.0705821657780723,0.6347124003764584,-0.9028059925482403,-1.2252866807654765,0.5541800506582465,-0.7070853246558859,0.9490144415132162,1.0,0.0,0.0,1.0,0.0,0.0,0.0,0.0,1.0,1.0,0.0,0.0,1.0
1.6026286986502938,0.2219038514920914,1.6214929782552436,1.1792006731487863,-0.36016702957191016,-0.5363357067566765,-0.10361856120508274,0.0,1.0,0.0,0.0,0.0,1.0,0.0,0.0,1.0,0.0,1.0,1.0,0.0
-0.7841667160178902,-0.7359722959192053,-0.8067199534198797,-1.2252866807654765,1.4685271308884031,1.3807168214753553,-1.1562515639233817,1.0,0.0,0.0,0.0,1.0,0.0,0.0,1.0,0.0,0.0,1.0,0.0,1.0
0.12281554155601981,0.5179837694419228,0.34406310110160127,1.980696457786874,-0.08586290550286318,1.5372373045496301,-0.10361856120508274,0.0,0.0,1.0,0.0,0.0,1.0,0.0,0.0,1.0,1.0,0.0,0.0,1.0
0.07507963326265613,-0.5586249338984944,-0.10136864334060848,-0.42379089612738885,1.0113535907733249,0.3807967105958947,-0.10361856120508274,0.0,1.0,0.0,0.0,0.0,1.0,0.0,0.0,1.0,1.0,0.0,1.0,0.0
-0.4977512662577081,0.12922232049256763,-0.4275610043365902,0.3777048885106987,-0.7259058616639729,-0.7316629211716812,0.9490144415132162,1.0,0.0,0.0,0.0,1.0,0.0,0.0,0.0,1.0,1.0,0.0,1.0,0.0
0.027343724969292445,-0.32366472828348497,-0.07059039373226664,1.1792006731487863,0.18844121856618382,0.22815690065569233,-1.1562515639233817,1.0,0.0,0.0,0.0,0.0,0.0,1.0,1.0,0.0,1.0,0.0,1.0,0.0
-0.06812809161743492,0.6211859066630145,0.15325018599826212,-1.2252866807654765,0.4627453426352308,-1.9256166887547888,-0.10361856120508274,1.0,0.0,0.0,0.0,0.0,1.0,0.0,1.0,0.0,1.0,0.0,1.0,0.0
0.8388541659564751,1.3551234359295155,1.5564502255501342,-1.2252866807654765,-0.45160173759492583,-1.8712872648777676,2.0016474442315153,0.0,0.0,1.0,1.0,0.0,0.0,0.0,1.0,0.0,1.0,0.0,0.0,1.0
1.2207414323033845,2.199276839898154,2.633532658079461,0.3777048885106987,-0.7259058616639729,-0.6708657087378719,2.0016474442315153,0.0,1.0,0.0,0.0,0.0,0.0,1.0,0.0,1.0,1.0,0.0,1.0,0.0
0.3614950830228382,1.1712633176764053,0.8721795359798222,-1.2252866807654765,0.37131063461221514,-1.639740434544749,0.9490144415132162,1.0,0.0,0.0,1.0,0.0,0.0,0.0,1.0,0.0,0.0,1.0,1.0,0.0
-0.25907172479088963,0.4568640571071016,-0.10415492780504211,0.3777048885106987,-0.5430364456179415,1.8282877896051006,0.9490144415132162,0.0,1.0,0.0,0.0,0.0,1.0,0.0,1.0,0.0,1.0,0.0,1.0,0.0
0.2182873581427472,-0.542092552693174,-0.05000586777429194,-0.42379089612738885,-0.9087752777100041,-0.6863884012741637,-1.1562515639233817,0.0,1.0,0.0,0.0,0.0,0.0,1.0,1.0,0.0,1.0,0.0,0.0,1.0
1.6026286986502938,1.852597815835069,2.973010838899754,0.3777048885106987,-0.36016702957191016,-0.94121927041162,2.0016474442315153,0.0,0.0,1.0,1.0,0.0,0.0,0.0,1.0,0.0,1.0,0.0,1.0,0.0
2.0799877815839305,-1.8641820678701684,0.0832668752306082,-0.42379089612738885,-0.2687323215488945,-1.9256166887547888,-1.1562515639233817,1.0,0.0,0.0,0.0,1.0,0.0,0.0,0.0,1.0,1.0,0.0,0.0,1.0
0.26602326643611085,0.9062442371426317,0.6412916952990064,0.3777048885106987,2.4743089191415755,2.19695173734203,0.9490144415132162,0.0,1.0,0.0,0.0,0.0,0.0,1.0,0.0,1.0,1.0,0.0,1.0,0.0
-0.5932230828444355,1.393698992075263,-0.23916739964627154,-1.2252866807654765,1.0113535907733249,0.14536920712880289,2.0016474442315153,1.0,0.0,0.0,0.0,0.0,1.0,0.0,1.0,0.0,0.0,1.0,1.0,0.0
-1.0228462574847086,-0.33067846576453,-0.948868031816366,-0.42379089612738885,0.005571802520152484,1.209967203576146,-0.10361856120508274,1.0,0.0,0.0,1.0,0.0,0.0,0.0,0.0,1.0,0.0,1.0,1.0,0.0
2.175459598170658,1.327068486005335,3.2579865772694183,-0.42379089612738885,-0.6344711536409572,-0.1198101236995146,2.0016474442315153,0.0,0.0,1.0,0.0,0.0,0.0,1.0,1.0,0.0,0.0,1.0,1.0,0.0
-0.354543541377617,-0.024077941593131705,-0.33335740617566406,-0.42379089612738885,-0.45160173759492583,1.7791325965735099,-0.10361856120508274,1.0,0.0,0.0,0.0,1.0,0.0,0.0,0.0,1.0,0.0,1.0,0.0,1.0
0.6956464410763841,-0.7685360770812005,0.17620645165888893,0.3777048885106987,-0.08586290550286318,-0.03572887246126759,-1.1562515639233817,0.0,1.0,0.0,1.0,0.0,0.0,0.0,0.0,1.0,0.0,1.0,0.0,1.0
0.1705514498493835,1.4277657169831965,0.7267015078575492,1.1792006731487863,-0.9087752777100041,0.21651488125347343,2.0016474442315153,1.0,0.0,0.0,0.0,0.0,1.0,0.0,1.0,0.0,0.0,1.0,0.0,1.0
0.12281554155601981,-0.7449899583948346,-0.20889883622044805,-1.2252866807654765,0.37131063461221514,-1.766509090257798,-0.10361856120508274,1.0,0.0,0.0,1.0,0.0,0.0,0.0,1.0,0.0,1.0,0.0,0.0,1.0
0.2182873581427472,-0.7865714020324592,-0.13445067449393336,-1.2252866807654765,-0.6344711536409572,-1.2633151405396739,-1.1562515639233817,1.0,0.0,0.0,0.0,0.0,1.0,0.0,0.0,1.0,0.0,1.0,1.0,0.0
1.745836423530385,0.2970510387890028,1.7968929831992277,-0.42379089612738885,-0.45160173759492583,1.762316346325861,-0.10361856120508274,0.0,0.0,1.0,0.0,0.0,1.0,0.0,1.0,0.0,1.0,0.0,1.0,0.0
-0.4977512662577081,0.12571545175204546,-0.3943158736048595,-0.42379089612738885,-0.36016702957191016,0.13760786086065707,-0.10361856120508274,1.0,0.0,0.0,0.0,1.0,0.0,0.0,1.0,0.0,1.0,0.0,0.0,1.0
-1.0228462574847086,-0.3046274408349339,-0.9354802747555506,-1.2252866807654765,-0.6344711536409572,0.012132762858965541,-0.10361856120508274,1.0,0.0,0.0,0.0,1.0,0.0,0.0,1.0,0.0,1.0,0.0,1.0,0.0
0.40923099131620194,0.732904725111089,0.7365214616407364,-0.42379089612738885,-1.0002099857330198,0.9447878727478284,0.9490144415132162,1.0,0.0,0.0,0.0,0.0,0.0,1.0,1.0,0.0,0.0,1.0,1.0,0.0
1.316213248890112,-0.05062994777137343,1.1566591797985017,1.1792006731487863,-1.0002099857330198,-0.9890809057318527,-0.10361856120508274,0.0,1.0,0.0,0.0,1.0,0.0,0.0,0.0,1.0,1.0,0.0,0.0,1.0
1.1730055240100208,-0.7880743457783975,0.5038055465186213,-0.42379089612738885,1.3770924228653874,0.4946297891953674,-1.1562515639233817,0.0,0.0,1.0,0.0,1.0,0.0,0.0,0.0,1.0,1.0,0.0,0.0,1.0
-0.1635999082041623,-0.2825842658945067,-0.23337736461286301,0.3777048885106987,-0.9087752777100041,1.143995760296906,-0.10361856120508274,1.0,0.0,0.0,0.0,1.0,0.0,0.0,1.0,0.0,1.0,0.0,1.0,0.0
-1.2137898906581635,1.556016916636592,-1.0601155359207062,-0.42379089612738885,0.27987592658919946,2.072770197051696,0.9490144415132162,1.0,0.0,0.0,1.0,0.0,0.0,0.0,1.0,0.0,1.0,0.0,1.0,0.0
-1.2137898906581635,1.0825896366660501,-1.0659531416644832,1.980696457786874,1.9257006710034816,0.8878713334480919,-0.10361856120508274,1.0,0.0,0.0,1.0,0.0,0.0,0.0,0.0,1.0,0.0,1.0,0.0,1.0
-1.0228462574847086,0.7439263125813026,-0.829791747948544,-1.2252866807654765,0.8284841747272934,-1.6151628380289536,0.9490144415132162,1.0,0.0,0.0,0.0,0.0,0.0,1.0,0.0,1.0,1.0,0.0,0.0,1.0
2.0799877815839305,-0.054136816511895974,1.823009303191468,-0.42379089612738885,-0.5430364456179415,0.595527290681264,-1.1562515639233817,0.0,0.0,1.0,0.0,1.0,0.0,0.0,1.0,0.0,0.0,1.0,1.0,0.0
-0.30680763308425335,-0.27356660341887734,-0.3630823043401345,0.3777048885106987,-0.7259058616639729,-0.33195358836216865,-1.1562515639233817,1.0,0.0,0.0,1.0,0.0,0.0,0.0,0.0,1.0,1.0,0.0,0.0,1.0
1.8890441484104759,-0.4494110216936499,1.260050720876292,-1.2252866807654765,-0.6344711536409572,1.018520662295214,-1.1562515639233817,0.0,0.0,1.0,0.0,0.0,1.0,0.0,0.0,1.0,0.0,1.0,0.0,1.0
1.0775337074232936,2.08355017146091,2.3521315188031924,0.3777048885106987,-0.8173405696869884,-0.5415099376021072,2.0016474442315153,0.0,1.0,0.0,0.0,1.0,0.0,0.0,1.0,0.0,1.0,0.0,1.0,0.0
-0.8796385326046176,-0.7039094960058564,-0.8509199391678717,-0.42379089612738885,0.005571802520152484,-1.109381772888114,-0.10361856120508274,1.0,0.0,0.0,0.0,0.0,1.0,0.0,1.0,0.0,0.0,1.0,0.0,1.0
-0.9273744408979813,-1.347169419267418,-0.9660070791805166,-0.42379089612738885,3.480090707394748,0.8154321016120638,-1.1562515639233817,1.0,0.0,0.0,0.0,0.0,1.0,0.0,0.0,1.0,1.0,0.0,1.0,0.0
0.2182873581427472,-0.9533981578316024,-0.23544329260600408,-0.42379089612738885,2.7486130432106224,0.036710359374760526,-1.1562515639233817,1.0,0.0,0.0,1.0,0.0,0.0,0.0,0.0,1.0,1.0,0.0,0.0,1.0
-0.9751103491913449,0.37119626358862223,-0.8181437197240577,-1.2252866807654765,0.005571802520152484,-1.1572434082083467,-0.10361856120508274,1.0,0.0,0.0,1.0,0.0,0.0,0.0,0.0,1.0,0.0,1.0,0.0,1.0
-0.8319026243112538,0.5044572757284782,-0.6882077222607113,1.980696457786874,-0.7259058616639729,0.2954219016462898,-0.10361856120508274,1.0,0.0,0.0,0.0,0.0,1.0,0.0,1.0,0.0,1.0,0.0,1.0,0.0
0.027343724969292445,-0.5656386713795395,-0.16094076435335414,-1.2252866807654765,2.3828742111185597,0.4390068076069888,-0.10361856120508274,0.0,1.0,0.0,0.0,0.0,1.0,0.0,0.0,1.0,0.0,1.0,1.0,0.0
1.55489279035693,0.16278806415185482,1.5000517505005362,-0.42379089612738885,-1.0002099857330198,-0.23364320229898725,-0.10361856120508274,0.0,0.0,1.0,0.0,0.0,1.0,0.0,0.0,1.0,1.0,0.0,0.0,1.0
-1.2137898906581635,-1.6342316747416195,-1.1033912907243981,0.3777048885106987,1.6513965469344345,0.8231934478802095,-1.1562515639233817,1.0,0.0,0.0,1.0,0.0,0.0,0.0,0.0,1.0,1.0,0.0,1.0,0.0
-0.11586399991079861,-0.6367780086872824,-0.3068741121320102,1.1792006731487863,-0.2687323215488945,-1.9256166887547888,0.9490144415132162,1.0,0.0,0.0,0.0,0.0,1.0,0.0,1.0,0.0,0.0,1.0,0.0,1.0
-0.354543541377617,0.24444800768116495,-0.30895363175668505,-0.42379089612738885,2.4743089191415755,-1.9256166887547888,-0.10361856120508274,1.0,0.0,0.0,1.0,0.0,0.0,0.0,0.0,1.0,1.0,0.0,1.0,0.0
-0.8796385326046176,0.8877079309427266,-0.7053875445194634,0.3777048885106987,-0.36016702957191016,-0.06418714211113566,0.9490144415132162,1.0,0.0,0.0,0.0,1.0,0.0,0.0,0.0,1.0,0.0,1.0,1.0,0.0
-0.11586399991079861,-0.024578922841777682,-0.0966387555668381,1.980696457786874,-1.0002099857330198,-0.08747118091557345,-0.10361856120508274,0.0,1.0,0.0,0.0,0.0,1.0,0.0,0.0,1.0,0.0,1.0,1.0,0.0
0.07507963326265613,1.1121475303361688,0.4911177584817976,0.3777048885106987,-0.6344711536409572,-1.7587477439896522,0.9490144415132162,0.0,1.0,0.0,0.0,0.0,1.0,0.0,1.0,0.0,1.0,0.0,0.0,1.0
-1.2137898906581635,0.4688876070746072,-1.0683384729986691,1.1792006731487863,3.388655999371732,2.6432291477604175,-0.10361856120508274,1.0,0.0,0.0,0.0,0.0,1.0,0.0,1.0,0.0,1.0,0.0,1.0,0.0
0.5524387161962929,0.15627530791945604,0.5643018984756668,-1.2252866807654765,-0.17729761352587883,-0.6372332082425731,0.9490144415132162,0.0,0.0,1.0,1.0,0.0,0.0,0.0,0.0,1.0,0.0,1.0,1.0,0.0
-1.118318074071436,-0.11976536008453204,-1.0120895058959432,-1.2252866807654765,-0.36016702957191016,0.6058757523721249,-0.10361856120508274,1.0,0.0,0.0,1.0,0.0,0.0,0.0,0.0,1.0,1.0,0.0,0.0,1.0
1.6981005152370212,-0.7990959332486111,0.861917854171786,1.980696457786874,0.09700651054316815,2.19695173734203,-0.10361856120508274,0.0,1.0,0.0,0.0,0.0,1.0,0.0,0.0,1.0,1.0,0.0,1.0,0.0
2.032251873290567,1.1477171989900399,2.88987082880736,-1.2252866807654765,-0.9087752777100041,2.062421735360835,0.9490144415132162,0.0,0.0,1.0,0.0,0.0,1.0,0.0,0.0,1.0,1.0,0.0,1.0,0.0
1.5071568820635666,0.6657732377925153,1.8457413069317867,1.1792006731487863,-0.9087752777100041,-1.6410339922561066,-0.10361856120508274,0.0,0.0,1.0,0.0,1.0,0.0,0.0,0.0,1.0,0.0,1.0,0.0,1.0
-1.0228462574847086,1.7704368910571127,-0.7598831911543261,-0.42379089612738885,-0.45160173759492583,1.370368359784494,0.9490144415132162,0.0,0.0,1.0,1.0,0.0,0.0,0.0,1.0,0.0,1.0,0.0,0.0,1.0
-1.0228462574847086,0.044556489471380925,-0.922636182956088,-0.42379089612738885,-0.6344711536409572,-1.7328765897624994,-0.10361856120508274,1.0,0.0,0.0,0.0,0.0,0.0,1.0,1.0,0.0,0.0,1.0,1.0,0.0
-1.0228462574847086,-0.33568827825099085,-0.9531086208549188,1.1792006731487863,-0.6344711536409572,-0.24140454856713342,-0.10361856120508274,1.0,0.0,0.0,0.0,0.0,1.0,0.0,0.0,1.0,1.0,0.0,0.0,1.0
2.175459598170658,-1.0791444512417674,0.911105968692691,-0.42379089612738885,1.559961838911419,-1.3810288922732197,-1.1562515639233817,0.0,1.0,0.0,0.0,0.0,0.0,1.0,0.0,1.0,0.0,1.0,1.0,0.0
-0.8796385326046176,1.6056140602525533,-0.6140178015333392,-0.42379089612738885,-0.9087752777100041,-1.7354637051852149,2.0016474442315153,1.0,0.0,0.0,0.0,1.0,0.0,0.0,0.0,1.0,1.0,0.0,1.0,0.0
-0.1635999082041623,0.0961575580819268,-0.14210955886324253,-0.42379089612738885,-0.9087752777100041,0.04576526335426427,-0.10361856120508274,0.0,1.0,0.0,0.0,0.0,1.0,0.0,1.0,0.0,1.0,0.0,1.0,0.0
-1.118318074071436,-0.7875733645297511,-1.0248180688273683,0.3777048885106987,-0.7259058616639729,-1.8273063026916077,-0.10361856120508274,1.0,0.0,0.0,1.0,0.0,0.0,0.0,0.0,1.0,1.0,0.0,1.0,0.0
-0.020392183324071236,-0.6548133336385411,-0.2497824638741873,-0.42379089612738885,-0.9087752777100041,-1.9256166887547888,-1.1562515639233817,0.0,1.0,0.0,1.0,0.0,0.0,0.0,0.0,1.0,0.0,1.0,1.0,0.0
-0.06812809161743492,-0.4393913967207286,-0.19305099385201063,-0.42379089612738885,1.9257006710034816,-1.0123649445362906,-1.1562515639233817,1.0,0.0,0.0,0.0,1.0,0.0,0.0,1.0,0.0,0.0,1.0,1.0,0.0
-1.0705821657780723,0.5415298881282883,-0.9116745321240597,-1.2252866807654765,0.37131063461221514,-1.9256166887547888,-0.10361856120508274,1.0,0.0,0.0,0.0,0.0,1.0,0.0,1.0,0.0,0.0,1.0,1.0,0.0
-0.9751103491913449,-1.4508725377371559,-1.0110021753732372,1.1792006731487863,-0.5430364456179415,-0.8260926341007894,-1.1562515639233817,1.0,0.0,0.0,0.0,0.0,1.0,0.0,0.0,1.0,1.0,0.0,0.0,1.0
0.7911182576631114,-0.1282820413115154,0.6316416369099923,-0.42379089612738885,-0.8173405696869884,1.4272848990842302,-0.10361856120508274,0.0,0.0,1.0,0.0,0.0,0.0,1.0,0.0,1.0,1.0,0.0,1.0,0.0
-0.9751103491913449,0.4754003633070059,-0.811531390982853,0.3777048885106987,-0.08586290550286318,0.47651998123636025,-0.10361856120508274,1.0,0.0,0.0,0.0,0.0,0.0,1.0,1.0,0.0,0.0,1.0,1.0,0.0
1.8413082401171124,-0.5761592776011072,1.11089615642412,-1.2252866807654765,-1.0002099857330198,0.598114406103979,-0.10361856120508274,0.0,0.0,1.0,1.0,0.0,0.0,0.0,0.0,1.0,0.0,1.0,1.0,0.0
-1.0228462574847086,0.2820216013296207,-0.8989663566399355,0.3777048885106987,-0.08586290550286318,-0.6023071500359166,-0.10361856120508274,1.0,0.0,0.0,0.0,1.0,0.0,0.0,0.0,1.0,1.0,0.0,1.0,0.0
0.9820618908365661,-0.8291548081673754,0.348446402271259,1.1792006731487863,-0.5430364456179415,-0.15602973961752847,-1.1562515639233817,1.0,0.0,0.0,1.0,0.0,0.0,0.0,1.0,0.0,1.0,0.0,0.0,1.0
0.027343724969292445,-0.09321335390628996,-0.034572570167636055,0.3777048885106987,-0.17729761352587883,-1.3163510067053374,-0.10361856120508274,1.0,0.0,0.0,1.0,0.0,0.0,0.0,0.0,1.0,1.0,0.0,1.0,0.0
0.40923099131620194,0.7900165874567416,0.7496985484127775,-1.2252866807654765,2.5657436271645913,0.7416993120646778,-0.10361856120508274,0.0,1.0,0.0,0.0,0.0,1.0,0.0,1.0,0.0,1.0,0.0,0.0,1.0
-0.11586399991079861,0.27100001385940703,-0.0336823183021707,-0.42379089612738885,0.5541800506582465,0.24626670861469943,-0.10361856120508274,1.0,0.0,0.0,1.0,0.0,0.0,0.0,0.0,1.0,1.0,0.0,0.0,1.0
-0.7364308077245265,-0.6938898710329351,-0.7492953101894779,0.3777048885106987,-1.0002099857330198,0.3562191140800994,-0.10361856120508274,1.0,0.0,0.0,0.0,0.0,1.0,0.0,0.0,1.0,1.0,0.0,0.0,1.0
-0.8319026243112538,-0.6843712273086597,-0.8180281908560202,1.980696457786874,0.18844121856618382,0.4933362314840098,-0.10361856120508274,1.0,0.0,0.0,1.0,0.0,0.0,0.0,0.0,1.0,1.0,0.0,0.0,1.0
-0.6409589911377991,0.48291508203669736,-0.5144387131007859,-1.2252866807654765,-0.6344711536409572,0.019894109127111346,-0.10361856120508274,0.0,0.0,1.0,1.0,0.0,0.0,0.0,0.0,1.0,1.0,0.0,0.0,1.0
1.5071568820635666,-0.11225064135484097,1.2409816618343388,1.1792006731487863,-0.2687323215488945,-1.4806328360477583,-0.10361856120508274,0.0,0.0,1.0,0.0,1.0,0.0,0.0,1.0,0.0,1.0,0.0,0.0,1.0
-0.4977512662577081,-1.492954962623426,-0.7749902896041702,-1.2252866807654765,-0.45160173759492583,-0.09781964260643439,-0.10361856120508274,0.0,1.0,0.0,0.0,0.0,1.0,0.0,1.0,0.0,1.0,0.0,1.0,0.0
-1.2137898906581635,1.3491116609457623,-1.0629222078324407,-0.42379089612738885,3.388655999371732,-1.9256166887547888,0.9490144415132162,1.0,0.0,0.0,0.0,1.0,0.0,0.0,0.0,1.0,0.0,1.0,1.0,0.0
-1.2137898906581635,1.4012137108049545,-1.0543934590449668,-0.42379089612738885,-1.0002099857330198,2.05983461993812,2.0016474442315153,1.0,0.0,0.0,0.0,0.0,1.0,0.0,1.0,0.0,1.0,0.0,1.0,0.0
-1.0228462574847086,-0.43638550922885205,-0.8939578404197217,-0.42379089612738885,1.194223006819356,-0.06160002668842052,-1.1562515639233817,1.0,0.0,0.0,0.0,1.0,0.0,0.0,0.0,1.0,1.0,0.0,1.0,0.0
-0.8319026243112538,0.396245326020926,-0.693678353953075,0.3777048885106987,1.1027882987963404,1.0081722006043532,-0.10361856120508274,1.0,0.0,0.0,1.0,0.0,0.0,0.0,0.0,1.0,0.0,1.0,1.0,0.0
1.2684773405967482,0.12120662051423059,1.2620622823432979,-0.42379089612738885,1.6513965469344345,-0.8390282112143659,-0.10361856120508274,0.0,1.0,0.0,0.0,0.0,0.0,1.0,0.0,1.0,1.0,0.0,1.0,0.0
1.1730055240100208,-1.613190462298484,-0.07698525636893035,0.3777048885106987,0.005571802520152484,-1.9256166887547888,-0.10361856120508274,1.0,0.0,0.0,1.0,0.0,0.0,0.0,1.0,0.0,1.0,0.0,0.0,1.0
-1.2137898906581635,-0.21845866606780895,-1.0702073223345696,-1.2252866807654765,-0.8173405696869884,0.580004598144972,-0.10361856120508274,1.0,0.0,0.0,0.0,0.0,1.0,0.0,0.0,1.0,0.0,1.0,0.0,1.0
2.0799877815839305,1.4342784732155953,3.208662546433175,1.980696457786874,-0.9087752777100041,-1.9256166887547888,0.9490144415132162,1.0,0.0,0.0,0.0,0.0,1.0,0.0,1.0,0.0,1.0,0.0,0.0,1.0
-1.118318074071436,-1.1006866449335486,-1.0562759000124013,-0.42379089612738885,0.5541800506582465,0.14924988026287597,-1.1562515639233817,1.0,0.0,0.0,0.0,0.0,1.0,0.0,1.0,0.0,1.0,0.0,0.0,1.0
-1.118318074071436,0.7925214936999719,-0.9966833915523549,1.980696457786874,-0.45160173759492583,1.1750411453694893,0.9490144415132162,1.0,0.0,0.0,0.0,1.0,0.0,0.0,1.0,0.0,0.0,1.0,1.0,0.0
-0.9751103491913449,-0.8326616769078979,-0.9774512329319955,0.3777048885106987,-0.9087752777100041,0.7158281578375248,-1.1562515639233817,1.0,0.0,0.0,0.0,0.0,1.0,0.0,1.0,0.0,1.0,0.0,0.0,1.0
0.4569668996095656,-0.3682520594129857,0.20491197745832282,1.980696457786874,0.5541800506582465,0.7326444080851744,-0.10361856120508274,0.0,0.0,1.0,0.0,1.0,0.0,0.0,0.0,1.0,1.0,0.0,1.0,0.0
-0.30680763308425335,0.19986067655166417,-0.22453600830011125,-1.2252866807654765,-0.7259058616639729,1.7700776925940065,-0.10361856120508274,0.0,1.0,0.0,0.0,1.0,0.0,0.0,1.0,0.0,1.0,0.0,0.0,1.0
0.027343724969292445,1.4558206669073768,0.5601428592263171,0.3777048885106987,-0.45160173759492583,1.0224013354292871,0.9490144415132162,0.0,1.0,0.0,1.0,0.0,0.0,0.0,0.0,1.0,0.0,1.0,1.0,0.0
1.5071568820635666,1.4618324418911293,2.503263665643535,1.1792006731487863,0.005571802520152484,0.27343142055320996,2.0016474442315153,0.0,0.0,1.0,0.0,0.0,1.0,0.0,0.0,1.0,1.0,0.0,1.0,0.0
-1.118318074071436,-1.2710202694732144,-1.060659201182059,-1.2252866807654765,-0.8173405696869884,-0.5803166689428366,-0.10361856120508274,1.0,0.0,0.0,0.0,1.0,0.0,0.0,0.0,1.0,1.0,0.0,0.0,1.0
2.032251873290567,1.2874909673622954,2.9951855857471865,-1.2252866807654765,-1.0002099857330198,-0.6307654196857848,0.9490144415132162,0.0,0.0,1.0,0.0,1.0,0.0,0.0,1.0,0.0,1.0,0.0,1.0,0.0
1.8413082401171124,1.1602417302061918,2.665452604736644,-1.2252866807654765,0.9199188827503091,-0.7769374410691988,0.9490144415132162,0.0,0.0,1.0,0.0,0.0,1.0,0.0,1.0,0.0,1.0,0.0,0.0,1.0
0.3614950830228382,-0.39831093433175035,0.14854748148755936,-0.42379089612738885,-0.17729761352587883,-0.666985035603799,-0.10361856120508274,0.0,1.0,0.0,1.0,0.0,0.0,0.0,0.0,1.0,1.0,0.0,1.0,0.0
-1.1660539823647997,-0.13228989130068394,-1.0638464387767406,0.3777048885106987,-0.5430364456179415,-0.5389228221793919,-0.10361856120508274,1.0,0.0,0.0,0.0,0.0,1.0,0.0,0.0,1.0,1.0,0.0,1.0,0.0
-1.0228462574847086,0.704348793938263,-0.8872911451523816,0.3777048885106987,-0.17729761352587883,-0.1922493555355427,0.9490144415132162,1.0,0.0,0.0,0.0,0.0,0.0,1.0,0.0,1.0,1.0,0.0,1.0,0.0
-0.020392183324071236,-1.1723269634899374,-0.42355147303411245,-0.42379089612738885,-0.17729761352587883,-1.9256166887547888,-1.1562515639233817,1.0,0.0,0.0,0.0,0.0,1.0,0.0,1.0,0.0,1.0,0.0,0.0,1.0
1.2207414323033845,0.5270014319175518,1.4391340579659422,1.1792006731487863,0.5541800506582465,-0.955448405236554,0.9490144415132162,0.0,0.0,1.0,0.0,0.0,1.0,0.0,0.0,1.0,0.0,1.0,1.0,0.0
0.1705514498493835,-1.214910369624854,-0.3069896410000476,1.1792006731487863,-0.9087752777100041,0.9486685458819011,-0.10361856120508274,0.0,1.0,0.0,0.0,1.0,0.0,0.0,0.0,1.0,1.0,0.0,1.0,0.0
-0.21133581649752597,-0.20593413485165704,-0.274729903554519,-0.42379089612738885,-0.5430364456179415,-1.313763891282622,-1.1562515639233817,0.0,1.0,0.0,1.0,0.0,0.0,0.0,1.0,0.0,1.0,0.0,1.0,0.0
-0.7841667160178902,1.8756429532727883,-0.4605682815164791,-1.2252866807654765,-1.0002099857330198,1.0249884508520024,2.0016474442315153,0.0,1.0,0.0,0.0,0.0,1.0,0.0,0.0,1.0,1.0,0.0,1.0,0.0
-0.9751103491913449,1.1427073865035795,-0.7885343504276248,-0.42379089612738885,0.37131063461221514,0.598114406103979,0.9490144415132162,0.0,1.0,0.0,0.0,0.0,1.0,0.0,1.0,0.0,1.0,0.0,1.0,0.0
0.1705514498493835,2.590042213842093,1.1937915171489057,-1.2252866807654765,-0.7259058616639729,-0.21035916349454983,2.0016474442315153,1.0,0.0,0.0,1.0,0.0,0.0,0.0,1.0,0.0,0.0,1.0,1.0,0.0
-0.354543541377617,-1.0090070764313168,-0.6001271541057721,0.3777048885106987,2.1085700870495128,0.8581195060868659,-1.1562515639233817,0.0,1.0,0.0,0.0,1.0,0.0,0.0,1.0,0.0,1.0,0.0,1.0,0.0
0.26602326643611085,-0.8231430331836226,-0.11353315356338001,-1.2252866807654765,0.27987592658919946,-0.7368371520171118,-0.10361856120508274,0.0,1.0,0.0,0.0,0.0,0.0,1.0,0.0,1.0,1.0,0.0,0.0,1.0
0.027343724969292445,0.970870818217975,0.3649126638744854,-0.42379089612738885,1.3770924228653874,-1.1029139843313258,0.9490144415132162,1.0,0.0,0.0,0.0,0.0,1.0,0.0,1.0,0.0,1.0,0.0,1.0,0.0
2.0799877815839305,-0.9108147516966859,0.9928120616582672,1.1792006731487863,0.09700651054316815,-1.6850149544422666,-0.10361856120508274,0.0,0.0,1.0,0.0,0.0,1.0,0.0,0.0,1.0,0.0,1.0,0.0,1.0
-1.0228462574847086,0.5535534380957939,-0.8761595989261808,1.1792006731487863,-0.9087752777100041,-0.9166416738958246,0.9490144415132162,1.0,0.0,0.0,0.0,1.0,0.0,0.0,1.0,0.0,1.0,0.0,1.0,0.0
0.6001746244896566,-0.1423095162736056,0.44916039193688656,-1.2252866807654765,-1.0002099857330198,0.7611026777350425,-0.10361856120508274,1.0,0.0,0.0,0.0,1.0,0.0,0.0,1.0,0.0,0.0,1.0,0.0,1.0
1.6026286986502938,-0.11525652884671718,1.3458071200389474,-0.42379089612738885,1.0113535907733249,0.14278209170608774,-0.10361856120508274,0.0,1.0,0.0,0.0,0.0,1.0,0.0,0.0,1.0,0.0,1.0,1.0,0.0
0.1705514498493835,-0.2384979160136519,0.028859574200715176,0.3777048885106987,-0.2687323215488945,-1.113262446022187,-0.10361856120508274,1.0,0.0,0.0,0.0,0.0,1.0,0.0,0.0,1.0,1.0,0.0,0.0,1.0
-1.2137898906581635,-0.6342731024440521,-1.0547128623860116,-0.42379089612738885,-0.9087752777100041,-1.6643180310605443,-1.1562515639233817,1.0,0.0,0.0,0.0,1.0,0.0,0.0,0.0,1.0,1.0,0.0,1.0,0.0
0.31375917472947457,1.2549271862003002,0.8191925604452139,-0.42379089612738885,0.4627453426352308,1.3897717254548587,2.0016474442315153,0.0,0.0,1.0,1.0,0.0,0.0,0.0,1.0,0.0,0.0,1.0,1.0,0.0
0.4569668996095656,0.8877079309427266,0.8626246190115449,-0.42379089612738885,-0.45160173759492583,0.24756026632605702,0.9490144415132162,0.0,1.0,0.0,0.0,1.0,0.0,0.0,1.0,0.0,1.0,0.0,1.0,0.0
-1.0705821657780723,0.25847548264325515,-0.969670023878882,-0.42379089612738885,-0.6344711536409572,1.644602594592315,-0.10361856120508274,1.0,0.0,0.0,1.0,0.0,0.0,0.0,0.0,1.0,0.0,1.0,1.0,0.0
0.6479105327830204,-1.3606959129808622,-0.185045522878589,0.3777048885106987,-0.6344711536409572,1.6057958632515856,-1.1562515639233817,0.0,1.0,0.0,1.0,0.0,0.0,0.0,0.0,1.0,0.0,1.0,0.0,1.0
-0.9273744408979813,-1.6091826123093156,-1.0007676768282687,-0.42379089612738885,-0.45160173759492583,-0.25563368339206743,-1.1562515639233817,0.0,1.0,0.0,1.0,0.0,0.0,0.0,1.0,0.0,0.0,1.0,1.0,0.0
-0.8319026243112538,0.21188422651917044,-0.7349697305528288,-0.42379089612738885,0.005571802520152484,-0.30349531871230023,0.9490144415132162,1.0,0.0,0.0,0.0,1.0,0.0,0.0,0.0,1.0,1.0,0.0,1.0,0.0
2.175459598170658,0.26649118262159216,2.2438537861889927,3.5836880270630487,-0.5430364456179415,-0.915348116184467,-0.10361856120508274,0.0,1.0,0.0,0.0,0.0,1.0,0.0,1.0,0.0,0.0,1.0,0.0,1.0
-0.30680763308425335,0.3721982260859142,-0.15018978381010015,1.1792006731487863,-0.2687323215488945,0.02765545539525715,0.9490144415132162,1.0,0.0,0.0,0.0,0.0,0.0,1.0,1.0,0.0,0.0,1.0,1.0,0.0
0.6956464410763841,-0.43738747172614434,0.40464100284784965,-0.42379089612738885,-0.5430364456179415,-0.6941497475423094,-0.10361856120508274,1.0,0.0,0.0,0.0,0.0,0.0,1.0,1.0,0.0,0.0,1.0,0.0,1.0
-0.7364308077245265,1.3481096984484702,-0.4702930938789293,-0.42379089612738885,0.5541800506582465,0.38726449915268296,0.9490144415132162,1.0,0.0,0.0,0.0,0.0,1.0,0.0,0.0,1.0,0.0,1.0,1.0,0.0
1.4116850654768394,1.0830906179146964,2.0765475978234,-0.42379089612738885,-1.0002099857330198,-0.12110368141087217,0.9490144415132162,0.0,1.0,0.0,0.0,1.0,0.0,0.0,1.0,0.0,1.0,0.0,1.0,0.0
-1.0228462574847086,-0.9869639014908895,-0.9958882811076262,-1.2252866807654765,0.005571802520152484,0.8555323906641508,-1.1562515639233817,1.0,0.0,0.0,1.0,0.0,0.0,0.0,0.0,1.0,1.0,0.0,0.0,1.0
1.6981005152370212,-0.5335758714661907,1.10506534649611,-0.42379089612738885,1.2856577148423718,0.05093949419969493,-0.10361856120508274,1.0,0.0,0.0,0.0,0.0,0.0,1.0,0.0,1.0,1.0,0.0,1.0,0.0
-0.30680763308425335,-0.9754413327720296,-0.556552383408336,1.1792006731487863,1.4685271308884031,0.13502074543794193,-1.1562515639233817,0.0,1.0,0.0,1.0,0.0,0.0,0.0,0.0,1.0,0.0,1.0,1.0,0.0
2.1277236898772944,-0.41835018427759335,1.4932219556547903,-0.42379089612738885,-0.5430364456179415,-0.7911665758941329,-0.10361856120508274,1.0,0.0,0.0,0.0,1.0,0.0,0.0,0.0,1.0,0.0,1.0,1.0,0.0
1.0775337074232936,-0.04712307903085088,0.9370931681853603,1.1792006731487863,-0.9087752777100041,0.038003917086118465,-0.10361856120508274,0.0,0.0,1.0,1.0,0.0,0.0,0.0,0.0,1.0,1.0,0.0,1.0,0.0
-0.8319026243112538,2.1967719336549227,-0.4163886832157878,0.3777048885106987,-0.2687323215488945,-0.6902690744082365,2.0016474442315153,1.0,0.0,0.0,0.0,0.0,1.0,0.0,0.0,1.0,0.0,1.0,0.0,1.0
0.9343259825432024,-1.2720222319705066,0.04720148095560913,-0.42379089612738885,-0.9087752777100041,0.8413032558392167,-1.1562515639233817,0.0,0.0,1.0,1.0,0.0,0.0,0.0,0.0,1.0,1.0,0.0,0.0,1.0
-0.8319026243112538,-0.057643685252418524,-0.7496622842408913,0.3777048885106987,-1.0002099857330198,-1.9256166887547888,-0.10361856120508274,1.0,0.0,0.0,0.0,0.0,1.0,0.0,1.0,0.0,0.0,1.0,1.0,0.0
-1.2137898906581635,-0.6447937086656195,-1.0777506778358412,0.3777048885106987,0.18844121856618382,0.2656700742850641,-0.10361856120508274,1.0,0.0,0.0,0.0,0.0,1.0,0.0,1.0,0.0,1.0,0.0,1.0,0.0
-1.0228462574847086,1.7624211910787748,-0.8026220765124321,1.1792006731487863,0.18844121856618382,0.3549255563687418,2.0016474442315153,1.0,0.0,0.0,0.0,0.0,0.0,1.0,0.0,1.0,1.0,0.0,1.0,0.0
0.6479105327830204,1.0239748305744591,1.1654257821378176,1.1792006731487863,-1.0002099857330198,1.6601252871286065,2.0016474442315153,0.0,1.0,0.0,0.0,0.0,1.0,0.0,1.0,0.0,0.0,1.0,0.0,1.0
1.9845159649972033,-0.4423972842126048,1.3400510640843737,-0.42379089612738885,0.27987592658919946,0.3536319986573839,-0.10361856120508274,0.0,0.0,1.0,0.0,0.0,1.0,0.0,1.0,0.0,1.0,0.0,1.0,0.0
1.2207414323033845,1.2163516300545525,1.9032339083198575,-0.42379089612738885,-0.45160173759492583,0.9564298921500473,0.9490144415132162,0.0,1.0,0.0,0.0,0.0,1.0,0.0,0.0,1.0,1.0,0.0,1.0,0.0
-0.7364308077245265,-1.0125139451718392,-0.8337537085406533,-0.42379089612738885,-0.36016702957191016,-0.9826131171750645,-0.10361856120508274,1.0,0.0,0.0,0.0,0.0,1.0,0.0,0.0,1.0,0.0,1.0,0.0,1.0
1.9845159649972033,-1.1517867322954485,0.7249142083108516,1.1792006731487863,-0.17729761352587883,1.4428075916205219,-1.1562515639233817,0.0,0.0,1.0,0.0,0.0,1.0,0.0,0.0,1.0,0.0,1.0,0.0,1.0
1.459420973770203,0.005980933325632919,1.323992551427162,-1.2252866807654765,-0.9087752777100041,0.4273647882047699,-0.10361856120508274,0.0,0.0,1.0,0.0,0.0,1.0,0.0,0.0,1.0,1.0,0.0,1.0,0.0
-0.020392183324071236,-2.211362073181899,-0.7824181162374044,0.3777048885106987,-0.7259058616639729,0.3238801712961582,-1.1562515639233817,1.0,0.0,0.0,0.0,0.0,1.0,0.0,1.0,0.0,1.0,0.0,0.0,1.0
-0.5932230828444355,-0.19892039737061196,-0.5365183185274812,-0.42379089612738885,0.6456147586812622,0.7106539269920945,-1.1562515639233817,0.0,1.0,0.0,0.0,0.0,1.0,0.0,1.0,0.0,1.0,0.0,1.0,0.0
-0.354543541377617,-0.31815393454837815,-0.36867526071630263,-1.2252866807654765,-0.8173405696869884,0.3976129608435439,-0.10361856120508274,1.0,0.0,0.0,0.0,1.0,0.0,0.0,0.0,1.0,1.0,0.0,0.0,1.0
-0.8796385326046176,-0.07718195394961551,-0.7882353345338806,0.3777048885106987,3.205786583325701,-1.0783363878155303,-1.1562515639233817,0.0,1.0,0.0,0.0,0.0,1.0,0.0,0.0,1.0,0.0,1.0,0.0,1.0
-1.0705821657780723,-1.1598024322737854,-0.9961193388437013,-1.2252866807654765,-0.5430364456179415,0.8270741210142827,-1.1562515639233817,0.0,0.0,1.0,1.0,0.0,0.0,0.0,0.0,1.0,1.0,0.0,0.0,1.0
-1.0705821657780723,0.5585632505822551,-0.9707981292961891,1.1792006731487863,0.37131063461221514,0.7986158513644143,2.0016474442315153,1.0,0.0,0.0,0.0,0.0,0.0,1.0,1.0,0.0,1.0,0.0,1.0,0.0
0.4569668996095656,1.5770581290797274,1.162992880093263,0.3777048885106987,-1.0002099857330198,0.485574885215864,2.0016474442315153,0.0,1.0,0.0,1.0,0.0,0.0,0.0,0.0,1.0,0.0,1.0,0.0,1.0
-0.9751103491913449,-2.1607629670686452,-1.056207941854732,-0.42379089612738885,0.09700651054316815,-0.907586769916321,-1.1562515639233817,1.0,0.0,0.0,1.0,0.0,0.0,0.0,0.0,1.0,1.0,0.0,0.0,1.0
0.027343724969292445,1.721340728689797,0.6428343454780953,-0.42379089612738885,2.0171353790264974,-1.2995347564576878,2.0016474442315153,0.0,1.0,0.0,0.0,0.0,0.0,1.0,1.0,0.0,0.0,1.0,0.0,1.0
-0.020392183324071236,-0.19741745362467367,-0.08747120009727458,-0.42379089612738885,-0.36016702957191016,-1.9256166887547888,-0.10361856120508274,0.0,1.0,0.0,0.0,0.0,1.0,0.0,0.0,1.0,0.0,1.0,1.0,0.0
2.032251873290567,-0.2700597346783548,1.5552813452382253,1.980696457786874,1.2856577148423718,-0.8041021530077094,-0.10361856120508274,0.0,0.0,1.0,1.0,0.0,0.0,0.0,1.0,0.0,0.0,1.0,1.0,0.0
1.2684773405967482,-0.9864629202422432,0.4325718056498556,1.1792006731487863,-0.7259058616639729,1.7907746159757292,-1.1562515639233817,0.0,1.0,0.0,0.0,0.0,1.0,0.0,1.0,0.0,1.0,0.0,1.0,0.0
-0.21133581649752597,-0.8386734518916511,-0.4354101715473729,-1.2252866807654765,-0.2687323215488945,-0.4043928201981968,-0.10361856120508274,1.0,0.0,0.0,1.0,0.0,0.0,0.0,0.0,1.0,0.0,1.0,1.0,0.0
-0.21133581649752597,-1.0285453451285138,-0.48383715470238375,0.3777048885106987,-0.5430364456179415,0.0030778588794617965,-1.1562515639233817,0.0,1.0,0.0,0.0,1.0,0.0,0.0,1.0,0.0,1.0,0.0,1.0,0.0
1.6026286986502938,0.750439068813702,2.049221622624649,-0.42379089612738885,-0.9087752777100041,-0.07453560380199697,-0.10361856120508274,0.0,0.0,1.0,1.0,0.0,0.0,0.0,0.0,1.0,1.0,0.0,1.0,0.0
-0.5932230828444355,0.3060687012646325,-0.47059210977267346,-0.42379089612738885,-0.8173405696869884,-1.9256166887547888,-0.10361856120508274,0.0,1.0,0.0,0.0,1.0,0.0,0.0,1.0,0.0,1.0,0.0,1.0,0.0
-0.6409589911377991,2.0930688151851853,-0.20485532583913574,-0.42379089612738885,-0.9087752777100041,0.8024965244984873,2.0016474442315153,1.0,0.0,0.0,0.0,0.0,1.0,0.0,0.0,1.0,1.0,0.0,0.0,1.0
1.5071568820635666,-1.2975722756514565,0.3543791494357727,0.3777048885106987,-0.5430364456179415,-1.6552631270810405,-1.1562515639233817,0.0,0.0,1.0,0.0,0.0,1.0,0.0,1.0,0.0,1.0,0.0,0.0,1.0
-0.6409589911377991,-0.4864836340934596,-0.6687105268254423,-1.2252866807654765,-0.9087752777100041,-1.9256166887547888,-0.10361856120508274,0.0,1.0,0.0,0.0,1.0,0.0,0.0,0.0,1.0,1.0,0.0,1.0,0.0
-0.6409589911377991,-0.2745685659161697,-0.5925022488152976,0.3777048885106987,4.485872495647921,-0.049958007286201624,-0.10361856120508274,0.0,0.0,1.0,0.0,0.0,1.0,0.0,0.0,1.0,1.0,0.0,1.0,0.0
-0.7841667160178902,-0.021072054101255136,-0.7285340930215637,0.3777048885106987,-0.6344711536409572,1.4298720145069455,-0.10361856120508274,1.0,0.0,0.0,0.0,0.0,1.0,0.0,1.0,0.0,0.0,1.0,1.0,0.0
0.26602326643611085,0.7569518250461008,0.5481142653188837,-0.42379089612738885,-0.17729761352587883,-0.5065838793954507,-0.10361856120508274,0.0,1.0,0.0,0.0,1.0,0.0,0.0,1.0,0.0,1.0,0.0,1.0,0.0
0.5047028079029293,-0.1578399349816337,0.3921434976524996,-0.42379089612738885,-0.5430364456179415,0.028949013106614723,0.9490144415132162,0.0,0.0,1.0,0.0,1.0,0.0,0.0,1.0,0.0,1.0,0.0,1.0,0.0
0.4569668996095656,0.26949707011346874,0.5712744054525181,-1.2252866807654765,0.27987592658919946,1.5954474015607243,-0.10361856120508274,0.0,1.0,0.0,0.0,1.0,0.0,0.0,1.0,0.0,1.0,0.0,1.0,0.0
0.12281554155601981,1.0299866055582123,0.515100192323228,-1.2252866807654765,0.27987592658919946,-1.9256166887547888,2.0016474442315153,1.0,0.0,0.0,1.0,0.0,0.0,0.0,1.0,0.0,1.0,0.0,1.0,0.0
-1.1660539823647997,-1.2715212507218607,-1.0476384181726568,0.3777048885106987,-0.08586290550286318,-0.9761453286182763,-1.1562515639233817,1.0,0.0,0.0,0.0,0.0,1.0,0.0,1.0,0.0,1.0,0.0,0.0,1.0
1.4116850654768394,-1.3922577316455649,0.19882292653117015,0.3777048885106987,3.7543948314637947,0.39114517228675566,-1.1562515639233817,0.0,0.0,1.0,1.0,0.0,0.0,0.0,1.0,0.0,1.0,0.0,0.0,1.0
0.5047028079029293,2.0239334028720273,1.4760081543172037,-0.42379089612738885,1.4685271308884031,0.013426320570323114,2.0016474442315153,0.0,1.0,0.0,1.0,0.0,0.0,0.0,0.0,1.0,0.0,1.0,1.0,0.0
-1.2137898906581635,-0.7995969144972571,-1.0920694616567237,-1.2252866807654765,-0.8173405696869884,-0.33066003065081073,-1.1562515639233817,1.0,0.0,0.0,0.0,1.0,0.0,0.0,0.0,1.0,1.0,0.0,0.0,1.0
1.1252696157166573,-0.8762470455401068,0.4011343619121234,0.3777048885106987,-0.9087752777100041,0.5683625787427534,-1.1562515639233817,1.0,0.0,0.0,0.0,0.0,1.0,0.0,1.0,0.0,0.0,1.0,1.0,0.0
1.0775337074232936,-1.6322277497470354,-0.11774655933886496,-0.42379089612738885,-0.7259058616639729,0.5101524817316594,-1.1562515639233817,0.0,0.0,1.0,0.0,0.0,1.0,0.0,1.0,0.0,1.0,0.0,0.0,1.0
-0.7364308077245265,1.8140222596893207,-0.3860997323426636,0.3777048885106987,-0.6344711536409572,-0.6967368629650248,2.0016474442315153,1.0,0.0,0.0,0.0,1.0,0.0,0.0,1.0,0.0,0.0,1.0,0.0,1.0
0.8388541659564751,0.3060687012646325,0.9813543162752545,-0.42379089612738885,-0.7259058616639729,-1.9256166887547888,-0.10361856120508274,0.0,0.0,1.0,0.0,1.0,0.0,0.0,1.0,0.0,0.0,1.0,1.0,0.0
-0.5932230828444355,-0.706915383497733,-0.6801614763926881,-0.42379089612738885,-0.7259058616639729,-1.9256166887547888,-0.10361856120508274,1.0,0.0,0.0,0.0,0.0,1.0,0.0,0.0,1.0,1.0,0.0,0.0,1.0
-0.06812809161743492,0.9838963306827733,0.31604395269462543,1.1792006731487863,0.005571802520152484,-0.08876473862693102,0.9490144415132162,0.0,0.0,1.0,0.0,0.0,1.0,0.0,0.0,1.0,1.0,0.0,1.0,0.0
0.26602326643611085,1.0229728680771673,0.7263481254376698,-1.2252866807654765,0.7370494667042777,-0.7510662868420459,-0.10361856120508274,1.0,0.0,0.0,0.0,0.0,0.0,1.0,1.0,0.0,1.0,0.0,0.0,1.0
-0.9751103491913449,0.34965406989684134,-0.8601350653478035,0.3777048885106987,-0.8173405696869884,-0.9528612898138387,-0.10361856120508274,1.0,0.0,0.0,0.0,0.0,0.0,1.0,0.0,1.0,1.0,0.0,0.0,1.0
-1.2137898906581635,1.1572358427143152,-1.0614407199952538,-0.42379089612738885,-0.6344711536409572,-1.9256166887547888,0.9490144415132162,1.0,0.0,0.0,0.0,0.0,0.0,1.0,0.0,1.0,0.0,1.0,1.0,0.0
-0.8319026243112538,-1.8731997303457977,-1.0122322180270482,-1.2252866807654765,-0.5430364456179415,0.3161188250280124,-1.1562515639233817,0.0,1.0,0.0,1.0,0.0,0.0,0.0,0.0,1.0,1.0,0.0,0.0,1.0
-0.8319026243112538,-0.9889678264854739,-0.9043418469115623,-0.42379089612738885,-0.7259058616639729,0.2954219016462898,-1.1562515639233817,1.0,0.0,0.0,0.0,0.0,1.0,0.0,0.0,1.0,1.0,0.0,1.0,0.0
-1.2137898906581635,-0.29160192837013604,-1.0851785044690756,1.1792006731487863,0.37131063461221514,-0.6126556117267777,-0.10361856120508274,0.0,1.0,0.0,0.0,1.0,0.0,0.0,1.0,0.0,1.0,0.0,0.0,1.0
-0.1635999082041623,-0.14832129125735838,-0.22927948770541545,-1.2252866807654765,2.4743089191415755,1.8955527905956981,-1.1562515639233817,0.0,0.0,1.0,0.0,1.0,0.0,0.0,1.0,0.0,0.0,1.0,1.0,0.0
-1.2137898906581635,-0.36574715316975515,-1.0861842852025785,-1.2252866807654765,-0.45160173759492583,-1.9256166887547888,-0.10361856120508274,0.0,1.0,0.0,0.0,0.0,1.0,0.0,1.0,0.0,0.0,1.0,1.0,0.0
-1.118318074071436,-0.7299605209354525,-1.022228863020175,-0.42379089612738885,0.005571802520152484,1.2927548971030354,-1.1562515639233817,1.0,0.0,0.0,0.0,1.0,0.0,0.0,1.0,0.0,0.0,1.0,0.0,1.0
-0.8796385326046176,0.9137589558723224,-0.7133590364140504,-1.2252866807654765,0.18844121856618382,1.0133464314497835,0.9490144415132162,0.0,1.0,0.0,1.0,0.0,0.0,0.0,0.0,1.0,0.0,1.0,0.0,1.0
0.2182873581427472,0.006481914574279252,0.17040282499394657,0.3777048885106987,-0.08586290550286318,0.17641459220138647,-0.10361856120508274,1.0,0.0,0.0,0.0,0.0,0.0,1.0,0.0,1.0,1.0,0.0,0.0,1.0
-0.7841667160178902,0.2649882388756546,-0.626610448149426,0.3777048885106987,-0.6344711536409572,0.25014738174877216,-0.10361856120508274,1.0,0.0,0.0,1.0,0.0,0.0,0.0,0.0,1.0,0.0,1.0,0.0,1.0
-0.30680763308425335,0.27150099510805337,-0.17863706861039147,-0.42379089612738885,-0.9087752777100041,0.25273449717148766,-0.10361856120508274,1.0,0.0,0.0,0.0,0.0,1.0,0.0,0.0,1.0,0.0,1.0,1.0,0.0
0.31375917472947457,-0.9093118079507476,-0.1224152847707332,0.3777048885106987,-0.08586290550286318,-0.857138019173373,-1.1562515639233817,0.0,0.0,1.0,0.0,1.0,0.0,0.0,0.0,1.0,0.0,1.0,1.0,0.0
-0.020392183324071236,-0.49049148408262816,-0.20993180021701857,-1.2252866807654765,-0.7259058616639729,-1.119730234578975,-0.10361856120508274,0.0,0.0,1.0,0.0,1.0,0.0,0.0,1.0,0.0,0.0,1.0,1.0,0.0
-1.2137898906581635,-1.5816286436337816,-1.1026777300688726,1.1792006731487863,-0.9087752777100041,-0.17931377842196625,-1.1562515639233817,1.0,0.0,0.0,0.0,0.0,1.0,0.0,0.0,1.0,1.0,0.0,1.0,0.0
-1.2137898906581635,-1.768494649378768,-1.1052125693499304,-0.42379089612738885,0.8284841747272934,-0.5440970530248226,-1.1562515639233817,0.0,1.0,0.0,1.0,0.0,0.0,0.0,1.0,0.0,1.0,0.0,1.0,0.0
-0.9273744408979813,0.5951348817334181,-0.7631383869066767,-0.42379089612738885,-1.0002099857330198,-1.4030193733662994,2.0016474442315153,1.0,0.0,0.0,0.0,0.0,1.0,0.0,0.0,1.0,1.0,0.0,1.0,0.0
-0.30680763308425335,1.1291808927901357,0.043470578099574754,-0.42379089612738885,0.8284841747272934,-0.09911320031779233,0.9490144415132162,1.0,0.0,0.0,0.0,0.0,1.0,0.0,0.0,1.0,0.0,1.0,1.0,0.0
-1.0228462574847086,-0.006543597890518979,-0.9203663804899396,-0.42379089612738885,0.27987592658919946,-0.33066003065081073,-0.10361856120508274,1.0,0.0,0.0,1.0,0.0,0.0,0.0,0.0,1.0,0.0,1.0,1.0,0.0
0.5524387161962929,-1.1733289259872297,-0.07421256353603038,-1.2252866807654765,-0.45160173759492583,0.7585155623123273,-1.1562515639233817,0.0,1.0,0.0,0.0,0.0,0.0,1.0,1.0,0.0,0.0,1.0,0.0,1.0
-1.0705821657780723,-2.211362073181899,-1.0868638667792696,0.3777048885106987,-0.7259058616639729,2.1775483716716653,-1.1562515639233817,1.0,0.0,0.0,0.0,0.0,1.0,0.0,0.0,1.0,1.0,0.0,1.0,0.0
-0.354543541377617,1.2654477924218681,-0.005663169895194858,-0.42379089612738885,0.005571802520152484,-0.8325604226575776,0.9490144415132162,1.0,0.0,0.0,1.0,0.0,0.0,0.0,0.0,1.0,0.0,1.0,0.0,1.0
0.26602326643611085,-0.2825842658945067,0.1269843580591494,0.3777048885106987,-0.6344711536409572,-0.4587222440752178,-0.10361856120508274,0.0,1.0,0.0,0.0,0.0,1.0,0.0,1.0,0.0,1.0,0.0,0.0,1.0
-0.5932230828444355,-1.6001649498336865,-0.8523674479262237,-1.2252866807654765,1.6513965469344345,-0.835147538080293,-1.1562515639233817,1.0,0.0,0.0,1.0,0.0,0.0,0.0,0.0,1.0,1.0,0.0,0.0,1.0
-0.7364308077245265,0.08663891435765148,-0.6339159500988558,1.1792006731487863,-0.45160173759492583,0.04835237877697941,-0.10361856120508274,1.0,0.0,0.0,0.0,0.0,0.0,1.0,1.0,0.0,1.0,0.0,1.0,0.0
-0.7841667160178902,1.2784733048866657,-0.5228247497571546,-0.42379089612738885,-0.2687323215488945,0.3782095951731792,0.9490144415132162,1.0,0.0,0.0,0.0,0.0,0.0,1.0,0.0,1.0,1.0,0.0,1.0,0.0
0.6956464410763841,0.40927083848572426,0.8464301900389949,1.1792006731487863,0.37131063461221514,-1.233563313178448,0.9490144415132162,0.0,1.0,0.0,0.0,1.0,0.0,0.0,1.0,0.0,0.0,1.0,1.0,0.0
-0.5932230828444355,-1.3697135754564915,-0.7598016413651231,0.3777048885106987,0.09700651054316815,0.5308494051133816,-1.1562515639233817,0.0,1.0,0.0,1.0,0.0,0.0,0.0,1.0,0.0,1.0,0.0,0.0,1.0
1.8890441484104759,0.5745946505389291,2.2071835643107383,-0.42379089612738885,-0.5430364456179415,0.03412324395204538,0.9490144415132162,0.0,1.0,0.0,1.0,0.0,0.0,0.0,1.0,0.0,1.0,0.0,0.0,1.0
-1.1660539823647997,-1.5465599562285564,-1.0980837586104404,0.3777048885106987,-0.36016702957191016,0.24885382403741457,-1.1562515639233817,0.0,1.0,0.0,1.0,0.0,0.0,0.0,0.0,1.0,1.0,0.0,1.0,0.0
1.8413082401171124,0.9979238056448635,2.4959377762468047,0.3777048885106987,2.0171353790264974,-0.7420113828625424,0.9490144415132162,0.0,1.0,0.0,0.0,0.0,1.0,0.0,0.0,1.0,1.0,0.0,0.0,1.0
-0.9273744408979813,0.28903533881066573,-0.8091596512802008,3.5836880270630487,0.09700651054316815,0.13760786086065707,-0.10361856120508274,1.0,0.0,0.0,0.0,0.0,1.0,0.0,1.0,0.0,1.0,0.0,0.0,1.0
-0.9751103491913449,0.47740428830159054,-0.82625792374975,-0.42379089612738885,-0.6344711536409572,0.12467228374708061,-0.10361856120508274,0.0,1.0,0.0,0.0,0.0,0.0,1.0,1.0,0.0,1.0,0.0,1.0,0.0
-0.25907172479088963,0.12521447050339912,-0.1698976495341433,-1.2252866807654765,-0.8173405696869884,-0.14050704708123687,-0.10361856120508274,1.0,0.0,0.0,0.0,0.0,0.0,1.0,0.0,1.0,0.0,1.0,1.0,0.0
-1.2137898906581635,-0.17236839119236985,-1.0546449042283426,0.3777048885106987,-0.45160173759492583,1.1595184528331977,-0.10361856120508274,1.0,0.0,0.0,0.0,0.0,0.0,1.0,0.0,1.0,1.0,0.0,0.0,1.0
-0.9751103491913449,1.0209689430825826,-0.7661149542125838,-1.2252866807654765,-0.17729761352587883,1.1543442219877669,-0.10361856120508274,1.0,0.0,0.0,0.0,0.0,1.0,0.0,1.0,0.0,1.0,0.0,1.0,0.0
-1.0705821657780723,0.5645750255660075,-0.9252050013159804,0.3777048885106987,0.18844121856618382,-0.009857718234114667,-0.10361856120508274,1.0,0.0,0.0,0.0,0.0,1.0,0.0,0.0,1.0,0.0,1.0,1.0,0.0
0.4569668996095656,-0.0035377103986424093,0.4019090849095513,1.1792006731487863,0.09700651054316815,-0.9968422519999988,-0.10361856120508274,0.0,1.0,0.0,0.0,0.0,0.0,1.0,1.0,0.0,0.0,1.0,0.0,1.0
-0.8319026243112538,-0.3401971094888054,-0.7782726686195883,0.3777048885106987,-0.5430364456179415,0.1712403613559558,-1.1562515639233817,1.0,0.0,0.0,1.0,0.0,0.0,0.0,0.0,1.0,1.0,0.0,0.0,1.0
0.07507963326265613,-1.4433578190074647,-0.46181871161759075,-0.42379089612738885,0.09700651054316815,-0.761414748532907,-1.1562515639233817,0.0,1.0,0.0,0.0,0.0,1.0,0.0,0.0,1.0,1.0,0.0,1.0,0.0
-0.8319026243112538,-0.31114019706733304,-0.7380210518321721,0.3777048885106987,-0.9087752777100041,0.8982197951389532,-0.10361856120508274,1.0,0.0,0.0,0.0,0.0,1.0,0.0,1.0,0.0,1.0,0.0,0.0,1.0
-0.6409589911377991,0.5685828755551761,-0.4924338616475268,0.3777048885106987,-0.5430364456179415,-1.0524652335883775,-0.10361856120508274,1.0,0.0,0.0,0.0,0.0,1.0,0.0,0.0,1.0,0.0,1.0,1.0,0.0
-1.0228462574847086,-0.8156283144539315,-0.9896089473390001,-0.42379089612738885,-0.8173405696869884,-1.361625526602855,-1.1562515639233817,1.0,0.0,0.0,0.0,1.0,0.0,0.0,1.0,0.0,0.0,1.0,1.0,0.0
-0.7364308077245265,-0.8852647080157361,-0.8262035572236147,1.980696457786874,-0.2687323215488945,-0.7691760948010529,-0.10361856120508274,1.0,0.0,0.0,0.0,0.0,1.0,0.0,0.0,1.0,0.0,1.0,1.0,0.0
-0.6886948994311628,0.8085528936566467,-0.5019480037212027,-1.2252866807654765,-0.36016702957191016,-1.7509863977215065,0.9490144415132162,0.0,1.0,0.0,0.0,1.0,0.0,0.0,0.0,1.0,0.0,1.0,0.0,1.0
-1.0228462574847086,-1.2900575569217654,-0.9865712176911906,0.3777048885106987,-0.45160173759492583,0.45323594243192283,-1.1562515639233817,1.0,0.0,0.0,0.0,1.0,0.0,0.0,0.0,1.0,0.0,1.0,0.0,1.0
2.175459598170658,-0.7970920082540268,1.2023406533836802,-1.2252866807654765,-0.6344711536409572,0.6097564255061979,-0.10361856120508274,0.0,1.0,0.0,1.0,0.0,0.0,0.0,1.0,0.0,1.0,0.0,0.0,1.0
-0.9273744408979813,0.27801375134045214,-0.7987620531568264,-1.2252866807654765,1.2856577148423718,-0.6217105157062813,-1.1562515639233817,1.0,0.0,0.0,0.0,0.0,1.0,0.0,1.0,0.0,1.0,0.0,1.0,0.0
-1.0705821657780723,0.1267174142493374,-0.9305804915876075,1.1792006731487863,-0.9087752777100041,0.1945244001603936,0.9490144415132162,0.0,1.0,0.0,0.0,1.0,0.0,0.0,0.0,1.0,0.0,1.0,1.0,0.0
0.3614950830228382,1.6757514350630043,1.099635489698348,0.3777048885106987,-0.45160173759492583,2.002918080638383,2.0016474442315153,0.0,1.0,0.0,0.0,0.0,1.0,0.0,0.0,1.0,0.0,1.0,1.0,0.0
-0.4022794496709807,-0.7414830896543121,-0.5404530958565229,-1.2252866807654765,0.27987592658919946,0.5101524817316594,-0.10361856120508274,1.0,0.0,0.0,0.0,1.0,0.0,0.0,0.0,1.0,0.0,1.0,0.0,1.0
-0.354543541377617,0.03754275199033583,-0.3145941588432215,1.980696457786874,0.005571802520152484,-0.6514623430675072,-1.1562515639233817,0.0,0.0,1.0,1.0,0.0,0.0,0.0,1.0,0.0,0.0,1.0,1.0,0.0
0.12281554155601981,0.6397222128629189,0.3781237297253613,0.3777048885106987,-0.5430364456179415,1.1556377796991246,-0.10361856120508274,1.0,0.0,0.0,0.0,1.0,0.0,0.0,0.0,1.0,1.0,0.0,0.0,1.0
-0.06812809161743492,-0.2635469784459557,-0.14000965179126681,0.3777048885106987,0.4627453426352308,-0.4496673400957144,-0.10361856120508274,1.0,0.0,0.0,0.0,0.0,1.0,0.0,0.0,1.0,1.0,0.0,1.0,0.0
-0.5454871745510718,1.5991013040201545,-0.14733554118799747,-0.42379089612738885,0.005571802520152484,0.385970941441325,2.0016474442315153,1.0,0.0,0.0,0.0,0.0,1.0,0.0,0.0,1.0,1.0,0.0,1.0,0.0
-0.8796385326046176,-1.453377443980386,-0.9121094643331421,-0.42379089612738885,0.09700651054316815,0.9745397001090541,-1.1562515639233817,1.0,0.0,0.0,0.0,0.0,1.0,0.0,0.0,1.0,0.0,1.0,0.0,1.0
2.175459598170658,2.1817424961955405,4.049243794458217,-0.42379089612738885,-0.45160173759492583,0.014719878281680686,2.0016474442315153,1.0,0.0,0.0,0.0,0.0,1.0,0.0,1.0,0.0,1.0,0.0,0.0,1.0
-1.0228462574847086,0.2880333763133738,-0.859638970796819,0.3777048885106987,-0.5430364456179415,-1.5944659146472313,0.9490144415132162,0.0,0.0,1.0,0.0,0.0,1.0,0.0,0.0,1.0,1.0,0.0,1.0,0.0
-0.9751103491913449,0.4207934072045842,-0.8598904159801948,0.3777048885106987,-0.08586290550286318,0.5373171936701698,-0.10361856120508274,1.0,0.0,0.0,0.0,0.0,1.0,0.0,0.0,1.0,0.0,1.0,1.0,0.0
1.6026286986502938,-0.49349737157450474,1.0334102650497958,-1.2252866807654765,0.37131063461221514,0.5205009434225203,-0.10361856120508274,0.0,0.0,1.0,0.0,1.0,0.0,0.0,0.0,1.0,1.0,0.0,1.0,0.0
-0.8796385326046176,0.5119719944581697,-0.7247012529290257,0.3777048885106987,-0.8173405696869884,-1.2904798524781844,0.9490144415132162,1.0,0.0,0.0,0.0,0.0,0.0,1.0,0.0,1.0,0.0,1.0,0.0,1.0
-0.020392183324071236,-1.1152151011442848,-0.39475080581394184,0.3777048885106987,1.7428312549574503,1.5773375936017175,-1.1562515639233817,1.0,0.0,0.0,0.0,0.0,1.0,0.0,0.0,1.0,1.0,0.0,1.0,0.0
-1.1660539823647997,0.14224783295736587,-1.0258238495608711,0.3777048885106987,-0.6344711536409572,0.8425968135505743,-0.10361856120508274,1.0,0.0,0.0,0.0,0.0,1.0,0.0,0.0,1.0,1.0,0.0,1.0,0.0
1.5071568820635666,0.26148137013513173,1.5642042513401802,1.1792006731487863,-1.0002099857330198,-0.19871714409233093,-0.10361856120508274,0.0,0.0,1.0,0.0,0.0,1.0,0.0,0.0,1.0,0.0,1.0,0.0,1.0
0.3614950830228382,0.20286656404354075,0.42078786111003136,0.3777048885106987,1.559961838911419,-1.1365464848266245,0.9490144415132162,1.0,0.0,0.0,0.0,1.0,0.0,0.0,0.0,1.0,1.0,0.0,0.0,1.0
0.8388541659564751,-1.1332504260955434,0.06655596425977289,-0.42379089612738885,1.2856577148423718,0.5657754633200379,-1.1562515639233817,0.0,0.0,1.0,0.0,0.0,0.0,1.0,0.0,1.0,0.0,1.0,0.0,1.0
-1.1660539823647997,-0.19491254738144342,-1.0162009744349245,-0.42379089612738885,-0.6344711536409572,0.16218545737645243,-0.10361856120508274,1.0,0.0,0.0,0.0,0.0,1.0,0.0,0.0,1.0,0.0,1.0,0.0,1.0
0.40923099131620194,1.1557328989683768,0.9314186620199892,0.3777048885106987,-0.7259058616639729,-0.22717541374219902,2.0016474442315153,0.0,1.0,0.0,0.0,0.0,1.0,0.0,0.0,1.0,0.0,1.0,0.0,1.0
1.0775337074232936,1.5965963977769244,1.995643411118319,0.3777048885106987,-0.7259058616639729,0.8852842180253767,0.9490144415132162,0.0,1.0,0.0,1.0,0.0,0.0,0.0,0.0,1.0,0.0,1.0,1.0,0.0
-0.020392183324071236,-0.6803633773194909,-0.2371218591004312,0.3777048885106987,2.1085700870495128,1.956350003029508,-0.10361856120508274,1.0,0.0,0.0,0.0,0.0,1.0,0.0,0.0,1.0,0.0,1.0,0.0,1.0
1.6026286986502938,0.5139759194527543,1.850566336126294,-0.42379089612738885,-0.7259058616639729,0.6834892150535836,-0.10361856120508274,0.0,0.0,1.0,0.0,0.0,1.0,0.0,0.0,1.0,1.0,0.0,1.0,0.0
-0.5932230828444355,0.500950406987956,-0.451516254914953,2.7821922424249617,-1.0002099857330198,-0.46389647492064845,0.9490144415132162,1.0,0.0,0.0,0.0,0.0,0.0,1.0,0.0,1.0,1.0,0.0,1.0,0.0
0.4569668996095656,-0.4464051342017737,0.20256742101873834,1.980696457786874,-0.9087752777100041,1.2461868194941599,-1.1562515639233817,1.0,0.0,0.0,0.0,1.0,0.0,0.0,0.0,1.0,0.0,1.0,1.0,0.0
0.8388541659564751,1.373158760880774,1.5693690713230326,-0.42379089612738885,-0.8173405696869884,-0.8467895574825116,2.0016474442315153,0.0,0.0,1.0,1.0,0.0,0.0,0.0,1.0,0.0,1.0,0.0,1.0,0.0
1.6503646069436575,-0.2830852471431527,1.230604451158265,-1.2252866807654765,0.27987592658919946,-0.8105699415644976,-1.1562515639233817,0.0,1.0,0.0,0.0,1.0,0.0,0.0,0.0,1.0,1.0,0.0,1.0,0.0
-0.7841667160178902,-0.945382457853265,-0.8121905851122434,0.3777048885106987,-0.8173405696869884,-0.2582207988147826,-1.1562515639233817,1.0,0.0,0.0,0.0,1.0,0.0,0.0,0.0,1.0,1.0,0.0,1.0,0.0
1.459420973770203,-1.273525175716445,0.3545898197245469,1.980696457786874,0.09700651054316815,-0.5635004186951872,-1.1562515639233817,0.0,1.0,0.0,0.0,1.0,0.0,0.0,0.0,1.0,1.0,0.0,1.0,0.0
1.2207414323033845,1.1697603739304672,1.898898177860568,-0.42379089612738885,-0.17729761352587883,-0.4237961858685615,0.9490144415132162,0.0,0.0,1.0,0.0,0.0,0.0,1.0,0.0,1.0,0.0,1.0,1.0,0.0
-0.020392183324071236,1.8566056658242376,0.6341017222176142,0.3777048885106987,-0.2687323215488945,-0.8920640773800292,2.0016474442315153,1.0,0.0,0.0,0.0,0.0,0.0,1.0,1.0,0.0,1.0,0.0,1.0,0.0
2.175459598170658,0.7814999062297583,2.6730707142113515,-0.42379089612738885,-0.6344711536409572,0.8826971026026612,2.0016474442315153,0.0,0.0,1.0,0.0,0.0,1.0,0.0,1.0,0.0,1.0,0.0,0.0,1.0
-1.0705821657780723,0.587119181755081,-0.9311853191908624,0.3777048885106987,-0.8173405696869884,-1.4845135091818313,0.9490144415132162,1.0,0.0,0.0,1.0,0.0,0.0,0.0,0.0,1.0,1.0,0.0,0.0,1.0
-0.30680763308425335,0.48291508203669736,-0.11632623384358054,-1.2252866807654765,-0.9087752777100041,0.6201048871970593,-0.10361856120508274,1.0,0.0,0.0,1.0,0.0,0.0,0.0,1.0,0.0,0.0,1.0,0.0,1.0
1.9845159649972033,-0.09020746641441339,1.7121423647700753,1.980696457786874,0.27987592658919946,-1.3991387002322266,-0.10361856120508274,1.0,0.0,0.0,0.0,0.0,1.0,0.0,1.0,0.0,1.0,0.0,0.0,1.0
0.12281554155601981,-0.4253639217586384,-0.06738956450605132,-0.42379089612738885,0.27987592658919946,-0.44319955153892615,-0.10361856120508274,1.0,0.0,0.0,1.0,0.0,0.0,0.0,1.0,0.0,0.0,1.0,1.0,0.0
0.26602326643611085,-1.4839373001477967,-0.35150223427331745,1.1792006731487863,-1.0002099857330198,-0.3228986843826649,-1.1562515639233817,0.0,0.0,1.0,1.0,0.0,0.0,0.0,1.0,0.0,1.0,0.0,1.0,0.0
0.8388541659564751,-0.2149517973272864,0.5938636970617316,-1.2252866807654765,-0.6344711536409572,-0.7627083062442647,-1.1562515639233817,0.0,0.0,1.0,0.0,0.0,1.0,0.0,0.0,1.0,1.0,0.0,0.0,1.0
1.5071568820635666,0.8897118559373112,2.025042110125978,-0.42379089612738885,0.27987592658919946,-1.5246137982339183,0.9490144415132162,0.0,0.0,1.0,1.0,0.0,0.0,0.0,0.0,1.0,1.0,0.0,1.0,0.0
-1.2137898906581635,-0.5801671275902757,-1.0890928943508165,0.3777048885106987,2.5657436271645913,0.2786056513986406,-1.1562515639233817,1.0,0.0,0.0,0.0,0.0,1.0,0.0,0.0,1.0,0.0,1.0,1.0,0.0
1.316213248890112,-0.5025150340501341,0.8237865319036459,0.3777048885106987,-0.6344711536409572,0.8684679677777272,-0.10361856120508274,0.0,0.0,1.0,0.0,0.0,1.0,0.0,1.0,0.0,1.0,0.0,0.0,1.0
-1.118318074071436,-0.6733496398384458,-1.011552636450357,0.3777048885106987,1.1027882987963404,-0.38498945452783206,-1.1562515639233817,0.0,1.0,0.0,0.0,0.0,1.0,0.0,1.0,0.0,1.0,0.0,0.0,1.0
0.26602326643611085,-0.40482369056414913,0.05043628926065897,0.3777048885106987,-0.36016702957191016,-0.8041021530077094,-1.1562515639233817,0.0,1.0,0.0,0.0,0.0,1.0,0.0,0.0,1.0,1.0,0.0,0.0,1.0
-0.21133581649752597,-0.24851754098657355,-0.2617159163608837,1.1792006731487863,-0.6344711536409572,-0.16767175901974737,-0.10361856120508274,0.0,1.0,0.0,1.0,0.0,0.0,0.0,0.0,1.0,1.0,0.0,0.0,1.0
-1.1660539823647997,0.407767894739786,-1.0487189528795957,-0.42379089612738885,1.3770924228653874,-0.29444041473279686,0.9490144415132162,1.0,0.0,0.0,1.0,0.0,0.0,0.0,1.0,0.0,1.0,0.0,1.0,0.0
1.4116850654768394,-1.16180635726837,0.39762772097639726,0.3777048885106987,-0.8173405696869884,-0.9360450395661893,-1.1562515639233817,0.0,0.0,1.0,0.0,0.0,1.0,0.0,0.0,1.0,1.0,0.0,1.0,0.0
1.6981005152370212,-1.327631150570221,0.37016582946230797,-0.42379089612738885,1.7428312549574503,-0.33195358836216865,-1.1562515639233817,0.0,0.0,1.0,0.0,0.0,1.0,0.0,0.0,1.0,0.0,1.0,1.0,0.0
-1.2137898906581635,-0.6142338524982088,-1.0895550098229665,-1.2252866807654765,-0.36016702957191016,-0.012444833656829812,-0.10361856120508274,1.0,0.0,0.0,0.0,1.0,0.0,0.0,1.0,0.0,0.0,1.0,1.0,0.0
-1.2137898906581635,-0.6568172586331253,-1.0762895774459553,0.3777048885106987,-0.08586290550286318,0.836129024993786,-1.1562515639233817,1.0,0.0,0.0,1.0,0.0,0.0,0.0,1.0,0.0,1.0,0.0,0.0,1.0
0.2182873581427472,-0.7830645332919367,-0.14624141484952463,1.1792006731487863,-0.9087752777100041,-1.101620426619968,-0.10361856120508274,0.0,1.0,0.0,0.0,0.0,0.0,1.0,0.0,1.0,0.0,1.0,1.0,0.0
0.6001746244896566,0.9593482494991158,1.0221563941397906,1.1792006731487863,-0.7259058616639729,-0.5518583992929683,2.0016474442315153,0.0,0.0,1.0,0.0,0.0,1.0,0.0,0.0,1.0,1.0,0.0,1.0,0.0
-0.6409589911377991,-1.9388282739184335,-0.8908385609827094,0.3777048885106987,-1.0002099857330198,-0.08747118091557345,-1.1562515639233817,0.0,1.0,0.0,0.0,0.0,1.0,0.0,0.0,1.0,0.0,1.0,0.0,1.0
-1.1660539823647997,-0.6152358149955012,-1.0337681581923905,-0.42379089612738885,2.840047751233638,-1.3241123529734833,-1.1562515639233817,1.0,0.0,0.0,1.0,0.0,0.0,0.0,1.0,0.0,1.0,0.0,1.0,0.0
0.12281554155601981,-1.8346241742000498,-0.6079219547904195,1.1792006731487863,4.485872495647921,-0.011151275945472239,-1.1562515639233817,0.0,0.0,1.0,0.0,1.0,0.0,0.0,0.0,1.0,0.0,1.0,1.0,0.0
-0.8796385326046176,0.6487398753385486,-0.7311029113814561,-0.42379089612738885,-0.9087752777100041,0.8658808523550121,0.9490144415132162,1.0,0.0,0.0,0.0,0.0,1.0,0.0,0.0,1.0,0.0,1.0,0.0,1.0
-0.7364308077245265,1.3931980108266173,-0.4498988507624281,0.3777048885106987,0.27987592658919946,0.6640858493832189,0.9490144415132162,1.0,0.0,0.0,0.0,0.0,0.0,1.0,0.0,1.0,1.0,0.0,1.0,0.0
0.1705514498493835,-1.3536821754998172,-0.3980263890135931,-0.42379089612738885,3.480090707394748,0.4286583459161275,-1.1562515639233817,0.0,1.0,0.0,1.0,0.0,0.0,0.0,0.0,1.0,1.0,0.0,0.0,1.0
-0.9273744408979813,-0.7565125271136945,-0.892775368476279,1.1792006731487863,1.8342659629804658,1.594153843849367,-0.10361856120508274,1.0,0.0,0.0,0.0,1.0,0.0,0.0,1.0,0.0,0.0,1.0,1.0,0.0
-0.020392183324071236,-0.6533103898926028,-0.25405703199157453,-1.2252866807654765,-0.8173405696869884,0.8801099871799462,-1.1562515639233817,0.0,0.0,1.0,0.0,0.0,1.0,0.0,0.0,1.0,1.0,0.0,0.0,1.0
-0.354543541377617,1.2358898987517495,0.013365114252157147,-1.2252866807654765,-1.0002099857330198,0.13502074543794193,0.9490144415132162,1.0,0.0,0.0,1.0,0.0,0.0,0.0,0.0,1.0,1.0,0.0,0.0,1.0
-0.25907172479088963,-0.5766602588497531,-0.4059774934608795,-1.2252866807654765,0.6456147586812622,0.7494606583328239,-1.1562515639233817,1.0,0.0,0.0,0.0,0.0,1.0,0.0,1.0,0.0,1.0,0.0,1.0,0.0
-1.2137898906581635,-0.9829560515017207,-1.0945567302274133,-1.2252866807654765,-1.0002099857330198,0.8141385439007062,-1.1562515639233817,0.0,1.0,0.0,1.0,0.0,0.0,0.0,0.0,1.0,0.0,1.0,1.0,0.0
0.26602326643611085,-0.8071116332269481,-0.08877599672452162,-0.42379089612738885,-0.5430364456179415,-0.44449310925028374,-1.1562515639233817,0.0,1.0,0.0,0.0,0.0,1.0,0.0,0.0,1.0,1.0,0.0,1.0,0.0
-0.9273744408979813,-0.6382809524332207,-0.8841174991892339,-0.42379089612738885,-1.0002099857330198,0.8542388329527931,-0.10361856120508274,1.0,0.0,0.0,0.0,0.0,1.0,0.0,1.0,0.0,1.0,0.0,0.0,1.0
-0.7841667160178902,1.7669300223165898,-0.44392532870331297,-0.42379089612738885,-0.17729761352587883,0.5476656553610308,2.0016474442315153,1.0,0.0,0.0,0.0,0.0,1.0,0.0,0.0,1.0,1.0,0.0,1.0,0.0
-0.25907172479088963,-1.260499663251647,-0.5856656581537847,-0.42379089612738885,-0.45160173759492583,-0.45484157094114486,-1.1562515639233817,0.0,0.0,1.0,0.0,1.0,0.0,0.0,0.0,1.0,1.0,0.0,0.0,1.0
1.55489279035693,-0.9559030640748326,0.5940811631662728,-0.42379089612738885,-1.0002099857330198,-1.163711196765135,-1.1562515639233817,0.0,1.0,0.0,1.0,0.0,0.0,0.0,0.0,1.0,0.0,1.0,1.0,0.0
2.0799877815839305,0.4804101757934671,2.3275918280688748,-1.2252866807654765,-1.0002099857330198,0.598114406103979,-0.10361856120508274,0.0,0.0,1.0,1.0,0.0,0.0,0.0,0.0,1.0,1.0,0.0,1.0,0.0
-0.4022794496709807,0.23543034520553596,-0.31031279491006736,1.1792006731487863,1.4685271308884031,-1.544017163904283,-0.10361856120508274,0.0,0.0,1.0,0.0,0.0,1.0,0.0,0.0,1.0,0.0,1.0,0.0,1.0
-0.11586399991079861,-0.5831730150821522,-0.3071663322099873,0.3777048885106987,-0.9087752777100041,1.4544496110227412,-1.1562515639233817,0.0,1.0,0.0,0.0,1.0,0.0,0.0,1.0,0.0,0.0,1.0,0.0,1.0
-0.9273744408979813,1.9863598092235715,-0.6289414129574766,2.7821922424249617,-0.08586290550286318,0.025068339972542004,2.0016474442315153,1.0,0.0,0.0,0.0,0.0,0.0,1.0,0.0,1.0,1.0,0.0,0.0,1.0
-0.6409589911377991,1.0129532431042456,-0.39690507941205283,3.5836880270630487,-0.08586290550286318,0.8154321016120638,0.9490144415132162,1.0,0.0,0.0,0.0,0.0,1.0,0.0,0.0,1.0,1.0,0.0,1.0,0.0
0.07507963326265613,-0.4869846153421056,-0.12068235175017082,-0.42379089612738885,-0.8173405696869884,1.4415140339091645,-1.1562515639233817,0.0,1.0,0.0,0.0,0.0,1.0,0.0,0.0,1.0,1.0,0.0,1.0,0.0
-1.1660539823647997,-0.6988996835193959,-1.0251034930895784,1.980696457786874,0.005571802520152484,0.4778135389477182,-0.10361856120508274,1.0,0.0,0.0,0.0,0.0,1.0,0.0,0.0,1.0,0.0,1.0,0.0,1.0
-0.9273744408979813,-0.6803633773194909,-0.8915861007170696,1.1792006731487863,-0.9087752777100041,0.7494606583328239,-1.1562515639233817,1.0,0.0,0.0,0.0,0.0,1.0,0.0,0.0,1.0,0.0,1.0,1.0,0.0
-0.7841667160178902,0.704348793938263,-0.6208543921948521,-1.2252866807654765,-0.9087752777100041,-1.0524652335883775,2.0016474442315153,0.0,1.0,0.0,1.0,0.0,0.0,0.0,1.0,0.0,0.0,1.0,0.0,1.0
0.1705514498493835,0.8907138184346032,0.5433028277559104,-1.2252866807654765,0.4627453426352308,1.0081722006043532,0.9490144415132162,1.0,0.0,0.0,0.0,1.0,0.0,0.0,1.0,0.0,1.0,0.0,0.0,1.0
0.12281554155601981,-0.9338598891344054,-0.20762122285626863,1.1792006731487863,-0.9087752777100041,0.23850536234655365,-1.1562515639233817,0.0,0.0,1.0,0.0,0.0,1.0,0.0,0.0,1.0,0.0,1.0,1.0,0.0
-0.11586399991079861,-0.3757667781426768,-0.20100209829929688,-0.42379089612738885,0.8284841747272934,-0.5841973420769095,-0.10361856120508274,0.0,1.0,0.0,0.0,0.0,1.0,0.0,0.0,1.0,1.0,0.0,1.0,0.0
-0.7841667160178902,0.819073499878214,-0.6163759496044574,-1.2252866807654765,-0.17729761352587883,1.7092804801601973,0.9490144415132162,0.0,1.0,0.0,0.0,1.0,0.0,0.0,0.0,1.0,0.0,1.0,0.0,1.0
0.2182873581427472,-0.3827805156237219,0.04544816048774603,-0.42379089612738885,4.485872495647921,-1.233563313178448,-0.10361856120508274,1.0,0.0,0.0,0.0,1.0,0.0,0.0,1.0,0.0,1.0,0.0,1.0,0.0
-0.020392183324071236,-1.426324456553498,-0.5512788303732128,0.3777048885106987,0.09700651054316815,0.7895609473849109,-1.1562515639233817,0.0,1.0,0.0,0.0,0.0,0.0,1.0,1.0,0.0,1.0,0.0,0.0,1.0
-1.118318074071436,-1.0966787949443801,-1.039191219174386,-1.2252866807654765,-0.36016702957191016,0.6860763304762991,-1.1562515639233817,1.0,0.0,0.0,0.0,1.0,0.0,0.0,0.0,1.0,1.0,0.0,1.0,0.0
-0.5454871745510718,-0.0716711602145087,-0.4651350697118435,1.1792006731487863,-0.08586290550286318,1.3199196090415455,-0.10361856120508274,1.0,0.0,0.0,0.0,0.0,1.0,0.0,0.0,1.0,1.0,0.0,0.0,1.0
1.5071568820635666,1.205330042584339,2.2934428538401446,1.1792006731487863,-0.36016702957191016,0.8865777757367344,0.9490144415132162,1.0,0.0,0.0,0.0,1.0,0.0,0.0,0.0,1.0,1.0,0.0,1.0,0.0
-0.7841667160178902,-0.06265349773887935,-0.7188160764748802,1.1792006731487863,-0.7259058616639729,0.23462468921248056,-0.10361856120508274,1.0,0.0,0.0,0.0,1.0,0.0,0.0,0.0,1.0,1.0,0.0,0.0,1.0
-0.8796385326046176,1.3516165671889933,-0.6432262176995245,1.1792006731487863,-0.08586290550286318,0.32776084443023096,2.0016474442315153,1.0,0.0,0.0,1.0,0.0,0.0,0.0,0.0,1.0,0.0,1.0,0.0,1.0
-1.118318074071436,-0.08118980393878403,-1.0624532965445237,1.1792006731487863,2.0171353790264974,-1.9256166887547888,-0.10361856120508274,1.0,0.0,0.0,0.0,0.0,1.0,0.0,0.0,1.0,1.0,0.0,0.0,1.0
-0.7841667160178902,-0.07668097270096953,-0.6996450801964231,-1.2252866807654765,0.27987592658919946,0.44547459616377705,-0.10361856120508274,1.0,0.0,0.0,1.0,0.0,0.0,0.0,0.0,1.0,0.0,1.0,0.0,1.0
0.12281554155601981,-0.49199442782856645,-0.08263937508700062,-0.42379089612738885,1.194223006819356,-0.5880780152109824,-0.10361856120508274,1.0,0.0,0.0,0.0,0.0,0.0,1.0,0.0,1.0,0.0,1.0,1.0,0.0
-1.0705821657780723,0.9688668932233911,-0.9209644122774276,-0.42379089612738885,-0.6344711536409572,-0.6242976311289966,0.9490144415132162,1.0,0.0,0.0,0.0,1.0,0.0,0.0,0.0,1.0,0.0,1.0,1.0,0.0
-0.8319026243112538,-0.14581638501412814,-0.7241915667465073,0.3777048885106987,-0.17729761352587883,0.44288748074106155,-0.10361856120508274,1.0,0.0,0.0,0.0,0.0,1.0,0.0,1.0,0.0,0.0,1.0,1.0,0.0
-1.0705821657780723,-1.7389367557086495,-1.0378728309156051,0.3777048885106987,-0.45160173759492583,-0.3423020500530296,-1.1562515639233817,1.0,0.0,0.0,1.0,0.0,0.0,0.0,0.0,1.0,1.0,0.0,1.0,0.0
-1.0705821657780723,0.11719877052506207,-0.9280864272011509,1.1792006731487863,-0.8173405696869884,-1.9256166887547888,-0.10361856120508274,1.0,0.0,0.0,1.0,0.0,0.0,0.0,0.0,1.0,0.0,1.0,1.0,0.0
-1.1660539823647997,0.30506673876734053,-1.057526330113513,0.3777048885106987,2.3828742111185597,-0.018912622213618044,-0.10361856120508274,1.0,0.0,0.0,0.0,0.0,0.0,1.0,1.0,0.0,1.0,0.0,1.0,0.0
-1.0228462574847086,0.743425331332657,-0.9019225364985419,0.3777048885106987,-1.0002099857330198,-0.4496673400957144,0.9490144415132162,1.0,0.0,0.0,1.0,0.0,0.0,0.0,1.0,0.0,0.0,1.0,1.0,0.0
0.26602326643611085,0.09214970809275827,0.28638021687205695,1.980696457786874,-0.7259058616639729,0.10268180265400077,-0.10361856120508274,1.0,0.0,0.0,0.0,0.0,1.0,0.0,1.0,0.0,1.0,0.0,1.0,0.0
2.0799877815839305,0.45486013211251697,2.3352303249908837,1.980696457786874,2.840047751233638,1.7519678846349998,0.9490144415132162,0.0,0.0,1.0,1.0,0.0,0.0,0.0,0.0,1.0,0.0,1.0,1.0,0.0
-0.9751103491913449,-0.8667284018158311,-0.9098736409458282,-0.42379089612738885,-0.6344711536409572,0.9939430657794187,-1.1562515639233817,1.0,0.0,0.0,1.0,0.0,0.0,0.0,0.0,1.0,1.0,0.0,0.0,1.0
-0.5932230828444355,0.4804101757934671,-0.4371770836467699,-1.2252866807654765,0.5541800506582465,-0.8648993654415188,-0.10361856120508274,0.0,1.0,0.0,0.0,0.0,1.0,0.0,0.0,1.0,0.0,1.0,1.0,0.0
-1.0228462574847086,0.3832198135561285,-0.8714636902312449,-0.42379089612738885,0.37131063461221514,1.9097819254206325,0.9490144415132162,1.0,0.0,0.0,0.0,0.0,0.0,1.0,0.0,1.0,1.0,0.0,1.0,0.0
-0.21133581649752597,1.4287676794804884,0.23705618603581385,-1.2252866807654765,-0.9087752777100041,2.1801354870943803,2.0016474442315153,0.0,1.0,0.0,0.0,1.0,0.0,0.0,1.0,0.0,1.0,0.0,1.0,0.0
-0.6886948994311628,-0.26054109095407946,-0.6473512778700397,-0.42379089612738885,1.9257006710034816,-0.663104362469726,-0.10361856120508274,0.0,1.0,0.0,0.0,1.0,0.0,0.0,1.0,0.0,0.0,1.0,1.0,0.0
-0.06812809161743492,-0.6177407212387314,-0.22893290110130296,-0.42379089612738885,0.18844121856618382,-1.9152682270639274,-0.10361856120508274,1.0,0.0,0.0,0.0,0.0,1.0,0.0,0.0,1.0,1.0,0.0,1.0,0.0
-1.0228462574847086,-0.9338598891344054,-0.9649537277366455,-0.42379089612738885,-1.0002099857330198,-1.4133678350571608,-1.1562515639233817,1.0,0.0,0.0,1.0,0.0,0.0,0.0,0.0,1.0,1.0,0.0,1.0,0.0
-1.2137898906581635,-0.37927364688319937,-1.031430397568573,-0.42379089612738885,-0.45160173759492583,1.6303734597673805,-1.1562515639233817,1.0,0.0,0.0,0.0,0.0,1.0,0.0,1.0,0.0,0.0,1.0,1.0,0.0
-0.21133581649752597,0.16930082038425356,-0.137474812510209,-0.42379089612738885,-0.9087752777100041,1.420817110527442,-0.10361856120508274,1.0,0.0,0.0,0.0,0.0,0.0,1.0,0.0,1.0,0.0,1.0,0.0,1.0
0.4569668996095656,-0.7009036085139801,0.06866266714751554,1.1792006731487863,0.6456147586812622,0.598114406103979,-1.1562515639233817,1.0,0.0,0.0,1.0,0.0,0.0,0.0,0.0,1.0,1.0,0.0,1.0,0.0
0.6001746244896566,-0.6317681962008216,0.2212830976408124,-0.42379089612738885,0.37131063461221514,1.0327497971201482,-0.10361856120508274,0.0,0.0,1.0,0.0,0.0,1.0,0.0,0.0,1.0,1.0,0.0,0.0,1.0
-0.354543541377617,-0.9829560515017207,-0.5728419538016227,-1.2252866807654765,-1.0002099857330198,0.4273647882047699,-1.1562515639233817,0.0,1.0,0.0,0.0,0.0,1.0,0.0,1.0,0.0,0.0,1.0,0.0,1.0
0.07507963326265613,-1.874702674091736,-0.6246668448400894,-1.2252866807654765,-0.7259058616639729,1.1491699911423363,-1.1562515639233817,0.0,1.0,0.0,0.0,1.0,0.0,0.0,0.0,1.0,1.0,0.0,0.0,1.0
-1.1660539823647997,0.29454613254577255,-1.015310722569459,-0.42379089612738885,-0.17729761352587883,-0.16896531673110493,-0.10361856120508274,1.0,0.0,0.0,0.0,0.0,0.0,1.0,0.0,1.0,0.0,1.0,0.0,1.0
-0.06812809161743492,-0.8642234955726008,-0.3623007855269398,1.1792006731487863,1.0113535907733249,0.09233334096313946,-1.1562515639233817,0.0,1.0,0.0,0.0,1.0,0.0,0.0,0.0,1.0,1.0,0.0,1.0,0.0
-1.118318074071436,-0.003036729149996433,-1.02190945967913,0.3777048885106987,-0.8173405696869884,1.2345448000919412,-0.10361856120508274,0.0,1.0,0.0,0.0,1.0,0.0,0.0,1.0,0.0,1.0,0.0,0.0,1.0
-0.9273744408979813,1.1417054240062874,-0.7012896676120157,1.1792006731487863,0.5541800506582465,1.1892702801944237,0.9490144415132162,1.0,0.0,0.0,1.0,0.0,0.0,0.0,0.0,1.0,1.0,0.0,1.0,0.0
-1.0705821657780723,-0.09020746641441339,-0.9174034048155661,-0.42379089612738885,-0.6344711536409572,0.6304533488879203,-0.10361856120508274,0.0,1.0,0.0,1.0,0.0,0.0,0.0,0.0,1.0,1.0,0.0,1.0,0.0
-0.4977512662577081,1.6456925601442391,-0.07501446979652597,0.3777048885106987,-0.7259058616639729,0.2760185359759251,0.9490144415132162,0.0,1.0,0.0,0.0,0.0,1.0,0.0,1.0,0.0,1.0,0.0,1.0,0.0
0.26602326643611085,-1.3286331130675133,-0.3636123779699537,1.980696457786874,-0.08586290550286318,0.019894109127111346,-1.1562515639233817,1.0,0.0,0.0,0.0,0.0,1.0,0.0,0.0,1.0,1.0,0.0,1.0,0.0
-0.8319026243112538,0.5710877817984069,-0.6756014840130905,-0.42379089612738885,-0.7259058616639729,-0.7549469599761188,0.9490144415132162,1.0,0.0,0.0,0.0,0.0,1.0,0.0,1.0,0.0,0.0,1.0,0.0,1.0
0.4569668996095656,1.6416847101550707,1.2195204756424325,1.980696457786874,-0.17729761352587883,0.31223815189393933,2.0016474442315153,0.0,1.0,0.0,0.0,0.0,1.0,0.0,0.0,1.0,1.0,0.0,0.0,1.0
1.1730055240100208,-0.8471901331186344,0.4258167647775456,0.3777048885106987,0.18844121856618382,-1.9256166887547888,-1.1562515639233817,0.0,0.0,1.0,0.0,0.0,1.0,0.0,0.0,1.0,1.0,0.0,0.0,1.0
-0.1635999082041623,-1.4864422063910272,-0.584027866553959,-1.2252866807654765,-0.2687323215488945,0.5916466175471908,-1.1562515639233817,0.0,1.0,0.0,1.0,0.0,0.0,0.0,0.0,1.0,1.0,0.0,1.0,0.0
-1.2137898906581635,0.44133363839907314,-1.075236226002084,0.3777048885106987,0.09700651054316815,0.5217945011338778,-0.10361856120508274,1.0,0.0,0.0,1.0,0.0,0.0,0.0,0.0,1.0,1.0,0.0,1.0,0.0
0.31375917472947457,0.19785675155708027,0.38812717053425505,-0.42379089612738885,-0.5430364456179415,-0.06806781524520875,-0.10361856120508274,0.0,1.0,0.0,0.0,1.0,0.0,0.0,0.0,1.0,0.0,1.0,0.0,1.0
-0.8796385326046176,1.3967048795671395,-0.6918978502221441,0.3777048885106987,-0.45160173759492583,-0.07970983464742763,2.0016474442315153,1.0,0.0,0.0,0.0,0.0,1.0,0.0,1.0,0.0,1.0,0.0,1.0,0.0
-1.0228462574847086,0.057582001936178795,-0.8649532987265436,-0.42379089612738885,-0.5430364456179415,1.9886889458134491,0.9490144415132162,1.0,0.0,0.0,0.0,1.0,0.0,0.0,0.0,1.0,1.0,0.0,1.0,0.0
-0.9273744408979813,0.7759891124946515,-0.7626558839872261,-0.42379089612738885,-0.45160173759492583,-0.4820062828796555,-0.10361856120508274,1.0,0.0,0.0,1.0,0.0,0.0,0.0,0.0,1.0,0.0,1.0,1.0,0.0
-0.7841667160178902,-1.3732204441970142,-0.8740393044069042,-0.42379089612738885,0.005571802520152484,0.9525492190159742,-1.1562515639233817,0.0,1.0,0.0,0.0,0.0,1.0,0.0,1.0,0.0,0.0,1.0,1.0,0.0
-0.8319026243112538,0.11369190178453917,-0.7401073672726137,-1.2252866807654765,0.09700651054316815,0.26955074741913687,-0.10361856120508274,0.0,1.0,0.0,0.0,0.0,0.0,1.0,0.0,1.0,1.0,0.0,1.0,0.0
0.5524387161962929,1.0840925804119885,1.0458873827978454,-0.42379089612738885,0.005571802520152484,0.009545647436250028,2.0016474442315153,0.0,1.0,0.0,0.0,0.0,1.0,0.0,1.0,0.0,1.0,0.0,1.0,0.0
1.0297977991299299,-0.5846759588280905,0.5409378838690253,1.1792006731487863,1.9257006710034816,0.6369211374447085,-0.10361856120508274,0.0,0.0,1.0,0.0,0.0,1.0,0.0,0.0,1.0,1.0,0.0,0.0,1.0
0.5047028079029293,0.7339066876083816,0.8325463384271947,-1.2252866807654765,1.7428312549574503,0.10397536036535836,0.9490144415132162,0.0,0.0,1.0,0.0,1.0,0.0,0.0,0.0,1.0,1.0,0.0,0.0,1.0
-0.1635999082041623,0.7594567312893311,0.09840795275928685,1.980696457786874,-0.2687323215488945,0.13631430314929951,-0.10361856120508274,1.0,0.0,0.0,0.0,1.0,0.0,0.0,0.0,1.0,1.0,0.0,1.0,0.0
0.26602326643611085,0.1928469390706191,0.29760690451899463,1.1792006731487863,0.37131063461221514,-0.22588185603084143,-0.10361856120508274,0.0,0.0,1.0,1.0,0.0,0.0,0.0,1.0,0.0,0.0,1.0,1.0,0.0
0.8388541659564751,-0.284588190889091,0.5807953433419608,0.3777048885106987,-0.7259058616639729,-1.277544275364608,-0.10361856120508274,0.0,0.0,1.0,0.0,0.0,1.0,0.0,1.0,0.0,0.0,1.0,0.0,1.0
-1.1660539823647997,0.3742021510804988,-1.0272985415822908,0.3777048885106987,-0.2687323215488945,0.6084628677948404,-0.10361856120508274,1.0,0.0,0.0,0.0,1.0,0.0,0.0,1.0,0.0,1.0,0.0,1.0,0.0
-0.4022794496709807,1.1151534178280453,-0.1108963770458183,1.980696457786874,-0.17729761352587883,1.5165403811679083,2.0016474442315153,0.0,1.0,0.0,1.0,0.0,0.0,0.0,0.0,1.0,0.0,1.0,1.0,0.0
-0.8796385326046176,-0.017064204112086617,-0.8246337237814582,0.3777048885106987,0.005571802520152484,-1.9256166887547888,-0.10361856120508274,1.0,0.0,0.0,1.0,0.0,0.0,0.0,0.0,1.0,0.0,1.0,0.0,1.0
1.4116850654768394,1.2368918612490414,2.22269161589083,-0.42379089612738885,-0.6344711536409572,2.089586447299345,0.9490144415132162,0.0,0.0,1.0,0.0,1.0,0.0,0.0,0.0,1.0,0.0,1.0,0.0,1.0
-1.0228462574847086,0.3246050074645375,-0.8950655583897283,0.3777048885106987,-1.0002099857330198,1.102601913533461,-0.10361856120508274,1.0,0.0,0.0,0.0,0.0,1.0,0.0,0.0,1.0,0.0,1.0,0.0,1.0
-0.5454871745510718,1.1131494928334609,-0.26891268525804285,0.3777048885106987,-0.45160173759492583,-1.123610907713048,0.9490144415132162,0.0,1.0,0.0,0.0,0.0,1.0,0.0,0.0,1.0,1.0,0.0,1.0,0.0
-0.8319026243112538,0.301058888778172,-0.730117518095254,-0.42379089612738885,-0.36016702957191016,-0.24399166398984856,-0.10361856120508274,1.0,0.0,0.0,0.0,1.0,0.0,0.0,0.0,1.0,1.0,0.0,0.0,1.0
0.26602326643611085,-0.9118167141939781,-0.11035271178446542,-0.42379089612738885,2.4743089191415755,-1.379735334561862,-1.1562515639233817,0.0,0.0,1.0,0.0,0.0,1.0,0.0,1.0,0.0,1.0,0.0,0.0,1.0
-0.06812809161743492,-1.519506968801668,-0.5774834959704233,-0.42379089612738885,-0.45160173759492583,0.059994398179198306,-1.1562515639233817,1.0,0.0,0.0,0.0,0.0,1.0,0.0,0.0,1.0,1.0,0.0,0.0,1.0
-1.1660539823647997,1.307530217308138,-0.9876177733192949,1.980696457786874,0.4627453426352308,1.5566406702199949,2.0016474442315153,1.0,0.0,0.0,1.0,0.0,0.0,0.0,1.0,0.0,1.0,0.0,1.0,0.0
0.2182873581427472,0.4227973321991681,0.3857010643054676,-1.2252866807654765,-0.45160173759492583,-1.9256166887547888,-0.10361856120508274,0.0,1.0,0.0,0.0,0.0,1.0,0.0,0.0,1.0,1.0,0.0,0.0,1.0
0.8388541659564751,0.22741464522719892,0.90802746415028,-1.2252866807654765,4.028698955532842,-0.242698106278491,-0.10361856120508274,0.0,0.0,1.0,0.0,0.0,1.0,0.0,0.0,1.0,0.0,1.0,0.0,1.0
-0.25907172479088963,-0.7775537395568298,-0.4559131477161447,-0.42379089612738885,-1.0002099857330198,-0.7989279221622789,-1.1562515639233817,0.0,1.0,0.0,1.0,0.0,0.0,0.0,1.0,0.0,1.0,0.0,1.0,0.0
-0.5932230828444355,-0.5671416151254778,-0.644564993405606,-0.42379089612738885,-0.9087752777100041,0.06646218673598654,-1.1562515639233817,1.0,0.0,0.0,0.0,0.0,1.0,0.0,0.0,1.0,1.0,0.0,1.0,0.0
0.9820618908365661,0.4102728009830162,1.126397412188445,-0.42379089612738885,-0.5430364456179415,-0.3461827231871027,0.9490144415132162,0.0,0.0,1.0,0.0,0.0,1.0,0.0,0.0,1.0,1.0,0.0,1.0,0.0
1.0775337074232936,-0.7194399147138848,0.49158666976971455,-0.42379089612738885,-1.0002099857330198,2.0882928895879878,-0.10361856120508274,0.0,0.0,1.0,0.0,0.0,1.0,0.0,1.0,0.0,1.0,0.0,1.0,0.0
-1.118318074071436,1.8195330534244276,-0.8852116255277067,0.3777048885106987,-0.36016702957191016,-0.8260926341007894,0.9490144415132162,0.0,1.0,0.0,0.0,1.0,0.0,0.0,0.0,1.0,1.0,0.0,0.0,1.0
0.3614950830228382,-0.694390852281581,0.003300511101361356,1.1792006731487863,0.6456147586812622,1.1543442219877669,-1.1562515639233817,0.0,1.0,0.0,0.0,1.0,0.0,0.0,1.0,0.0,1.0,0.0,0.0,1.0
0.6001746244896566,-0.31164117831597904,0.4100164931194765,0.3777048885106987,-0.8173405696869884,-0.15344262419481333,-0.10361856120508274,0.0,1.0,0.0,0.0,0.0,1.0,0.0,1.0,0.0,1.0,0.0,0.0,1.0
0.1705514498493835,1.1497211239846246,0.5982741814944572,-1.2252866807654765,2.7486130432106224,2.541038088563164,0.9490144415132162,0.0,0.0,1.0,0.0,0.0,0.0,1.0,1.0,0.0,0.0,1.0,0.0,1.0
-0.06812809161743492,0.8536412060347938,0.2595979069346591,0.3777048885106987,-0.36016702957191016,0.2604958434396335,0.9490144415132162,1.0,0.0,0.0,0.0,0.0,0.0,1.0,0.0,1.0,1.0,0.0,1.0,0.0
-0.8319026243112538,-0.07617999145232356,-0.7754999757866886,0.3777048885106987,-0.7259058616639729,0.8969262374275953,-0.10361856120508274,1.0,0.0,0.0,1.0,0.0,0.0,0.0,0.0,1.0,1.0,0.0,0.0,1.0
-1.1660539823647997,-1.1227298198739761,-1.0370777204708765,-0.42379089612738885,0.005571802520152484,0.21134065040804276,-0.10361856120508274,1.0,0.0,0.0,1.0,0.0,0.0,0.0,1.0,0.0,1.0,0.0,0.0,1.0
-0.8319026243112538,-0.21545277857593237,-0.7463663135939391,-0.42379089612738885,-0.45160173759492583,-1.025300521649867,-1.1562515639233817,1.0,0.0,0.0,0.0,1.0,0.0,0.0,0.0,1.0,1.0,0.0,1.0,0.0
-0.9751103491913449,-0.9283490953992986,-0.930995036349389,-1.2252866807654765,-0.7259058616639729,1.3018098010825387,-1.1562515639233817,0.0,1.0,0.0,1.0,0.0,0.0,0.0,0.0,1.0,0.0,1.0,1.0,0.0
0.5524387161962929,0.10467423930891018,0.5531363731706315,-0.42379089612738885,-1.0002099857330198,-1.3667997574482855,-0.10361856120508274,0.0,0.0,1.0,0.0,0.0,1.0,0.0,0.0,1.0,0.0,1.0,1.0,0.0
0.6479105327830204,-1.487444168888319,-0.24637776017496466,-1.2252866807654765,-0.45160173759492583,0.014719878281680686,-1.1562515639233817,0.0,0.0,1.0,1.0,0.0,0.0,0.0,0.0,1.0,1.0,0.0,1.0,0.0
0.6956464410763841,1.6486984476361157,1.551081531094274,0.3777048885106987,1.9257006710034816,-0.24011099085577547,2.0016474442315153,0.0,0.0,1.0,0.0,0.0,1.0,0.0,1.0,0.0,1.0,0.0,1.0,0.0
2.0799877815839305,-1.300077181894687,0.6160656271722312,-0.42379089612738885,2.931482459256654,0.1065624757880735,-1.1562515639233817,0.0,0.0,1.0,1.0,0.0,0.0,0.0,0.0,1.0,1.0,0.0,0.0,1.0
-1.0228462574847086,-0.4549218154287567,-0.9262447611283179,-1.2252866807654765,1.4685271308884031,-0.5635004186951872,-1.1562515639233817,1.0,0.0,0.0,1.0,0.0,0.0,0.0,1.0,0.0,0.0,1.0,1.0,0.0
-0.7364308077245265,0.026521164520122216,-0.6555946023953032,-0.42379089612738885,-0.5430364456179415,-1.2219212937762292,-0.10361856120508274,0.0,1.0,0.0,1.0,0.0,0.0,0.0,1.0,0.0,0.0,1.0,1.0,0.0
-0.5454871745510718,0.49042980076638876,-0.4218661107239184,-0.42379089612738885,-0.17729761352587883,-0.6165362848608507,0.9490144415132162,0.0,0.0,1.0,0.0,0.0,0.0,1.0,1.0,0.0,1.0,0.0,1.0,0.0
0.6001746244896566,-0.4794698966124145,0.2949021698437639,1.1792006731487863,-0.9087752777100041,-0.911467443050394,-0.10361856120508274,0.0,0.0,1.0,0.0,1.0,0.0,0.0,0.0,1.0,1.0,0.0,0.0,1.0
0.31375917472947457,-0.41083546554790223,0.08783366342597271,0.3777048885106987,-0.36016702957191016,-0.08876473862693102,-1.1562515639233817,0.0,1.0,0.0,0.0,0.0,1.0,0.0,0.0,1.0,1.0,0.0,0.0,1.0
-0.4977512662577081,-1.425322494056206,-0.776077620126876,-1.2252866807654765,1.0113535907733249,-1.9256166887547888,-1.1562515639233817,0.0,1.0,0.0,0.0,0.0,1.0,0.0,0.0,1.0,1.0,0.0,1.0,0.0
-1.0228462574847086,0.5164808256959845,-0.894250060497699,-0.42379089612738885,-0.7259058616639729,0.38726449915268296,-0.10361856120508274,1.0,0.0,0.0,1.0,0.0,0.0,0.0,1.0,0.0,1.0,0.0,1.0,0.0
-0.9273744408979813,2.632124638728363,-0.5703003187047979,1.1792006731487863,-0.6344711536409572,1.3263873975983338,2.0016474442315153,0.0,1.0,0.0,0.0,1.0,0.0,0.0,1.0,0.0,0.0,1.0,0.0,1.0
-0.6409589911377991,0.26198235138377807,-0.49504345490202073,-1.2252866807654765,-0.8173405696869884,0.4920426737726522,0.9490144415132162,0.0,1.0,0.0,1.0,0.0,0.0,0.0,1.0,0.0,1.0,0.0,0.0,1.0
1.7935723318237486,-0.48999050283398216,1.1290817594163751,-0.42379089612738885,-0.8173405696869884,-0.30220176100094265,-0.10361856120508274,1.0,0.0,0.0,0.0,0.0,1.0,0.0,0.0,1.0,0.0,1.0,1.0,0.0
-0.9273744408979813,-0.5896857713145514,-0.8605088352149836,-0.42379089612738885,-0.8173405696869884,0.4441810384524191,-0.10361856120508274,0.0,1.0,0.0,0.0,0.0,1.0,0.0,0.0,1.0,0.0,1.0,1.0,0.0
-1.118318074071436,-0.12677909756557712,-1.024688948327797,0.3777048885106987,1.1027882987963404,0.2967154593576477,-0.10361856120508274,1.0,0.0,0.0,1.0,0.0,0.0,0.0,0.0,1.0,1.0,0.0,1.0,0.0
-0.7841667160178902,-0.18940175364633663,-0.7425946358433035,-0.42379089612738885,-0.08586290550286318,-0.003389929677326435,-0.10361856120508274,1.0,0.0,0.0,0.0,0.0,1.0,0.0,1.0,0.0,1.0,0.0,1.0,0.0
1.6026286986502938,1.9447783655859465,3.0206766906888713,0.3777048885106987,-0.7259058616639729,0.8012029667871298,2.0016474442315153,0.0,1.0,0.0,0.0,0.0,1.0,0.0,0.0,1.0,0.0,1.0,1.0,0.0
-0.8319026243112538,0.14324979545465782,-0.729417549071262,-0.42379089612738885,-0.8173405696869884,1.306984031927969,0.9490144415132162,0.0,1.0,0.0,1.0,0.0,0.0,0.0,0.0,1.0,0.0,1.0,1.0,0.0
-0.4022794496709807,-0.754007620870464,-0.534160170456363,1.1792006731487863,-0.8173405696869884,1.0198142200065716,-0.10361856120508274,0.0,1.0,0.0,1.0,0.0,0.0,0.0,0.0,1.0,1.0,0.0,0.0,1.0
1.8413082401171124,0.9848982931800652,2.5106507173821684,1.1792006731487863,-0.45160173759492583,0.27989920910999816,0.9490144415132162,0.0,0.0,1.0,1.0,0.0,0.0,0.0,0.0,1.0,1.0,0.0,1.0,0.0
-0.9273744408979813,0.21789600150292288,-0.8145759164464292,-1.2252866807654765,-0.45160173759492583,0.3704482489050334,-1.1562515639233817,0.0,1.0,0.0,0.0,1.0,0.0,0.0,0.0,1.0,1.0,0.0,1.0,0.0
-0.8319026243112538,-1.6527679809415243,-0.9477874971094271,1.1792006731487863,-0.8173405696869884,-0.06806781524520875,-1.1562515639233817,1.0,0.0,0.0,1.0,0.0,0.0,0.0,0.0,1.0,1.0,0.0,1.0,0.0
-1.1660539823647997,0.2414421201892884,-1.0492762097724824,-0.42379089612738885,2.2914395030955443,1.0495660473677977,0.9490144415132162,1.0,0.0,0.0,0.0,0.0,1.0,0.0,0.0,1.0,0.0,1.0,1.0,0.0
-1.118318074071436,0.23142249521636743,-0.9386403290871643,-1.2252866807654765,0.005571802520152484,-0.8636058077301612,0.9490144415132162,1.0,0.0,0.0,0.0,1.0,0.0,0.0,1.0,0.0,1.0,0.0,0.0,1.0
-0.354543541377617,-1.4032793191157784,-0.687378632737148,0.3777048885106987,-0.2687323215488945,1.6303734597673805,-1.1562515639233817,1.0,0.0,0.0,0.0,1.0,0.0,0.0,0.0,1.0,0.0,1.0,1.0,0.0
-0.4022794496709807,1.199819248849232,-0.052832927133327,1.1792006731487863,-0.36016702957191016,-1.8415354375165416,0.9490144415132162,1.0,0.0,0.0,1.0,0.0,0.0,0.0,0.0,1.0,1.0,0.0,1.0,0.0
-0.020392183324071236,-0.6242534774711305,-0.2345734281878394,-1.2252866807654765,1.4685271308884031,-1.9256166887547888,-1.1562515639233817,0.0,1.0,0.0,0.0,0.0,1.0,0.0,0.0,1.0,0.0,1.0,0.0,1.0
-0.5454871745510718,0.33362266994016654,-0.42368738934945066,1.1792006731487863,-0.45160173759492583,-1.2374439863125208,-0.10361856120508274,1.0,0.0,0.0,0.0,0.0,1.0,0.0,0.0,1.0,0.0,1.0,1.0,0.0
-0.9273744408979813,-1.2114035008843314,-0.9638867846612403,-1.2252866807654765,-0.9087752777100041,0.7623962354464003,-1.1562515639233817,1.0,0.0,0.0,0.0,0.0,0.0,1.0,0.0,1.0,1.0,0.0,0.0,1.0
-0.354543541377617,-0.9794491827611982,-0.5292196123938183,-1.2252866807654765,3.6629601234407794,2.4634246258817054,-1.1562515639233817,1.0,0.0,0.0,0.0,0.0,1.0,0.0,0.0,1.0,0.0,1.0,0.0,1.0
-0.9751103491913449,1.8811537470078952,-0.6990266609616342,0.3777048885106987,-0.08586290550286318,0.22815690065569233,2.0016474442315153,0.0,0.0,1.0,0.0,0.0,0.0,1.0,0.0,1.0,1.0,0.0,0.0,1.0
-1.118318074071436,0.004477989579694635,-0.9716611978985868,-0.42379089612738885,-0.36016702957191016,0.039297474797476036,0.9490144415132162,0.0,1.0,0.0,1.0,0.0,0.0,0.0,0.0,1.0,1.0,0.0,1.0,0.0
-0.06812809161743492,-0.08419569143066061,-0.08283645374424102,-0.42379089612738885,0.6456147586812622,-1.4638165858001089,-1.1562515639233817,1.0,0.0,0.0,0.0,0.0,0.0,1.0,0.0,1.0,0.0,1.0,0.0,1.0
-1.0228462574847086,-0.3146470658078556,-0.9025681389963985,0.3777048885106987,1.2856577148423718,0.8607066215095814,-0.10361856120508274,0.0,1.0,0.0,0.0,1.0,0.0,0.0,1.0,0.0,1.0,0.0,0.0,1.0
-0.9273744408979813,0.6617653878033462,-0.7421053371080857,-1.2252866807654765,-0.45160173759492583,0.5062718085975862,-0.10361856120508274,1.0,0.0,0.0,0.0,1.0,0.0,0.0,0.0,1.0,0.0,1.0,0.0,1.0
-1.0228462574847086,-1.2244290133491293,-0.9785589509020021,1.1792006731487863,-0.9087752777100041,0.5644819056086804,-1.1562515639233817,1.0,0.0,0.0,0.0,0.0,1.0,0.0,0.0,1.0,1.0,0.0,0.0,1.0
-1.0705821657780723,2.2528818335032836,-0.8685958559776082,-0.42379089612738885,1.2856577148423718,0.6278662334652051,2.0016474442315153,1.0,0.0,0.0,1.0,0.0,0.0,0.0,0.0,1.0,0.0,1.0,1.0,0.0
1.55489279035693,-0.4594306466665716,1.0186633448355982,-0.42379089612738885,-0.9087752777100041,-0.1961300286696158,-0.10361856120508274,0.0,1.0,0.0,0.0,0.0,1.0,0.0,0.0,1.0,1.0,0.0,1.0,0.0
-0.9751103491913449,-0.6032122650279952,-0.9148141990083729,0.3777048885106987,-0.9087752777100041,2.4647181835930625,-0.10361856120508274,1.0,0.0,0.0,0.0,1.0,0.0,0.0,0.0,1.0,1.0,0.0,1.0,0.0
-0.9751103491913449,-2.0941324609987175,-1.019551311608012,-0.42379089612738885,-0.6344711536409572,1.5178339388792654,-1.1562515639233817,1.0,0.0,0.0,0.0,0.0,1.0,0.0,0.0,1.0,1.0,0.0,1.0,0.0
0.40923099131620194,1.185791773887142,0.909570114329369,0.3777048885106987,4.120133663555857,-1.9256166887547888,0.9490144415132162,0.0,0.0,1.0,0.0,0.0,1.0,0.0,1.0,0.0,0.0,1.0,0.0,1.0
-0.354543541377617,-1.0791444512417674,-0.6089888978658247,-0.42379089612738885,-1.0002099857330198,-0.5725553226746908,-0.10361856120508274,0.0,0.0,1.0,1.0,0.0,0.0,0.0,0.0,1.0,0.0,1.0,0.0,1.0
1.6981005152370212,-0.13679872253849878,1.3975912361828124,1.1792006731487863,-0.6344711536409572,-1.3952580270981538,-0.10361856120508274,0.0,0.0,1.0,0.0,0.0,1.0,0.0,0.0,1.0,0.0,1.0,0.0,1.0
-1.0705821657780723,-0.8121214457134089,-0.985014975880568,-0.42379089612738885,-0.6344711536409572,0.14148853399473016,-1.1562515639233817,1.0,0.0,0.0,1.0,0.0,0.0,0.0,1.0,0.0,1.0,0.0,1.0,0.0
-0.9751103491913449,0.9944169369043405,-0.7975999686606845,-1.2252866807654765,0.27987592658919946,0.18158882304681712,0.9490144415132162,1.0,0.0,0.0,1.0,0.0,0.0,0.0,0.0,1.0,1.0,0.0,0.0,1.0
-0.8319026243112538,-0.4078295780560257,-0.7618811609897981,-0.42379089612738885,-0.17729761352587883,-0.7627083062442647,-0.10361856120508274,1.0,0.0,0.0,0.0,1.0,0.0,0.0,0.0,1.0,0.0,1.0,1.0,0.0
1.9845159649972033,-0.7905792520216277,1.0040659325682726,0.3777048885106987,0.8284841747272934,-0.13145214310173348,-1.1562515639233817,0.0,0.0,1.0,0.0,0.0,1.0,0.0,1.0,0.0,1.0,0.0,0.0,1.0
2.175459598170658,0.5816083880199743,2.503528702458445,-0.42379089612738885,0.37131063461221514,-0.7769374410691988,0.9490144415132162,0.0,1.0,0.0,0.0,1.0,0.0,0.0,0.0,1.0,1.0,0.0,1.0,0.0
-0.06812809161743492,-0.3061303845808722,-0.15245279046048174,-1.2252866807654765,-0.08586290550286318,0.45194238472056525,-0.10361856120508274,1.0,0.0,0.0,1.0,0.0,0.0,0.0,1.0,0.0,1.0,0.0,1.0,0.0
-0.6886948994311628,0.5921289942415415,-0.4731065616064306,-0.42379089612738885,-0.7259058616639729,0.04964593648833699,0.9490144415132162,1.0,0.0,0.0,1.0,0.0,0.0,0.0,0.0,1.0,1.0,0.0,1.0,0.0
-1.2137898906581635,-0.09371433515493593,-1.0824941572411455,-0.42379089612738885,-0.8173405696869884,-0.9735582131955611,-0.10361856120508274,1.0,0.0,0.0,0.0,0.0,1.0,0.0,1.0,0.0,0.0,1.0,0.0,1.0
2.1277236898772944,-0.039107379052513845,1.8586601527046853,-0.42379089612738885,-1.0002099857330198,0.3989065185549015,-0.10361856120508274,0.0,0.0,1.0,0.0,0.0,1.0,0.0,0.0,1.0,1.0,0.0,1.0,0.0
-0.7841667160178902,-0.6858741710545977,-0.8017250288311997,-0.42379089612738885,0.4627453426352308,-0.5052903216840932,-1.1562515639233817,0.0,1.0,0.0,1.0,0.0,0.0,0.0,0.0,1.0,0.0,1.0,1.0,0.0
-1.0705821657780723,-0.7299605209354525,-0.9841315198308694,1.1792006731487863,-0.9087752777100041,1.6057958632515856,-1.1562515639233817,1.0,0.0,0.0,0.0,0.0,1.0,0.0,1.0,0.0,1.0,0.0,0.0,1.0
-1.0228462574847086,1.508924679263861,-0.8158059591002402,-0.42379089612738885,2.4743089191415755,0.3989065185549015,0.9490144415132162,1.0,0.0,0.0,0.0,0.0,1.0,0.0,0.0,1.0,1.0,0.0,1.0,0.0
-0.30680763308425335,-1.353181194251171,-0.6535354702179291,-1.2252866807654765,-0.45160173759492583,1.0314562394087905,-1.1562515639233817,1.0,0.0,0.0,0.0,1.0,0.0,0.0,0.0,1.0,1.0,0.0,0.0,1.0
1.745836423530385,-0.7545086021191103,0.8933824811725861,0.3777048885106987,-0.5430364456179415,1.6057958632515856,-1.1562515639233817,0.0,0.0,1.0,0.0,0.0,1.0,0.0,0.0,1.0,0.0,1.0,0.0,1.0
-1.118318074071436,0.35165799489142524,-0.9896633138651354,-1.2252866807654765,0.005571802520152484,1.2681773005872397,0.9490144415132162,1.0,0.0,0.0,1.0,0.0,0.0,0.0,0.0,1.0,1.0,0.0,1.0,0.0
-0.11586399991079861,1.866124309548513,0.4909682505349257,-1.2252866807654765,-1.0002099857330198,-0.9205223470298975,2.0016474442315153,0.0,1.0,0.0,0.0,0.0,1.0,0.0,0.0,1.0,1.0,0.0,0.0,1.0
-1.1660539823647997,-0.8291548081673754,-1.0775943740732024,0.3777048885106987,-0.6344711536409572,-0.5867844574996248,-1.1562515639233817,1.0,0.0,0.0,1.0,0.0,0.0,0.0,0.0,1.0,0.0,1.0,0.0,1.0
0.7911182576631114,-0.8101175207188247,0.22627122641372532,-1.2252866807654765,-0.8173405696869884,0.28377988224407125,-0.10361856120508274,0.0,0.0,1.0,1.0,0.0,0.0,0.0,1.0,0.0,0.0,1.0,1.0,0.0
0.9820618908365661,1.2348879362544576,1.6860736154882028,-0.42379089612738885,-0.5430364456179415,0.15054343797423353,0.9490144415132162,0.0,1.0,0.0,0.0,1.0,0.0,0.0,0.0,1.0,1.0,0.0,1.0,0.0
1.9367800567038396,-0.139804610030375,1.6036403702355673,-1.2252866807654765,0.8284841747272934,0.12467228374708061,-0.10361856120508274,0.0,0.0,1.0,0.0,0.0,1.0,0.0,0.0,1.0,1.0,0.0,1.0,0.0
2.0799877815839305,-0.8511979831078029,1.0219321322194825,0.3777048885106987,0.9199188827503091,0.06128795589055588,-1.1562515639233817,1.0,0.0,0.0,0.0,1.0,0.0,0.0,0.0,1.0,0.0,1.0,1.0,0.0
1.8890441484104759,1.2889939111082336,2.8244814894981376,-0.42379089612738885,-1.0002099857330198,1.4052944179911504,0.9490144415132162,0.0,0.0,1.0,0.0,0.0,0.0,1.0,0.0,1.0,0.0,1.0,0.0,1.0
1.5071568820635666,0.22340679523802967,1.4982712467696053,-0.42379089612738885,0.6456147586812622,-1.0679879261246692,-0.10361856120508274,1.0,0.0,0.0,0.0,0.0,0.0,1.0,0.0,1.0,1.0,0.0,1.0,0.0
-0.9273744408979813,0.4643787758367923,-0.7766212853882288,-0.42379089612738885,-0.08586290550286318,1.6096765363856587,-0.10361856120508274,1.0,0.0,0.0,0.0,0.0,0.0,1.0,1.0,0.0,0.0,1.0,1.0,0.0
-0.6886948994311628,2.246369077270885,-0.2581685005305559,1.1792006731487863,-0.6344711536409572,-1.6151628380289536,2.0016474442315153,1.0,0.0,0.0,0.0,1.0,0.0,0.0,1.0,0.0,1.0,0.0,1.0,0.0
-0.9273744408979813,-0.522554283995977,-0.8330605353324284,-0.42379089612738885,-0.5430364456179415,-0.6643979201810836,-0.10361856120508274,1.0,0.0,0.0,0.0,1.0,0.0,0.0,0.0,1.0,1.0,0.0,1.0,0.0
-1.0228462574847086,1.8641203845539283,-0.7917147922065392,-1.2252866807654765,-0.9087752777100041,-0.5065838793954507,2.0016474442315153,0.0,1.0,0.0,0.0,1.0,0.0,0.0,1.0,0.0,1.0,0.0,1.0,0.0
0.31375917472947457,0.6312055316359355,0.5735238204713657,-0.42379089612738885,1.0113535907733249,0.08069132156092057,0.9490144415132162,1.0,0.0,0.0,0.0,1.0,0.0,0.0,1.0,0.0,1.0,0.0,1.0,0.0
0.2182873581427472,-0.6312672149521756,-0.07018944060201893,-0.42379089612738885,-1.0002099857330198,-0.5337485913339614,-1.1562515639233817,1.0,0.0,0.0,1.0,0.0,0.0,0.0,0.0,1.0,1.0,0.0,0.0,1.0
0.7911182576631114,0.4979445194960795,0.9897947194577584,1.1792006731487863,1.9257006710034816,-1.1662983121878503,0.9490144415132162,0.0,0.0,1.0,1.0,0.0,0.0,0.0,0.0,1.0,1.0,0.0,1.0,0.0
1.6503646069436575,1.9542970093102225,3.080024549781309,0.3777048885106987,-0.8173405696869884,-1.2102792743740103,2.0016474442315153,0.0,1.0,0.0,0.0,1.0,0.0,0.0,1.0,0.0,1.0,0.0,1.0,0.0
1.1730055240100208,-0.99197371397735,0.3989936799455463,-0.42379089612738885,0.18844121856618382,-0.07194848837928147,-1.1562515639233817,0.0,0.0,1.0,0.0,0.0,0.0,1.0,0.0,1.0,0.0,1.0,1.0,0.0
0.6956464410763841,-0.22948025353802254,0.46500823430532384,-1.2252866807654765,1.6513965469344345,-0.14826839334938266,-0.10361856120508274,0.0,0.0,1.0,1.0,0.0,0.0,0.0,0.0,1.0,1.0,0.0,1.0,0.0
-0.8796385326046176,0.7784940187378824,-0.7041303186025847,-0.42379089612738885,-0.08586290550286318,0.6563245031150732,-0.10361856120508274,1.0,0.0,0.0,0.0,0.0,1.0,0.0,0.0,1.0,0.0,1.0,1.0,0.0
-1.0705821657780723,1.2088369113248612,-0.9052253029612609,1.980696457786874,-0.7259058616639729,0.0871591101177088,0.9490144415132162,0.0,1.0,0.0,1.0,0.0,0.0,0.0,0.0,1.0,0.0,1.0,1.0,0.0
0.2182873581427472,1.965318596780436,1.0115481257276417,-0.42379089612738885,-0.17729761352587883,-0.8079828261417823,2.0016474442315153,0.0,0.0,1.0,1.0,0.0,0.0,0.0,0.0,1.0,0.0,1.0,1.0,0.0
2.032251873290567,1.3861842733455723,3.1052642095396172,-0.42379089612738885,-0.9087752777100041,0.8943391220048801,0.9490144415132162,0.0,1.0,0.0,1.0,0.0,0.0,0.0,0.0,1.0,1.0,0.0,1.0,0.0
0.8865900742498387,-0.49299639032585874,0.4797279712564542,-0.42379089612738885,0.7370494667042777,-0.8700735962869495,-1.1562515639233817,0.0,1.0,0.0,0.0,0.0,1.0,0.0,1.0,0.0,0.0,1.0,1.0,0.0
1.5071568820635666,-1.6903415745899801,-0.00600296068354043,-0.42379089612738885,-0.5430364456179415,1.2461868194941599,-1.1562515639233817,0.0,0.0,1.0,1.0,0.0,0.0,0.0,0.0,1.0,1.0,0.0,0.0,1.0
-0.8796385326046176,-0.8757460642914607,-0.8790953913374865,0.3777048885106987,-0.45160173759492583,-1.4263034121707374,-1.1562515639233817,1.0,0.0,0.0,0.0,0.0,1.0,0.0,1.0,0.0,0.0,1.0,1.0,0.0
1.8890441484104759,1.3365871297296104,2.9164560600875173,0.3777048885106987,-0.5430364456179415,-1.0046035982681445,0.9490144415132162,1.0,0.0,0.0,1.0,0.0,0.0,0.0,0.0,1.0,1.0,0.0,1.0,0.0
-1.2137898906581635,0.36468350735622346,-1.0762759858144215,-0.42379089612738885,-0.36016702957191016,-0.8390282112143659,-0.10361856120508274,1.0,0.0,0.0,1.0,0.0,0.0,0.0,0.0,1.0,0.0,1.0,1.0,0.0
0.027343724969292445,1.192805511368187,0.467148916271901,1.1792006731487863,-1.0002099857330198,-0.042196661018055824,0.9490144415132162,1.0,0.0,0.0,1.0,0.0,0.0,0.0,1.0,0.0,1.0,0.0,0.0,1.0
1.316213248890112,-0.9363647953776356,0.47370008267120356,3.5836880270630487,-1.0002099857330198,0.45064882700920733,-1.1562515639233817,0.0,1.0,0.0,0.0,0.0,1.0,0.0,1.0,0.0,0.0,1.0,0.0,1.0
2.032251873290567,0.9267844683371206,2.7007636634615158,0.3777048885106987,1.2856577148423718,1.0534467205018707,-0.10361856120508274,0.0,0.0,1.0,1.0,0.0,0.0,0.0,0.0,1.0,1.0,0.0,0.0,1.0
-0.9751103491913449,-1.0746356200039529,-0.9658100005232763,1.980696457786874,-0.9087752777100041,-0.5259872450658154,-0.10361856120508274,0.0,1.0,0.0,1.0,0.0,0.0,0.0,0.0,1.0,0.0,1.0,1.0,0.0
-0.7841667160178902,0.19334792031926543,-0.6638107436574991,-0.42379089612738885,-0.6344711536409572,-0.05513223813163228,0.9490144415132162,0.0,1.0,0.0,0.0,0.0,1.0,0.0,0.0,1.0,1.0,0.0,0.0,1.0
-0.6409589911377991,1.637175878917256,-0.3031160260129082,0.3777048885106987,0.005571802520152484,0.9732461423976965,2.0016474442315153,0.0,0.0,1.0,1.0,0.0,0.0,0.0,0.0,1.0,0.0,1.0,0.0,1.0
-0.9751103491913449,-0.7750488333135993,-0.9539580978257827,1.980696457786874,-0.5430364456179415,0.638214695156066,-1.1562515639233817,1.0,0.0,0.0,0.0,0.0,1.0,0.0,1.0,0.0,1.0,0.0,1.0,0.0
-1.0705821657780723,-0.20042334111655022,-0.9221129051420358,-0.42379089612738885,-0.9087752777100041,0.04059103250883361,-0.10361856120508274,1.0,0.0,0.0,0.0,1.0,0.0,0.0,0.0,1.0,1.0,0.0,0.0,1.0
-0.11586399991079861,1.1712633176764053,0.26024350943251556,-1.2252866807654765,-0.5430364456179415,-1.4664037012228244,0.9490144415132162,1.0,0.0,0.0,1.0,0.0,0.0,0.0,0.0,1.0,0.0,1.0,1.0,0.0
0.26602326643611085,-0.8807558767779212,-0.15821564223082266,-0.42379089612738885,-0.6344711536409572,-0.7135531132126741,-1.1562515639233817,0.0,1.0,0.0,0.0,0.0,1.0,0.0,0.0,1.0,1.0,0.0,1.0,0.0
-0.30680763308425335,-1.3075919006243781,-0.592617777683335,-0.42379089612738885,0.6456147586812622,-1.1106753305994717,-1.1562515639233817,1.0,0.0,0.0,1.0,0.0,0.0,0.0,0.0,1.0,1.0,0.0,0.0,1.0
-1.2137898906581635,0.0961575580819268,-1.075698341474234,1.1792006731487863,-0.36016702957191016,-1.4431196624183866,-1.1562515639233817,1.0,0.0,0.0,0.0,0.0,1.0,0.0,1.0,0.0,0.0,1.0,0.0,1.0
-1.118318074071436,0.43832775090719656,-0.9466865749551874,1.1792006731487863,-1.0002099857330198,-1.3629190843142125,0.9490144415132162,1.0,0.0,0.0,0.0,0.0,1.0,0.0,0.0,1.0,1.0,0.0,1.0,0.0
1.2207414323033845,-1.2970712944028104,0.18156835029898194,-1.2252866807654765,4.485872495647921,1.4816143229612513,-1.1562515639233817,0.0,0.0,1.0,0.0,1.0,0.0,0.0,0.0,1.0,0.0,1.0,0.0,1.0
-0.06812809161743492,-1.6607836809198615,-0.6300491309274833,-1.2252866807654765,2.657178335187607,1.0443918165223671,-1.1562515639233817,0.0,0.0,1.0,0.0,0.0,1.0,0.0,1.0,0.0,1.0,0.0,1.0,0.0
-0.7364308077245265,1.1877956988817258,-0.47521326449417317,-0.42379089612738885,0.37131063461221514,-1.9256166887547888,2.0016474442315153,1.0,0.0,0.0,0.0,1.0,0.0,0.0,0.0,1.0,1.0,0.0,1.0,0.0
-1.0228462574847086,-0.4839787278502294,-0.9114910450983531,-1.2252866807654765,-0.36016702957191016,0.8309547941483554,-0.10361856120508274,1.0,0.0,0.0,1.0,0.0,0.0,0.0,1.0,0.0,0.0,1.0,1.0,0.0
-0.1635999082041623,-0.2810813221485684,-0.25460069725292744,-0.42379089612738885,0.27987592658919946,-1.1662983121878503,-0.10361856120508274,1.0,0.0,0.0,1.0,0.0,0.0,0.0,0.0,1.0,0.0,1.0,1.0,0.0
-0.354543541377617,-1.2244290133491293,-0.6203107269334991,-0.42379089612738885,-0.9087752777100041,0.4390068076069888,-0.10361856120508274,1.0,0.0,0.0,0.0,0.0,0.0,1.0,0.0,1.0,1.0,0.0,1.0,0.0
-1.118318074071436,0.4583670008530399,-1.020298851342372,-0.42379089612738885,-0.2687323215488945,1.8735623095026182,-0.10361856120508274,0.0,0.0,1.0,1.0,0.0,0.0,0.0,0.0,1.0,1.0,0.0,0.0,1.0
1.3639491571834756,0.7444272938299489,1.75587343923015,0.3777048885106987,1.194223006819356,1.2410125886487295,0.9490144415132162,0.0,0.0,1.0,0.0,0.0,1.0,0.0,1.0,0.0,0.0,1.0,0.0,1.0
0.6956464410763841,-1.1071994011659476,0.037762092855369245,1.980696457786874,0.37131063461221514,0.48040065437043333,-1.1562515639233817,0.0,1.0,0.0,0.0,0.0,1.0,0.0,1.0,0.0,0.0,1.0,1.0,0.0
-1.1660539823647997,0.3331216886915209,-1.028059672948185,1.1792006731487863,-0.6344711536409572,-0.8830091734005259,-0.10361856120508274,1.0,0.0,0.0,1.0,0.0,0.0,0.0,1.0,0.0,0.0,1.0,1.0,0.0
1.4116850654768394,0.7374135563489038,1.7878273649661678,-0.42379089612738885,-0.9087752777100041,0.01860055141575377,0.9490144415132162,0.0,1.0,0.0,0.0,0.0,1.0,0.0,0.0,1.0,0.0,1.0,0.0,1.0
-0.8796385326046176,0.21188422651917044,-0.7835054467601102,1.1792006731487863,-0.36016702957191016,1.3031033587938967,-0.10361856120508274,1.0,0.0,0.0,0.0,0.0,1.0,0.0,0.0,1.0,0.0,1.0,0.0,1.0
1.2684773405967482,-0.02007009160396283,1.1501284008464998,0.3777048885106987,-0.5430364456179415,0.42995190362748503,-0.10361856120508274,1.0,0.0,0.0,0.0,0.0,1.0,0.0,0.0,1.0,1.0,0.0,0.0,1.0
-1.118318074071436,-0.2079380598462413,-1.003818998107612,-0.42379089612738885,-0.9087752777100041,0.1751210344900289,-0.10361856120508274,1.0,0.0,0.0,1.0,0.0,0.0,0.0,1.0,0.0,1.0,0.0,1.0,0.0
1.6981005152370212,-0.4519159279368805,1.1584057044505978,-0.42379089612738885,0.4627453426352308,-0.2207076251854108,-0.10361856120508274,1.0,0.0,0.0,0.0,0.0,1.0,0.0,1.0,0.0,0.0,1.0,1.0,0.0
-0.354543541377617,-0.16785955995455537,-0.37017713600079005,0.3777048885106987,-1.0002099857330198,1.8567460592549687,-0.10361856120508274,0.0,1.0,0.0,0.0,0.0,1.0,0.0,0.0,1.0,1.0,0.0,1.0,0.0
-0.4977512662577081,0.3762060760750834,-0.37362941041038117,-0.42379089612738885,-0.36016702957191016,0.2941283439349322,0.9490144415132162,0.0,1.0,0.0,1.0,0.0,0.0,0.0,0.0,1.0,0.0,1.0,0.0,1.0
2.032251873290567,-0.48848755908804387,1.3810298331588493,0.3777048885106987,-0.17729761352587883,0.4829877697931485,-0.10361856120508274,0.0,0.0,1.0,1.0,0.0,0.0,0.0,0.0,1.0,1.0,0.0,1.0,0.0
-1.2137898906581635,-1.143270051068465,-1.0435201538179086,-0.42379089612738885,-0.7259058616639729,-1.1895823509922878,-1.1562515639233817,1.0,0.0,0.0,1.0,0.0,0.0,0.0,1.0,0.0,1.0,0.0,0.0,1.0
-1.118318074071436,0.13673703922225905,-1.0100167820870352,0.3777048885106987,0.09700651054316815,-0.80927638385314,-0.10361856120508274,1.0,0.0,0.0,1.0,0.0,0.0,0.0,0.0,1.0,0.0,1.0,0.0,1.0
-0.5932230828444355,2.0549942402880834,-0.14190568439023524,-0.42379089612738885,-0.5430364456179415,0.08586555240635123,2.0016474442315153,0.0,1.0,0.0,1.0,0.0,0.0,0.0,0.0,1.0,1.0,0.0,0.0,1.0
-0.7364308077245265,0.4754003633070059,-0.5946837056764761,0.3777048885106987,-0.17729761352587883,0.38855805686404055,-0.10361856120508274,0.0,1.0,0.0,0.0,0.0,1.0,0.0,0.0,1.0,1.0,0.0,1.0,0.0
0.31375917472947457,-0.9734374077774454,-0.13996208108089847,-0.42379089612738885,-0.5430364456179415,0.30706392104850866,-1.1562515639233817,1.0,0.0,0.0,1.0,0.0,0.0,0.0,1.0,0.0,0.0,1.0,0.0,1.0
-0.30680763308425335,-0.5756582963524612,-0.4423554952611564,-0.42379089612738885,0.7370494667042777,-1.60610793404945,-1.1562515639233817,0.0,1.0,0.0,0.0,0.0,1.0,0.0,0.0,1.0,1.0,0.0,1.0,0.0
0.07507963326265613,-0.07918587894419978,0.03356227871141794,-1.2252866807654765,-0.08586290550286318,0.3989065185549015,-0.10361856120508274,0.0,0.0,1.0,1.0,0.0,0.0,0.0,0.0,1.0,1.0,0.0,1.0,0.0
1.6981005152370212,0.4673846633286689,1.9113481123455496,-1.2252866807654765,-0.9087752777100041,-0.7484791714193306,-0.10361856120508274,0.0,0.0,1.0,0.0,1.0,0.0,0.0,1.0,0.0,0.0,1.0,0.0,1.0
1.0297977991299299,0.5916280129928959,1.271270612707463,1.980696457786874,0.4627453426352308,-0.6230040734176389,0.9490144415132162,0.0,1.0,0.0,0.0,1.0,0.0,0.0,0.0,1.0,1.0,0.0,0.0,1.0
-0.354543541377617,0.35967369486976225,-0.23981979795989505,-0.42379089612738885,0.7370494667042777,0.04964593648833699,-0.10361856120508274,1.0,0.0,0.0,0.0,0.0,1.0,0.0,0.0,1.0,0.0,1.0,1.0,0.0
1.3639491571834756,-1.3296350755648052,0.21051172965025783,-0.42379089612738885,0.6456147586812622,-0.311256664980446,-1.1562515639233817,0.0,0.0,1.0,1.0,0.0,0.0,0.0,1.0,0.0,1.0,0.0,1.0,0.0
-1.0228462574847086,-0.6452946899142658,-0.9476108058994874,1.980696457786874,1.1027882987963404,0.3251737290075158,-1.1562515639233817,0.0,1.0,0.0,1.0,0.0,0.0,0.0,0.0,1.0,1.0,0.0,1.0,0.0
-1.1660539823647997,0.2624833326324237,-1.0310702193329266,0.3777048885106987,-1.0002099857330198,2.0960542358561334,0.9490144415132162,1.0,0.0,0.0,0.0,0.0,1.0,0.0,0.0,1.0,1.0,0.0,1.0,0.0
-0.7841667160178902,-1.4699098251857068,-0.8610728879236373,0.3777048885106987,-0.08586290550286318,-1.3305801415302714,-1.1562515639233817,1.0,0.0,0.0,1.0,0.0,0.0,0.0,0.0,1.0,1.0,0.0,0.0,1.0
-0.7364308077245265,0.4919327445123263,-0.5893965610098191,-1.2252866807654765,0.18844121856618382,-0.9386321549889046,2.0016474442315153,1.0,0.0,0.0,0.0,0.0,1.0,0.0,0.0,1.0,0.0,1.0,1.0,0.0
0.7911182576631114,-0.18038409117070728,0.6037719964498883,0.3777048885106987,-0.36016702957191016,0.5994079638153367,-1.1562515639233817,1.0,0.0,0.0,1.0,0.0,0.0,0.0,0.0,1.0,0.0,1.0,1.0,0.0
-0.1635999082041623,-0.389794253104767,-0.27373091863678317,-1.2252866807654765,1.2856577148423718,-1.0770428301041728,-1.1562515639233817,0.0,1.0,0.0,0.0,0.0,1.0,0.0,0.0,1.0,0.0,1.0,0.0,1.0
-1.118318074071436,-0.24851754098657355,-1.012171055685146,1.980696457786874,0.27987592658919946,-0.8817156156891681,-0.10361856120508274,1.0,0.0,0.0,0.0,1.0,0.0,0.0,1.0,0.0,0.0,1.0,0.0,1.0
0.12281554155601981,1.2519212987084236,0.6327425590642318,-0.42379089612738885,-0.9087752777100041,1.4557431687340983,0.9490144415132162,1.0,0.0,0.0,0.0,1.0,0.0,0.0,1.0,0.0,0.0,1.0,1.0,0.0
1.8890441484104759,0.7183762689003532,2.3115672944904975,-0.42379089612738885,0.18844121856618382,-0.7148466709240319,0.9490144415132162,0.0,1.0,0.0,0.0,0.0,1.0,0.0,1.0,0.0,1.0,0.0,0.0,1.0
-0.9273744408979813,1.7819594597759718,-0.713399811308652,1.1792006731487863,0.005571802520152484,1.610970094097016,2.0016474442315153,0.0,0.0,1.0,1.0,0.0,0.0,0.0,0.0,1.0,1.0,0.0,1.0,0.0
-1.1660539823647997,-0.1853939036571681,-1.072388779195748,1.1792006731487863,0.5541800506582465,0.041884590220191184,-0.10361856120508274,0.0,1.0,0.0,0.0,1.0,0.0,0.0,1.0,0.0,1.0,0.0,1.0,0.0
-0.11586399991079861,-0.5090277902825332,-0.27059125175247,0.3777048885106987,0.09700651054316815,-1.2128663897967258,-1.1562515639233817,0.0,1.0,0.0,1.0,0.0,0.0,0.0,1.0,0.0,1.0,0.0,1.0,0.0
-0.5932230828444355,-0.350717715710373,-0.6209971043259572,-0.42379089612738885,-0.7259058616639729,-0.5673810918292601,-0.10361856120508274,1.0,0.0,0.0,0.0,1.0,0.0,0.0,1.0,0.0,0.0,1.0,1.0,0.0
1.459420973770203,2.4362409705077472,3.1886964397099895,-1.2252866807654765,-1.0002099857330198,-0.20259781722640402,2.0016474442315153,0.0,1.0,0.0,1.0,0.0,0.0,0.0,1.0,0.0,0.0,1.0,1.0,0.0
0.31375917472947457,0.5690838568038223,0.5383486780618321,-1.2252866807654765,0.4627453426352308,1.4104686488365807,0.9490144415132162,0.0,1.0,0.0,0.0,0.0,1.0,0.0,0.0,1.0,1.0,0.0,0.0,1.0
0.027343724969292445,0.5149778819500462,0.2097777815474313,2.7821922424249617,-0.6344711536409572,-0.20259781722640402,0.9490144415132162,0.0,1.0,0.0,0.0,0.0,0.0,1.0,1.0,0.0,0.0,1.0,1.0,0.0
0.027343724969292445,-0.11024671636025671,0.012644757780864572,-1.2252866807654765,2.0171353790264974,0.3600997872141721,-1.1562515639233817,1.0,0.0,0.0,0.0,0.0,1.0,0.0,1.0,0.0,0.0,1.0,0.0,1.0
-1.118318074071436,1.1407034615089948,-0.9564997329226076,-0.42379089612738885,-0.8173405696869884,-1.1895823509922878,2.0016474442315153,1.0,0.0,0.0,0.0,0.0,1.0,0.0,0.0,1.0,1.0,0.0,0.0,1.0
-1.0705821657780723,-0.8987912017291799,-0.9791230036106556,-0.42379089612738885,-0.2687323215488945,0.39502584542082875,-1.1562515639233817,1.0,0.0,0.0,0.0,0.0,1.0,0.0,0.0,1.0,0.0,1.0,0.0,1.0
0.40923099131620194,0.16679591414102332,0.4443897292685148,-0.42379089612738885,-0.7259058616639729,0.6045821946607673,-0.10361856120508274,1.0,0.0,0.0,0.0,1.0,0.0,0.0,1.0,0.0,0.0,1.0,1.0,0.0
1.9845159649972033,-0.3797746281318453,1.4038229992410702,-0.42379089612738885,-0.6344711536409572,0.5709496941654686,0.9490144415132162,0.0,0.0,1.0,1.0,0.0,0.0,0.0,1.0,0.0,1.0,0.0,1.0,0.0
2.032251873290567,-0.7615223396001554,1.113675645072787,0.3777048885106987,-0.6344711536409572,1.0819049901517388,-1.1562515639233817,1.0,0.0,0.0,0.0,0.0,1.0,0.0,1.0,0.0,1.0,0.0,1.0,0.0
-0.11586399991079861,0.6332094566305201,0.07402456578760856,-1.2252866807654765,-0.8173405696869884,-0.7264886903262506,-0.10361856120508274,1.0,0.0,0.0,0.0,0.0,0.0,1.0,0.0,1.0,0.0,1.0,0.0,1.0
-1.0228462574847086,1.0254777743203976,-0.839455397969092,-0.42379089612738885,-0.6344711536409572,0.47134575039092996,-0.10361856120508274,0.0,1.0,0.0,0.0,0.0,1.0,0.0,1.0,0.0,1.0,0.0,1.0,0.0
-0.7364308077245265,1.4543177231614386,-0.43982065598009845,-0.42379089612738885,-0.9087752777100041,1.0042915274702802,2.0016474442315153,1.0,0.0,0.0,0.0,0.0,1.0,0.0,0.0,1.0,1.0,0.0,1.0,0.0
-1.1660539823647997,0.30206085127546395,-1.0449065002343585,-1.2252866807654765,-0.9087752777100041,-0.5777295535201212,-0.10361856120508274,1.0,0.0,0.0,1.0,0.0,0.0,0.0,0.0,1.0,0.0,1.0,1.0,0.0
-0.9751103491913449,-0.667337864854693,-0.9601151069106045,0.3777048885106987,1.0113535907733249,1.0366304702542213,-0.10361856120508274,1.0,0.0,0.0,0.0,0.0,1.0,0.0,0.0,1.0,1.0,0.0,1.0,0.0
0.4569668996095656,-0.19190665988956684,0.298877722067407,-0.42379089612738885,-0.7259058616639729,-0.2853855107532931,0.9490144415132162,0.0,0.0,1.0,1.0,0.0,0.0,0.0,1.0,0.0,1.0,0.0,0.0,1.0
-0.354543541377617,1.3205557297729362,0.023973382664305976,-0.42379089612738885,-0.8173405696869884,-0.5841973420769095,2.0016474442315153,0.0,1.0,0.0,0.0,1.0,0.0,0.0,1.0,0.0,0.0,1.0,1.0,0.0
-0.5454871745510718,-0.9549011015775407,-0.7116396950250218,-1.2252866807654765,-0.8173405696869884,0.5761239250108993,-1.1562515639233817,0.0,1.0,0.0,0.0,0.0,1.0,0.0,0.0,1.0,1.0,0.0,0.0,1.0
-1.0705821657780723,1.127176967795551,-0.8886231250426962,-1.2252866807654765,1.194223006819356,-0.717433786346747,0.9490144415132162,1.0,0.0,0.0,1.0,0.0,0.0,0.0,0.0,1.0,1.0,0.0,0.0,1.0
0.5524387161962929,-1.2599986820030007,-0.13618360751449576,-0.42379089612738885,-0.45160173759492583,0.24756026632605702,-1.1562515639233817,1.0,0.0,0.0,0.0,0.0,1.0,0.0,1.0,0.0,0.0,1.0,0.0,1.0
-0.8796385326046176,-1.5610884124392925,-0.9336182212354168,-0.42379089612738885,0.005571802520152484,0.05611372504512522,-1.1562515639233817,1.0,0.0,0.0,0.0,0.0,0.0,1.0,0.0,1.0,1.0,0.0,1.0,0.0
1.6981005152370212,0.04605943321731921,1.5875954492098894,-0.42379089612738885,0.6456147586812622,-0.1624975281743167,-1.1562515639233817,0.0,1.0,0.0,0.0,0.0,1.0,0.0,1.0,0.0,0.0,1.0,0.0,1.0
-0.4022794496709807,-0.3086352908241028,-0.4330384318447208,-0.42379089612738885,-1.0002099857330198,-1.9256166887547888,-0.10361856120508274,0.0,0.0,1.0,0.0,0.0,1.0,0.0,0.0,1.0,1.0,0.0,1.0,0.0
-0.7841667160178902,-0.9984864702097491,-0.811531390982853,-0.42379089612738885,-0.9087752777100041,-0.7420113828625424,-1.1562515639233817,0.0,1.0,0.0,0.0,1.0,0.0,0.0,1.0,0.0,1.0,0.0,0.0,1.0
-0.11586399991079861,0.16178610165456286,-0.036536560924273376,0.3777048885106987,2.2000047950725286,0.653737387692358,-0.10361856120508274,0.0,1.0,0.0,1.0,0.0,0.0,0.0,0.0,1.0,1.0,0.0,0.0,1.0
1.459420973770203,-1.7745064243625208,-0.10142300986674373,-1.2252866807654765,1.6513965469344345,-0.5596197455611143,-1.1562515639233817,0.0,1.0,0.0,0.0,0.0,0.0,1.0,0.0,1.0,0.0,1.0,1.0,0.0
2.032251873290567,-0.08519765392795291,1.719529416508708,1.1792006731487863,-0.8173405696869884,0.8749357563345155,-0.10361856120508274,0.0,0.0,1.0,0.0,0.0,1.0,0.0,1.0,0.0,0.0,1.0,1.0,0.0
-0.1635999082041623,-0.9418755891127425,-0.4698921407486815,0.3777048885106987,-0.7259058616639729,1.6083829786743007,-1.1562515639233817,1.0,0.0,0.0,0.0,1.0,0.0,0.0,0.0,1.0,1.0,0.0,1.0,0.0
1.4116850654768394,0.49042980076638876,1.6001880958259762,-0.42379089612738885,-0.7259058616639729,-0.5609133032724719,0.9490144415132162,0.0,0.0,1.0,0.0,0.0,0.0,1.0,0.0,1.0,1.0,0.0,0.0,1.0
0.31375917472947457,-1.855665386643185,-0.5399773887528391,-0.42379089612738885,-0.45160173759492583,-1.3913773539640808,-1.1562515639233817,0.0,1.0,0.0,1.0,0.0,0.0,0.0,0.0,1.0,0.0,1.0,1.0,0.0
2.175459598170658,0.5750956317875755,2.513899117318752,0.3777048885106987,-0.17729761352587883,-0.18578156697875448,-0.10361856120508274,0.0,0.0,1.0,0.0,0.0,1.0,0.0,1.0,0.0,0.0,1.0,1.0,0.0
-1.118318074071436,0.014497614552616295,-0.9956164484769497,0.3777048885106987,-0.45160173759492583,0.5631883478973227,-0.10361856120508274,0.0,1.0,0.0,0.0,0.0,1.0,0.0,0.0,1.0,1.0,0.0,0.0,1.0
-0.6409589911377991,-1.5275226687800054,-0.8522315316108856,-1.2252866807654765,-0.45160173759492583,-1.0395296564748011,-1.1562515639233817,0.0,1.0,0.0,1.0,0.0,0.0,0.0,1.0,0.0,1.0,0.0,1.0,0.0
0.5524387161962929,0.9703698369693294,1.0120442202786264,0.3777048885106987,0.37131063461221514,0.8930455642935226,0.9490144415132162,0.0,0.0,1.0,0.0,0.0,1.0,0.0,0.0,1.0,1.0,0.0,1.0,0.0
-0.6409589911377991,0.34865210739954866,-0.503844036320171,-1.2252866807654765,-0.6344711536409572,2.259042507487197,-0.10361856120508274,0.0,1.0,0.0,0.0,0.0,1.0,0.0,0.0,1.0,1.0,0.0,1.0,0.0
1.8413082401171124,-1.0385649701014354,0.7484141392328314,-0.42379089612738885,-0.08586290550286318,1.3600198980936329,-1.1562515639233817,1.0,0.0,0.0,0.0,0.0,0.0,1.0,0.0,1.0,1.0,0.0,0.0,1.0
1.459420973770203,2.302478977119245,3.072243340728195,-1.2252866807654765,0.18844121856618382,-0.3151373381145191,2.0016474442315153,0.0,0.0,1.0,0.0,0.0,1.0,0.0,1.0,0.0,1.0,0.0,0.0,1.0
2.1277236898772944,-0.35723047194277213,1.5441973697223927,-0.42379089612738885,0.005571802520152484,0.17641459220138647,-1.1562515639233817,0.0,0.0,1.0,0.0,0.0,0.0,1.0,0.0,1.0,1.0,0.0,1.0,0.0
-0.7364308077245265,-1.1582994885278473,-0.8211678577403334,0.3777048885106987,-0.5430364456179415,-1.0020164828454292,-1.1562515639233817,0.0,0.0,1.0,0.0,0.0,1.0,0.0,0.0,1.0,1.0,0.0,0.0,1.0
1.1252696157166573,0.6307045503872899,1.4252909812487435,-1.2252866807654765,1.194223006819356,-0.16120397046295912,0.9490144415132162,1.0,0.0,0.0,0.0,0.0,0.0,1.0,1.0,0.0,1.0,0.0,1.0,0.0
0.1705514498493835,-0.733968370924621,-0.1492043905238981,-0.42379089612738885,0.9199188827503091,-0.4613093594979331,-1.1562515639233817,0.0,0.0,1.0,1.0,0.0,0.0,0.0,1.0,0.0,0.0,1.0,0.0,1.0
-1.0705821657780723,0.5750956317875755,-0.924627356975793,2.7821922424249617,-0.8173405696869884,-0.6605172470470106,-0.10361856120508274,0.0,1.0,0.0,0.0,0.0,1.0,0.0,1.0,0.0,1.0,0.0,1.0,0.0
-0.354543541377617,-1.2840457819380127,-0.6592779345409693,-0.42379089612738885,-1.0002099857330198,0.8348354672824285,-1.1562515639233817,1.0,0.0,0.0,0.0,1.0,0.0,0.0,0.0,1.0,1.0,0.0,1.0,0.0
0.26602326643611085,-0.03259462282011473,0.21437854882163032,-0.42379089612738885,-0.8173405696869884,-1.0201262908044364,-0.10361856120508274,1.0,0.0,0.0,0.0,0.0,1.0,0.0,0.0,1.0,0.0,1.0,1.0,0.0
1.55489279035693,0.8195744811268603,2.036255206141382,-0.42379089612738885,-0.5430364456179415,-0.09393896947236167,0.9490144415132162,0.0,0.0,1.0,0.0,0.0,1.0,0.0,0.0,1.0,1.0,0.0,1.0,0.0
0.12281554155601981,0.5685828755551761,0.3280929340493594,0.3777048885106987,0.5541800506582465,0.5748303672995416,-0.10361856120508274,0.0,1.0,0.0,0.0,0.0,1.0,0.0,0.0,1.0,0.0,1.0,0.0,1.0
0.8388541659564751,-1.229939807084236,0.0011394416874834776,0.3777048885106987,1.6513965469344345,-0.5686746495406177,-1.1562515639233817,0.0,1.0,0.0,0.0,1.0,0.0,0.0,0.0,1.0,1.0,0.0,0.0,1.0
0.027343724969292445,-1.273024194467799,-0.44943673529027817,-0.42379089612738885,-0.45160173759492583,1.3108647050620421,-1.1562515639233817,0.0,1.0,0.0,0.0,1.0,0.0,0.0,0.0,1.0,0.0,1.0,0.0,1.0
1.9845159649972033,1.8345624908838103,3.4763225462287486,-1.2252866807654765,0.4627453426352308,-0.575142438097406,0.9490144415132162,0.0,0.0,1.0,0.0,0.0,0.0,1.0,1.0,0.0,1.0,0.0,0.0,1.0
1.9845159649972033,0.3246050074645375,2.079700856339247,-0.42379089612738885,-0.45160173759492583,0.8193127747461365,-0.10361856120508274,0.0,0.0,1.0,0.0,1.0,0.0,0.0,0.0,1.0,1.0,0.0,0.0,1.0
1.6503646069436575,2.727311075971117,3.722276710464807,0.3777048885106987,-0.5430364456179415,-1.9256166887547888,2.0016474442315153,0.0,0.0,1.0,0.0,1.0,0.0,0.0,0.0,1.0,0.0,1.0,1.0,0.0
2.0799877815839305,-0.4644404591530324,1.416979698565811,-0.42379089612738885,0.4627453426352308,0.04059103250883361,-1.1562515639233817,0.0,0.0,1.0,0.0,0.0,1.0,0.0,0.0,1.0,0.0,1.0,0.0,1.0
-1.0228462574847086,-0.5611298401417251,-1.0118108774494998,-0.42379089612738885,-0.2687323215488945,-0.9916680211545681,-1.1562515639233817,1.0,0.0,0.0,1.0,0.0,0.0,0.0,1.0,0.0,0.0,1.0,1.0,0.0
-0.8319026243112538,0.9463227370343176,-0.6118635279352282,-0.42379089612738885,-1.0002099857330198,-0.4082734933322695,2.0016474442315153,1.0,0.0,0.0,0.0,0.0,1.0,0.0,0.0,1.0,1.0,0.0,0.0,1.0
-0.8796385326046176,0.5089661069662931,-0.7441440818381592,-1.2252866807654765,0.27987592658919946,-0.7717632102237681,0.9490144415132162,1.0,0.0,0.0,0.0,0.0,1.0,0.0,0.0,1.0,0.0,1.0,1.0,0.0
1.2684773405967482,0.17080376413019185,1.2589565945378194,-0.42379089612738885,-0.8173405696869884,0.6226920026197744,0.9490144415132162,0.0,1.0,0.0,0.0,0.0,1.0,0.0,0.0,1.0,0.0,1.0,1.0,0.0
0.07507963326265613,-0.5601278776444327,-0.1590787108332204,0.3777048885106987,-0.17729761352587883,-0.30608243413501574,-1.1562515639233817,0.0,0.0,1.0,0.0,1.0,0.0,0.0,0.0,1.0,1.0,0.0,1.0,0.0
-1.1660539823647997,-1.6883376495953955,-1.098341999609583,-0.42379089612738885,-0.8173405696869884,-1.0084842714022175,-1.1562515639233817,1.0,0.0,0.0,0.0,0.0,1.0,0.0,0.0,1.0,1.0,0.0,0.0,1.0
0.07507963326265613,2.683224726090263,1.1126426810762164,-0.42379089612738885,-0.6344711536409572,0.09621401409721254,2.0016474442315153,0.0,0.0,1.0,1.0,0.0,0.0,0.0,1.0,0.0,0.0,1.0,1.0,0.0
-1.2137898906581635,-0.8642234955726008,-1.086761929542766,-0.42379089612738885,0.4627453426352308,0.8024965244984873,-1.1562515639233817,1.0,0.0,0.0,0.0,1.0,0.0,0.0,1.0,0.0,1.0,0.0,1.0,0.0
-0.7364308077245265,0.666274219041161,-0.5757029922394925,-0.42379089612738885,-0.8173405696869884,0.15054343797423353,0.9490144415132162,1.0,0.0,0.0,1.0,0.0,0.0,0.0,0.0,1.0,1.0,0.0,1.0,0.0
-1.1660539823647997,-0.28058034089992245,-1.0677744202900152,-1.2252866807654765,-0.5430364456179415,-1.0860977340836762,-0.10361856120508274,1.0,0.0,0.0,0.0,0.0,1.0,0.0,0.0,1.0,1.0,0.0,1.0,0.0
-0.4977512662577081,-0.7324654271786827,-0.6237154306327217,0.3777048885106987,-0.36016702957191016,-0.08488406549285793,-0.10361856120508274,0.0,1.0,0.0,1.0,0.0,0.0,0.0,0.0,1.0,1.0,0.0,1.0,0.0
-0.020392183324071236,-0.4909924653312741,-0.1455754249043673,0.3777048885106987,0.005571802520152484,0.09750757180857011,-0.10361856120508274,0.0,0.0,1.0,0.0,0.0,1.0,0.0,0.0,1.0,1.0,0.0,0.0,1.0
-1.1660539823647997,-0.17437231618695448,-1.0605776513928562,-0.42379089612738885,-1.0002099857330198,-0.8209184032553587,-0.10361856120508274,1.0,0.0,0.0,0.0,0.0,1.0,0.0,0.0,1.0,1.0,0.0,0.0,1.0
-0.5932230828444355,0.8015391561756016,-0.3676151134566645,-0.42379089612738885,0.18844121856618382,0.07422353300413234,2.0016474442315153,0.0,1.0,0.0,0.0,0.0,0.0,1.0,0.0,1.0,1.0,0.0,1.0,0.0
-0.7364308077245265,0.12170760176287622,-0.6387749583721974,-0.42379089612738885,0.7370494667042777,0.4040807494003321,-0.10361856120508274,1.0,0.0,0.0,0.0,0.0,0.0,1.0,0.0,1.0,0.0,1.0,1.0,0.0
-0.9273744408979813,0.7068537001814932,-0.7855034165955822,-0.42379089612738885,0.8284841747272934,-1.131372253981194,0.9490144415132162,0.0,0.0,1.0,0.0,0.0,1.0,0.0,1.0,0.0,0.0,1.0,1.0,0.0
-0.1635999082041623,2.0815462464663255,0.49008479448522707,-1.2252866807654765,-0.45160173759492583,0.3212930558734427,2.0016474442315153,0.0,1.0,0.0,0.0,1.0,0.0,0.0,0.0,1.0,0.0,1.0,1.0,0.0
-0.4500153579643444,-0.5090277902825332,-0.5009422229876999,0.3777048885106987,0.6456147586812622,0.09233334096313946,-0.10361856120508274,1.0,0.0,0.0,1.0,0.0,0.0,0.0,0.0,1.0,1.0,0.0,1.0,0.0
1.9367800567038396,0.8325999935916586,2.478350205042038,-0.42379089612738885,-0.5430364456179415,-0.1469748356380251,0.9490144415132162,0.0,0.0,1.0,1.0,0.0,0.0,0.0,0.0,1.0,1.0,0.0,1.0,0.0
0.2182873581427472,-0.7855694395351669,-0.14329882662245202,-1.2252866807654765,-1.0002099857330198,0.012132762858965541,-0.10361856120508274,0.0,1.0,0.0,0.0,0.0,1.0,0.0,1.0,0.0,1.0,0.0,0.0,1.0
2.032251873290567,-1.1247337448685604,0.7593825858806263,-1.2252866807654765,-0.08586290550286318,-1.1986372549717914,-0.10361856120508274,0.0,0.0,1.0,0.0,0.0,1.0,0.0,1.0,0.0,0.0,1.0,1.0,0.0
1.8890441484104759,1.3866852545942179,2.9310126974602415,-0.42379089612738885,-0.2687323215488945,-0.24528522170120615,0.9490144415132162,0.0,0.0,1.0,0.0,1.0,0.0,0.0,1.0,0.0,0.0,1.0,0.0,1.0
0.6001746244896566,-1.1893603259439043,-0.1110798640715249,-1.2252866807654765,0.37131063461221514,0.4079614225344052,-1.1562515639233817,0.0,0.0,1.0,0.0,0.0,1.0,0.0,0.0,1.0,0.0,1.0,0.0,1.0
-0.4500153579643444,0.19935969530301856,-0.3629192047617288,1.980696457786874,-1.0002099857330198,-0.9256965778753282,-0.10361856120508274,0.0,1.0,0.0,0.0,0.0,0.0,1.0,1.0,0.0,0.0,1.0,1.0,0.0
-0.4977512662577081,0.45986994459897745,-0.326914972828632,1.1792006731487863,0.005571802520152484,0.021187666838468917,-0.10361856120508274,0.0,1.0,0.0,1.0,0.0,0.0,0.0,0.0,1.0,0.0,1.0,1.0,0.0
-0.7841667160178902,-0.706414402249087,-0.7396520476162307,0.3777048885106987,-0.2687323215488945,-1.017539175381721,-0.10361856120508274,1.0,0.0,0.0,0.0,0.0,1.0,0.0,1.0,0.0,1.0,0.0,1.0,0.0
-0.8796385326046176,1.5389835541826253,-0.6273443962522525,1.980696457786874,0.9199188827503091,-0.3474762808984603,0.9490144415132162,1.0,0.0,0.0,0.0,1.0,0.0,0.0,0.0,1.0,1.0,0.0,1.0,0.0
0.40923099131620194,1.2048290613356927,0.9017277429343532,-1.2252866807654765,0.005571802520152484,-0.579023111231479,0.9490144415132162,0.0,1.0,0.0,0.0,0.0,1.0,0.0,1.0,0.0,0.0,1.0,0.0,1.0
0.31375917472947457,-0.11625849134400949,0.2398628579475482,-0.42379089612738885,-0.6344711536409572,1.4893756692293973,0.9490144415132162,1.0,0.0,0.0,0.0,1.0,0.0,0.0,0.0,1.0,0.0,1.0,0.0,1.0
1.3639491571834756,0.4047620072479094,1.5064602047687339,0.3777048885106987,-0.2687323215488945,-0.7381307097284695,-0.10361856120508274,1.0,0.0,0.0,0.0,0.0,1.0,0.0,1.0,0.0,0.0,1.0,1.0,0.0
0.4569668996095656,-0.9258441891560684,-0.03392696766977944,1.1792006731487863,0.6456147586812622,0.7093603692807365,-1.1562515639233817,0.0,0.0,1.0,0.0,1.0,0.0,0.0,1.0,0.0,1.0,0.0,1.0,0.0
-0.7841667160178902,1.5414884604258556,-0.4839458877546544,-0.42379089612738885,-0.7259058616639729,-0.7691760948010529,2.0016474442315153,1.0,0.0,0.0,1.0,0.0,0.0,0.0,1.0,0.0,0.0,1.0,1.0,0.0
-0.7841667160178902,-0.4258649030072844,-0.7554795025373675,1.980696457786874,2.2000047950725286,0.6019950792380522,-1.1562515639233817,1.0,0.0,0.0,1.0,0.0,0.0,0.0,0.0,1.0,0.0,1.0,1.0,0.0
0.40923099131620194,-0.7685360770812005,-0.03959467801938352,0.3777048885106987,0.005571802520152484,-1.3241123529734833,-1.1562515639233817,1.0,0.0,0.0,1.0,0.0,0.0,0.0,0.0,1.0,1.0,0.0,0.0,1.0
0.7911182576631114,-0.3822795343750759,0.4780765880250945,-1.2252866807654765,-1.0002099857330198,-0.30220176100094265,-0.10361856120508274,0.0,0.0,1.0,1.0,0.0,0.0,0.0,0.0,1.0,1.0,0.0,0.0,1.0
-0.5932230828444355,0.9798884806936048,-0.36125422989883543,-0.42379089612738885,-1.0002099857330198,-0.8532573460392999,0.9490144415132162,0.0,1.0,0.0,0.0,0.0,1.0,0.0,1.0,0.0,1.0,0.0,1.0,0.0
-1.0228462574847086,1.27797232363802,-0.826495777301592,-1.2252866807654765,-0.9087752777100041,0.2760185359759251,0.9490144415132162,1.0,0.0,0.0,0.0,0.0,1.0,0.0,0.0,1.0,1.0,0.0,0.0,1.0
2.175459598170658,-1.1077003824145937,0.8811092378975438,-1.2252866807654765,-0.45160173759492583,1.1905638379057812,-1.1562515639233817,0.0,1.0,0.0,1.0,0.0,0.0,0.0,0.0,1.0,1.0,0.0,1.0,0.0
1.2207414323033845,1.0495248742554093,1.8126049092523269,-0.42379089612738885,-0.17729761352587883,-0.14826839334938266,2.0016474442315153,0.0,1.0,0.0,0.0,0.0,1.0,0.0,0.0,1.0,0.0,1.0,1.0,0.0
-0.4500153579643444,0.3185932324807844,-0.3003161499169406,-0.42379089612738885,1.6513965469344345,0.723589504105671,-0.10361856120508274,0.0,1.0,0.0,0.0,0.0,0.0,1.0,1.0,0.0,0.0,1.0,0.0,1.0
-0.9751103491913449,-0.6613260898709402,-0.9305465125087727,1.1792006731487863,2.4743089191415755,-0.4341446475594226,-0.10361856120508274,1.0,0.0,0.0,0.0,0.0,1.0,0.0,0.0,1.0,1.0,0.0,1.0,0.0
-0.8796385326046176,-1.3842420316672277,-0.9454837155644441,-1.2252866807654765,-0.9087752777100041,-0.007270602811399153,-1.1562515639233817,1.0,0.0,0.0,0.0,0.0,0.0,1.0,1.0,0.0,1.0,0.0,1.0,0.0
0.6001746244896566,1.5700443915986821,1.3461061359326916,-1.2252866807654765,-0.7259058616639729,0.3290544021415889,2.0016474442315153,0.0,1.0,0.0,0.0,0.0,1.0,0.0,0.0,1.0,1.0,0.0,1.0,0.0
0.12281554155601981,-0.06666134772804788,0.11534992146619709,-0.42379089612738885,-0.8173405696869884,-0.06548069982249323,-0.10361856120508274,0.0,1.0,0.0,0.0,0.0,1.0,0.0,1.0,0.0,1.0,0.0,1.0,0.0
-1.1660539823647997,0.24544997017845763,-1.0128234539987695,0.3777048885106987,-1.0002099857330198,-0.18578156697875448,-0.10361856120508274,1.0,0.0,0.0,0.0,0.0,1.0,0.0,1.0,0.0,1.0,0.0,1.0,0.0
-0.9273744408979813,-1.6708033058927831,-0.9648721779474425,0.3777048885106987,-0.45160173759492583,0.3432835369665229,-1.1562515639233817,0.0,1.0,0.0,1.0,0.0,0.0,0.0,1.0,0.0,1.0,0.0,1.0,0.0
-0.8796385326046176,1.9813499967371102,-0.5473440530441711,1.1792006731487863,-0.6344711536409572,0.9124489299638873,2.0016474442315153,0.0,1.0,0.0,0.0,1.0,0.0,0.0,0.0,1.0,1.0,0.0,0.0,1.0
0.31375917472947457,0.8927177434291871,0.6674012194754801,-1.2252866807654765,-0.5430364456179415,0.5269687319793085,0.9490144415132162,0.0,1.0,0.0,0.0,0.0,1.0,0.0,1.0,0.0,0.0,1.0,1.0,0.0
-0.9751103491913449,0.017503502044492865,-0.8708588626279897,-0.42379089612738885,0.4627453426352308,-0.4018057047754813,-0.10361856120508274,1.0,0.0,0.0,0.0,0.0,1.0,0.0,1.0,0.0,1.0,0.0,1.0,0.0
-1.1660539823647997,0.4869229320258659,-0.9950999664786646,1.1792006731487863,0.4627453426352308,1.872268751791261,-0.10361856120508274,1.0,0.0,0.0,0.0,0.0,1.0,0.0,0.0,1.0,1.0,0.0,1.0,0.0
0.9820618908365661,-0.2810813221485684,0.668332246235547,-1.2252866807654765,0.27987592658919946,1.0366304702542213,-0.10361856120508274,1.0,0.0,0.0,0.0,0.0,0.0,1.0,1.0,0.0,1.0,0.0,1.0,0.0
0.12281554155601981,0.3917364947831112,0.24154142444197532,-0.42379089612738885,4.485872495647921,1.0948405672653152,0.9490144415132162,1.0,0.0,0.0,0.0,1.0,0.0,0.0,1.0,0.0,1.0,0.0,1.0,0.0
-0.7841667160178902,-0.47646400912053793,-0.7922380700205913,-1.2252866807654765,1.559961838911419,-1.9256166887547888,-1.1562515639233817,1.0,0.0,0.0,0.0,0.0,1.0,0.0,0.0,1.0,1.0,0.0,0.0,1.0
-1.2137898906581635,-0.26555090344053994,-1.0848251220491962,-0.42379089612738885,0.8284841747272934,-1.3383414877984172,-1.1562515639233817,1.0,0.0,0.0,0.0,0.0,1.0,0.0,1.0,0.0,0.0,1.0,0.0,1.0
0.07507963326265613,-0.9383687203722203,-0.2950969634079526,1.1792006731487863,-0.6344711536409572,-0.43673176298213795,-1.1562515639233817,1.0,0.0,0.0,0.0,0.0,1.0,0.0,0.0,1.0,0.0,1.0,0.0,1.0
-0.7841667160178902,-1.1788397197223366,-0.8387350414977994,-0.42379089612738885,-0.45160173759492583,0.5890595021244757,-1.1562515639233817,1.0,0.0,0.0,0.0,1.0,0.0,0.0,0.0,1.0,1.0,0.0,1.0,0.0
1.1252696157166573,-0.4423972842126048,0.7134768503751397,-0.42379089612738885,-0.6344711536409572,0.667966522517292,-0.10361856120508274,0.0,1.0,0.0,0.0,0.0,1.0,0.0,1.0,0.0,0.0,1.0,0.0,1.0
0.7911182576631114,0.8275901811051973,1.1884160268772788,0.3777048885106987,1.194223006819356,-1.3486899494892786,-0.10361856120508274,0.0,1.0,0.0,0.0,0.0,1.0,0.0,1.0,0.0,0.0,1.0,0.0,1.0
1.459420973770203,-1.6502630746982943,0.029192569173293843,1.1792006731487863,1.2856577148423718,-1.233563313178448,-1.1562515639233817,0.0,0.0,1.0,1.0,0.0,0.0,0.0,0.0,1.0,1.0,0.0,0.0,1.0
1.4116850654768394,2.2268308085736876,2.9687702498612016,0.3777048885106987,-0.9087752777100041,-0.6941497475423094,2.0016474442315153,0.0,0.0,1.0,0.0,1.0,0.0,0.0,0.0,1.0,1.0,0.0,0.0,1.0
0.26602326643611085,1.4458010419344551,0.8552239756413783,-0.42379089612738885,-0.7259058616639729,0.3484577678119536,2.0016474442315153,1.0,0.0,0.0,0.0,0.0,1.0,0.0,0.0,1.0,0.0,1.0,1.0,0.0
-1.0228462574847086,-0.31514804705650157,-0.9440633900691596,-1.2252866807654765,-0.08586290550286318,1.256535281185021,-0.10361856120508274,1.0,0.0,0.0,0.0,1.0,0.0,0.0,1.0,0.0,1.0,0.0,1.0,0.0
0.8388541659564751,1.7924800659975397,1.833284576631038,-1.2252866807654765,-0.8173405696869884,-1.0679879261246692,0.9490144415132162,0.0,1.0,0.0,1.0,0.0,0.0,0.0,0.0,1.0,1.0,0.0,1.0,0.0
1.5071568820635666,1.459327535647899,2.489576892688976,0.3777048885106987,-1.0002099857330198,-0.9218159047412553,2.0016474442315153,0.0,1.0,0.0,0.0,0.0,1.0,0.0,0.0,1.0,1.0,0.0,1.0,0.0
0.027343724969292445,1.9232361718941655,0.7377039335841787,0.3777048885106987,-1.0002099857330198,-0.21035916349454983,2.0016474442315153,0.0,0.0,1.0,0.0,0.0,1.0,0.0,0.0,1.0,0.0,1.0,0.0,1.0
0.5524387161962929,0.057582001936178795,0.5145225479830406,1.980696457786874,-0.17729761352587883,0.7041861384353063,-0.10361856120508274,0.0,1.0,0.0,0.0,0.0,1.0,0.0,1.0,0.0,0.0,1.0,0.0,1.0
0.5047028079029293,-0.9153235829345007,-0.03484440279831242,0.3777048885106987,0.37131063461221514,-0.593252246056413,-1.1562515639233817,0.0,0.0,1.0,0.0,0.0,1.0,0.0,0.0,1.0,0.0,1.0,0.0,1.0
0.12281554155601981,-1.3727194629483679,-0.43596063262449275,-1.2252866807654765,3.205786583325701,-0.28279839533057793,-1.1562515639233817,1.0,0.0,0.0,0.0,0.0,1.0,0.0,0.0,1.0,1.0,0.0,1.0,0.0
0.40923099131620194,0.2198999264975075,0.4639209037826181,-0.42379089612738885,-0.36016702957191016,0.28895411308950153,0.9490144415132162,0.0,1.0,0.0,0.0,1.0,0.0,0.0,0.0,1.0,0.0,1.0,1.0,0.0
-0.5932230828444355,-0.8717382143022919,-0.7178578664517459,0.3777048885106987,-0.8173405696869884,0.7468735429101084,-0.10361856120508274,0.0,1.0,0.0,1.0,0.0,0.0,0.0,0.0,1.0,0.0,1.0,1.0,0.0
-0.020392183324071236,-1.1147141198956387,-0.3845163072689733,-1.2252866807654765,0.005571802520152484,-1.1520691773629164,-1.1562515639233817,1.0,0.0,0.0,0.0,0.0,1.0,0.0,1.0,0.0,1.0,0.0,1.0,0.0
0.6956464410763841,0.17230670787613014,0.7208978811926068,-1.2252866807654765,-0.5430364456179415,0.00566497430217731,-0.10361856120508274,1.0,0.0,0.0,0.0,1.0,0.0,0.0,0.0,1.0,0.0,1.0,1.0,0.0
0.9343259825432024,1.8310556221432874,1.9722929881432114,-1.2252866807654765,-0.45160173759492583,-1.405606488789015,0.9490144415132162,0.0,0.0,1.0,1.0,0.0,0.0,0.0,0.0,1.0,0.0,1.0,1.0,0.0
-0.11586399991079861,-0.4699512528881392,-0.26113147620492927,-1.2252866807654765,-0.45160173759492583,-0.40956705104362745,-1.1562515639233817,0.0,1.0,0.0,0.0,1.0,0.0,0.0,1.0,0.0,1.0,0.0,0.0,1.0
-0.354543541377617,0.6757928627654363,-0.15566721131823086,-0.42379089612738885,0.8284841747272934,-1.3383414877984172,0.9490144415132162,0.0,0.0,1.0,1.0,0.0,0.0,0.0,0.0,1.0,1.0,0.0,1.0,0.0
-0.21133581649752597,-1.241963357051742,-0.5622744602840756,0.3777048885106987,-0.9087752777100041,0.04964593648833699,-1.1562515639233817,1.0,0.0,0.0,0.0,0.0,1.0,0.0,1.0,0.0,0.0,1.0,1.0,0.0
-0.8319026243112538,-1.1397631823279426,-0.855656622757409,0.3777048885106987,0.9199188827503091,0.25790872801691833,-0.10361856120508274,1.0,0.0,0.0,0.0,1.0,0.0,0.0,0.0,1.0,1.0,0.0,1.0,0.0
-1.0705821657780723,-0.03860639780386787,-0.9284873803313988,0.3777048885106987,-0.6344711536409572,0.5877659444131181,-0.10361856120508274,1.0,0.0,0.0,0.0,0.0,0.0,1.0,0.0,1.0,0.0,1.0,1.0,0.0
0.1705514498493835,-0.5701475026173544,-0.059968533688584,0.3777048885106987,-0.17729761352587883,-0.11334233514272636,-0.10361856120508274,1.0,0.0,0.0,0.0,0.0,1.0,0.0,0.0,1.0,1.0,0.0,1.0,0.0
0.6479105327830204,0.7865097187162194,1.003569838017288,-0.42379089612738885,0.9199188827503091,-0.9903744634432105,0.9490144415132162,0.0,0.0,1.0,0.0,1.0,0.0,0.0,1.0,0.0,1.0,0.0,0.0,1.0
0.2182873581427472,2.302979958367891,1.1678518883666047,-1.2252866807654765,0.7370494667042777,-0.3500633963211754,0.9490144415132162,0.0,1.0,0.0,0.0,0.0,0.0,1.0,1.0,0.0,1.0,0.0,1.0,0.0
-0.8319026243112538,-0.32316374703483897,-0.7919322583110805,-0.42379089612738885,-0.7259058616639729,-1.5362558176361372,-0.10361856120508274,1.0,0.0,0.0,0.0,0.0,1.0,0.0,0.0,1.0,0.0,1.0,1.0,0.0
0.027343724969292445,-0.3762677593913228,-0.10749846916236258,1.1792006731487863,0.37131063461221514,0.4390068076069888,-1.1562515639233817,1.0,0.0,0.0,0.0,0.0,1.0,0.0,0.0,1.0,0.0,1.0,1.0,0.0
1.4116850654768394,-0.32917552201859174,1.0123024612777691,1.1792006731487863,-0.6344711536409572,1.5424115353950612,-0.10361856120508274,0.0,1.0,0.0,0.0,1.0,0.0,0.0,0.0,1.0,1.0,0.0,0.0,1.0
-0.5932230828444355,0.6782977690086672,-0.3868880469716254,-1.2252866807654765,-1.0002099857330198,-0.08876473862693102,0.9490144415132162,0.0,0.0,1.0,0.0,0.0,1.0,0.0,1.0,0.0,1.0,0.0,1.0,0.0
-0.1635999082041623,-0.48197480285564476,-0.2923854329169549,-1.2252866807654765,-0.17729761352587883,-0.4406124361162108,-1.1562515639233817,0.0,0.0,1.0,0.0,0.0,0.0,1.0,0.0,1.0,1.0,0.0,0.0,1.0
1.459420973770203,-0.17787918492747667,1.144800481285241,1.1792006731487863,-0.2687323215488945,-0.5518583992929683,-0.10361856120508274,0.0,0.0,1.0,0.0,1.0,0.0,0.0,1.0,0.0,0.0,1.0,0.0,1.0
1.459420973770203,-0.2515234284784501,1.1150551956734698,-1.2252866807654765,-0.7259058616639729,-0.41344772417770015,-1.1562515639233817,0.0,1.0,0.0,0.0,0.0,0.0,1.0,0.0,1.0,1.0,0.0,0.0,1.0
-0.5932230828444355,-0.016563222863440284,-0.5697158785488435,-1.2252866807654765,0.37131063461221514,-0.4457866669616413,-0.10361856120508274,0.0,1.0,0.0,0.0,0.0,0.0,1.0,0.0,1.0,1.0,0.0,1.0,0.0
-1.2137898906581635,0.27500786384857556,-1.0774924368366987,-0.42379089612738885,-0.2687323215488945,-0.3177244535372343,-0.10361856120508274,0.0,1.0,0.0,0.0,1.0,0.0,0.0,1.0,0.0,1.0,0.0,0.0,1.0
0.6479105327830204,1.5940914915336934,1.4580060383506552,-0.42379089612738885,-1.0002099857330198,0.28895411308950153,2.0016474442315153,0.0,1.0,0.0,0.0,0.0,1.0,0.0,0.0,1.0,1.0,0.0,1.0,0.0
2.1277236898772944,0.6297025878899972,2.5289110743478593,-1.2252866807654765,-0.7259058616639729,-0.813157056987213,0.9490144415132162,0.0,0.0,1.0,1.0,0.0,0.0,0.0,0.0,1.0,1.0,0.0,1.0,0.0
1.0297977991299299,-0.2600401097054332,0.7493247785455975,-0.42379089612738885,-0.2687323215488945,0.9641912384181931,-1.1562515639233817,0.0,0.0,1.0,0.0,0.0,1.0,0.0,0.0,1.0,0.0,1.0,1.0,0.0
-0.6886948994311628,-0.007044579139164955,-0.630443288241964,-0.42379089612738885,1.8342659629804658,0.019894109127111346,-0.10361856120508274,0.0,1.0,0.0,0.0,0.0,1.0,0.0,0.0,1.0,0.0,1.0,1.0,0.0
-0.4977512662577081,0.2609803888864854,-0.358753369696612,-0.42379089612738885,0.37131063461221514,0.4842813275045064,0.9490144415132162,1.0,0.0,0.0,0.0,1.0,0.0,0.0,0.0,1.0,1.0,0.0,1.0,0.0
-0.9751103491913449,-0.5776622213470455,-0.8782255269193218,-0.42379089612738885,2.5657436271645913,-0.7420113828625424,-0.10361856120508274,1.0,0.0,0.0,0.0,0.0,1.0,0.0,1.0,0.0,1.0,0.0,1.0,0.0
1.2207414323033845,0.40075415725874086,1.4013833013807493,-0.42379089612738885,0.7370494667042777,0.3976129608435439,-1.1562515639233817,0.0,0.0,1.0,0.0,1.0,0.0,0.0,1.0,0.0,1.0,0.0,1.0,0.0
0.26602326643611085,0.6627673503006388,0.5645737311063433,2.7821922424249617,-0.45160173759492583,-0.8623122500188034,0.9490144415132162,0.0,1.0,0.0,1.0,0.0,0.0,0.0,0.0,1.0,1.0,0.0,1.0,0.0
-0.21133581649752597,1.2824811548758341,0.21494939734605098,0.3777048885106987,0.005571802520152484,-1.229682640044375,0.9490144415132162,0.0,1.0,0.0,0.0,1.0,0.0,0.0,0.0,1.0,0.0,1.0,1.0,0.0
-0.5454871745510718,0.043053545725442635,-0.4825255622593699,-0.42379089612738885,-0.08586290550286318,-0.30349531871230023,-0.10361856120508274,0.0,1.0,0.0,0.0,0.0,1.0,0.0,1.0,0.0,0.0,1.0,0.0,1.0
-0.8796385326046176,-1.7188975057628064,-0.9864556888231533,-0.42379089612738885,0.4627453426352308,-0.641113881376646,-1.1562515639233817,1.0,0.0,0.0,0.0,0.0,1.0,0.0,0.0,1.0,1.0,0.0,0.0,1.0
0.1705514498493835,0.034035883249813284,0.17705592862975286,0.3777048885106987,-1.0002099857330198,0.9111553722525297,-0.10361856120508274,1.0,0.0,0.0,0.0,0.0,0.0,1.0,1.0,0.0,1.0,0.0,0.0,1.0
0.40923099131620194,1.2955066673406324,0.9843920459230637,-0.42379089612738885,-0.08586290550286318,0.2139277658307583,0.9490144415132162,1.0,0.0,0.0,0.0,0.0,1.0,0.0,0.0,1.0,1.0,0.0,0.0,1.0
-0.9273744408979813,-0.812622426962055,-0.9002303783725809,0.3777048885106987,0.18844121856618382,0.5243816165565934,-0.10361856120508274,1.0,0.0,0.0,1.0,0.0,0.0,0.0,1.0,0.0,1.0,0.0,0.0,1.0
0.7433823493697477,0.9773835744503745,1.2100742917264256,-1.2252866807654765,-1.0002099857330198,0.8089643130552756,0.9490144415132162,0.0,0.0,1.0,0.0,0.0,0.0,1.0,1.0,0.0,0.0,1.0,1.0,0.0
0.26602326643611085,-1.5966580810931639,-0.4616012455130496,-1.2252866807654765,0.6456147586812622,-1.9256166887547888,-1.1562515639233817,1.0,0.0,0.0,0.0,1.0,0.0,0.0,0.0,1.0,0.0,1.0,1.0,0.0
-0.9751103491913449,1.3916950670806791,-0.7654285768201259,0.3777048885106987,0.37131063461221514,0.4894555583499367,0.9490144415132162,1.0,0.0,0.0,0.0,0.0,0.0,1.0,0.0,1.0,0.0,1.0,0.0,1.0
0.5524387161962929,-1.0666199200256155,-0.0425712453252908,-0.42379089612738885,0.4627453426352308,-0.05513223813163228,-1.1562515639233817,0.0,1.0,0.0,0.0,0.0,1.0,0.0,0.0,1.0,1.0,0.0,0.0,1.0
-1.0705821657780723,-1.4288293627967286,-1.0689093215230896,0.3777048885106987,-0.8173405696869884,1.1828024916376354,-1.1562515639233817,0.0,0.0,1.0,0.0,0.0,1.0,0.0,0.0,1.0,1.0,0.0,1.0,0.0
2.0799877815839305,-0.7104222522382555,1.1620346700701285,-0.42379089612738885,-0.6344711536409572,-0.9670904246387729,-0.10361856120508274,0.0,1.0,0.0,0.0,0.0,1.0,0.0,0.0,1.0,0.0,1.0,0.0,1.0
-1.0228462574847086,-0.1227712475764086,-0.9472370360323074,-0.42379089612738885,0.6456147586812622,-0.5764359958087637,-0.10361856120508274,1.0,0.0,0.0,1.0,0.0,0.0,0.0,0.0,1.0,0.0,1.0,1.0,0.0
-0.11586399991079861,-0.11826241633859375,-0.12267352576987575,1.1792006731487863,-0.5430364456179415,-0.703204651521813,-0.10361856120508274,1.0,0.0,0.0,0.0,1.0,0.0,0.0,0.0,1.0,1.0,0.0,0.0,1.0
0.5047028079029293,-0.08519765392795291,0.38902421821548716,-0.42379089612738885,-0.2687323215488945,0.18417593846953229,-1.1562515639233817,0.0,1.0,0.0,1.0,0.0,0.0,0.0,0.0,1.0,1.0,0.0,0.0,1.0
-0.8796385326046176,0.3461472011563184,-0.7431722801834909,1.980696457786874,-0.8173405696869884,-1.05117167587702,-0.10361856120508274,1.0,0.0,0.0,0.0,0.0,0.0,1.0,1.0,0.0,1.0,0.0,0.0,1.0
0.027343724969292445,2.5785196451232326,0.9656152069590876,-0.42379089612738885,1.2856577148423718,0.6576180608264307,2.0016474442315153,0.0,1.0,0.0,1.0,0.0,0.0,0.0,0.0,1.0,0.0,1.0,1.0,0.0
-0.7364308077245265,-0.793084158264858,-0.742927630815882,1.1792006731487863,-0.6344711536409572,-1.079629945526888,-0.10361856120508274,0.0,1.0,0.0,1.0,0.0,0.0,0.0,1.0,0.0,0.0,1.0,0.0,1.0
-0.7364308077245265,0.0405486394822124,-0.6731617861527693,-0.42379089612738885,-0.17729761352587883,-0.8920640773800292,-0.10361856120508274,1.0,0.0,0.0,0.0,1.0,0.0,0.0,1.0,0.0,0.0,1.0,1.0,0.0
-0.020392183324071236,1.3110370860486609,0.442065560276231,-1.2252866807654765,0.5541800506582465,-0.03184819932719451,2.0016474442315153,1.0,0.0,0.0,0.0,1.0,0.0,0.0,0.0,1.0,1.0,0.0,0.0,1.0
-0.8796385326046176,-0.42486294050999246,-0.8308518952081821,-1.2252866807654765,2.2914395030955443,0.6485631568469273,-0.10361856120508274,1.0,0.0,0.0,1.0,0.0,0.0,0.0,0.0,1.0,0.0,1.0,0.0,1.0
0.027343724969292445,-1.069124826268846,-0.34615392726475824,0.3777048885106987,-1.0002099857330198,-0.0163255067909029,-0.10361856120508274,0.0,1.0,0.0,1.0,0.0,0.0,0.0,1.0,0.0,1.0,0.0,0.0,1.0
1.8413082401171124,0.6091623566955083,2.1707851750631604,-1.2252866807654765,0.5541800506582465,0.7210023886829555,0.9490144415132162,1.0,0.0,0.0,0.0,1.0,0.0,0.0,0.0,1.0,1.0,0.0,1.0,0.0
-0.9273744408979813,0.5229935819283833,-0.7928157143607789,-1.2252866807654765,-0.9087752777100041,0.008252089724892456,-0.10361856120508274,0.0,0.0,1.0,0.0,0.0,1.0,0.0,1.0,0.0,1.0,0.0,0.0,1.0
-0.6886948994311628,-0.14331147877089756,-0.6568382366806481,0.3777048885106987,-1.0002099857330198,1.2746450891440277,-1.1562515639233817,1.0,0.0,0.0,0.0,0.0,1.0,0.0,0.0,1.0,0.0,1.0,1.0,0.0
-0.11586399991079861,-0.23899889726229823,-0.17616339167123565,1.1792006731487863,1.7428312549574503,-0.2905597415987238,-0.10361856120508274,0.0,1.0,0.0,1.0,0.0,0.0,0.0,0.0,1.0,1.0,0.0,1.0,0.0
1.6981005152370212,-0.019068129106670877,1.481424419483432,-1.2252866807654765,1.0113535907733249,0.035416801663402955,-0.10361856120508274,0.0,1.0,0.0,0.0,0.0,1.0,0.0,1.0,0.0,0.0,1.0,0.0,1.0
-0.9273744408979813,-1.1107062699064703,-0.95416197229879,1.1792006731487863,-0.8173405696869884,1.6032087478288704,-1.1562515639233817,0.0,1.0,0.0,0.0,1.0,0.0,0.0,0.0,1.0,1.0,0.0,0.0,1.0
1.459420973770203,0.009487802066155465,1.3202344653080598,1.980696457786874,-0.5430364456179415,-0.7226080171921777,-0.10361856120508274,0.0,1.0,0.0,0.0,0.0,0.0,1.0,0.0,1.0,0.0,1.0,1.0,0.0
-1.0228462574847086,0.07060751440097666,-0.8814263561455371,-1.2252866807654765,2.840047751233638,-0.969677540061488,-0.10361856120508274,0.0,1.0,0.0,0.0,1.0,0.0,0.0,0.0,1.0,1.0,0.0,0.0,1.0
-0.5932230828444355,0.09565657683328047,-0.4922843537006547,-0.42379089612738885,-1.0002099857330198,0.7585155623123273,-0.10361856120508274,1.0,0.0,0.0,1.0,0.0,0.0,0.0,0.0,1.0,0.0,1.0,1.0,0.0
0.9343259825432024,0.5285043756634901,1.159384301921033,0.3777048885106987,-0.2687323215488945,-1.8441225529392569,2.0016474442315153,0.0,0.0,1.0,0.0,0.0,1.0,0.0,1.0,0.0,0.0,1.0,0.0,1.0
1.745836423530385,0.018505464541784818,1.571985460393294,-0.42379089612738885,-0.45160173759492583,-0.49106118685915895,-1.1562515639233817,0.0,1.0,0.0,0.0,0.0,1.0,0.0,0.0,1.0,1.0,0.0,1.0,0.0
-0.6886948994311628,0.03804373323898181,-0.6122440936181752,-0.42379089612738885,-0.8173405696869884,1.0198142200065716,-0.10361856120508274,1.0,0.0,0.0,0.0,1.0,0.0,0.0,0.0,1.0,1.0,0.0,0.0,1.0
-0.1635999082041623,0.4012551385073872,0.00610718301309585,0.3777048885106987,-0.9087752777100041,0.14924988026287597,-0.10361856120508274,0.0,1.0,0.0,0.0,1.0,0.0,0.0,1.0,0.0,1.0,0.0,0.0,1.0
-1.0228462574847086,-0.7960900457567345,-0.9517154786227019,-0.42379089612738885,-1.0002099857330198,0.3898516145753981,-1.1562515639233817,1.0,0.0,0.0,0.0,0.0,0.0,1.0,0.0,1.0,1.0,0.0,0.0,1.0
-0.4500153579643444,-0.1838909599112298,-0.41903225554911644,-0.42379089612738885,-0.17729761352587883,0.31870594045072753,-0.10361856120508274,1.0,0.0,0.0,0.0,0.0,0.0,1.0,1.0,0.0,0.0,1.0,1.0,0.0
1.316213248890112,-0.09571826014952055,1.1427549407394009,-0.42379089612738885,-0.7259058616639729,-0.05383868042027471,-1.1562515639233817,0.0,0.0,1.0,0.0,0.0,1.0,0.0,0.0,1.0,1.0,0.0,1.0,0.0
-0.354543541377617,-0.8511979831078029,-0.556633933197539,0.3777048885106987,-0.6344711536409572,-0.2802112799078628,-0.10361856120508274,1.0,0.0,0.0,1.0,0.0,0.0,0.0,1.0,0.0,1.0,0.0,0.0,1.0
1.4116850654768394,-1.552070749963663,0.011027353628339733,-1.2252866807654765,-0.2687323215488945,1.1220052792038258,-1.1562515639233817,0.0,0.0,1.0,0.0,0.0,1.0,0.0,0.0,1.0,1.0,0.0,0.0,1.0
-0.4977512662577081,0.6537496878250091,-0.28672451838311774,-1.2252866807654765,0.27987592658919946,-0.5622068609838294,-0.10361856120508274,0.0,1.0,0.0,0.0,0.0,1.0,0.0,0.0,1.0,1.0,0.0,0.0,1.0
-0.21133581649752597,0.3561668261292401,-0.08733528378193632,0.3777048885106987,-0.45160173759492583,0.4881620006385791,-0.10361856120508274,1.0,0.0,0.0,0.0,0.0,1.0,0.0,1.0,0.0,1.0,0.0,1.0,0.0
-0.5454871745510718,0.06259181442263963,-0.48287214886348234,1.1792006731487863,-0.08586290550286318,0.11173670663350416,0.9490144415132162,1.0,0.0,0.0,0.0,0.0,0.0,1.0,0.0,1.0,0.0,1.0,1.0,0.0
-1.118318074071436,1.016961093093414,-0.960842259197664,0.3777048885106987,0.8284841747272934,1.5721633627562865,0.9490144415132162,1.0,0.0,0.0,0.0,1.0,0.0,0.0,0.0,1.0,1.0,0.0,0.0,1.0
1.3639491571834756,-0.9148226016858544,0.5353041525982557,0.3777048885106987,-0.5430364456179415,0.2022857464285394,-0.10361856120508274,0.0,1.0,0.0,0.0,0.0,1.0,0.0,0.0,1.0,0.0,1.0,0.0,1.0
-1.2137898906581635,0.4754003633070059,-1.0690180545753603,1.980696457786874,-0.9087752777100041,-0.5078774371068084,-0.10361856120508274,1.0,0.0,0.0,0.0,0.0,1.0,0.0,1.0,0.0,1.0,0.0,0.0,1.0
0.3614950830228382,-0.5781632025956914,0.06179209740716799,-0.42379089612738885,0.5541800506582465,-1.6901891852876971,-1.1562515639233817,0.0,1.0,0.0,0.0,1.0,0.0,0.0,1.0,0.0,1.0,0.0,1.0,0.0
-0.9273744408979813,-0.5641357276336012,-0.8746441320101594,-0.42379089612738885,-0.45160173759492583,-0.6230040734176389,-1.1562515639233817,0.0,1.0,0.0,0.0,0.0,0.0,1.0,1.0,0.0,0.0,1.0,0.0,1.0
-0.7841667160178902,2.024434384120673,-0.3747507200119215,-0.42379089612738885,-1.0002099857330198,-1.7121796663807771,2.0016474442315153,1.0,0.0,0.0,1.0,0.0,0.0,0.0,0.0,1.0,0.0,1.0,1.0,0.0
-0.1635999082041623,-0.8236440144322685,-0.3880977021781356,0.3777048885106987,0.27987592658919946,0.07681064842684786,-0.10361856120508274,0.0,0.0,1.0,0.0,0.0,1.0,0.0,0.0,1.0,1.0,0.0,1.0,0.0
0.6001746244896566,1.6231484039551665,1.3683760242008605,2.7821922424249617,0.9199188827503091,0.6162242140629862,0.9490144415132162,0.0,1.0,0.0,0.0,1.0,0.0,0.0,0.0,1.0,0.0,1.0,0.0,1.0
-1.0705821657780723,-1.1873564009493198,-1.0031665997939885,-1.2252866807654765,-0.2687323215488945,1.2022058573080001,-1.1562515639233817,1.0,0.0,0.0,1.0,0.0,0.0,0.0,0.0,1.0,1.0,0.0,1.0,0.0
0.6001746244896566,-1.0140168889177776,-0.002673010957753767,-0.42379089612738885,-0.6344711536409572,0.7041861384353063,-1.1562515639233817,0.0,0.0,1.0,1.0,0.0,0.0,0.0,1.0,0.0,0.0,1.0,1.0,0.0
-0.9751103491913449,-1.4694088439370605,-0.9944271807177402,1.1792006731487863,-0.7259058616639729,-0.2659821450829284,-1.1562515639233817,0.0,1.0,0.0,0.0,0.0,1.0,0.0,0.0,1.0,0.0,1.0,0.0,1.0
-0.6886948994311628,-0.2199616098137472,-0.6193797001734322,-0.42379089612738885,-0.36016702957191016,-0.4820062828796555,-0.10361856120508274,1.0,0.0,0.0,0.0,0.0,1.0,0.0,0.0,1.0,0.0,1.0,1.0,0.0
1.4116850654768394,0.10617718305484845,1.3504826412865827,1.1792006731487863,0.7370494667042777,0.6369211374447085,-0.10361856120508274,0.0,1.0,0.0,1.0,0.0,0.0,0.0,1.0,0.0,0.0,1.0,1.0,0.0
0.7911182576631114,-2.211362073181899,-0.5408812322498383,-1.2252866807654765,-0.17729761352587883,-1.2063986012399375,-1.1562515639233817,0.0,1.0,0.0,0.0,0.0,1.0,0.0,1.0,0.0,0.0,1.0,0.0,1.0
2.1277236898772944,0.08313204561712857,1.9684397606033726,-0.42379089612738885,0.18844121856618382,1.7429129806554964,0.9490144415132162,0.0,1.0,0.0,0.0,0.0,1.0,0.0,1.0,0.0,1.0,0.0,1.0,0.0
0.1705514498493835,-0.47896891536376857,-0.052282466056207205,-0.42379089612738885,0.09700651054316815,0.25014738174877216,-1.1562515639233817,1.0,0.0,0.0,0.0,1.0,0.0,0.0,0.0,1.0,1.0,0.0,0.0,1.0
-0.5932230828444355,2.063510921515067,-0.12949652479985496,0.3777048885106987,-0.8173405696869884,1.8994334637297712,0.9490144415132162,0.0,1.0,0.0,0.0,0.0,1.0,0.0,0.0,1.0,0.0,1.0,1.0,0.0
-0.9751103491913449,0.46688368208002257,-0.8295946692913034,-1.2252866807654765,2.657178335187607,2.4634246258817054,-0.10361856120508274,1.0,0.0,0.0,0.0,0.0,1.0,0.0,0.0,1.0,1.0,0.0,0.0,1.0
-0.8319026243112538,-1.426324456553498,-0.8789187001275468,0.3777048885106987,-1.0002099857330198,-0.2879726261760086,-1.1562515639233817,1.0,0.0,0.0,0.0,1.0,0.0,0.0,0.0,1.0,1.0,0.0,1.0,0.0
2.1277236898772944,-0.811620464464763,1.1323301593529587,1.1792006731487863,-0.6344711536409572,0.16347901508781001,-1.1562515639233817,0.0,0.0,1.0,0.0,1.0,0.0,0.0,0.0,1.0,0.0,1.0,1.0,0.0
-1.0228462574847086,1.1727662614223437,-0.8089353893598928,-0.42379089612738885,-0.7259058616639729,-1.9256166887547888,2.0016474442315153,1.0,0.0,0.0,0.0,0.0,1.0,0.0,1.0,0.0,0.0,1.0,1.0,0.0
1.2684773405967482,0.07912419562796004,1.1990378869209615,-0.42379089612738885,-0.2687323215488945,-0.060306468977062946,-0.10361856120508274,0.0,1.0,0.0,1.0,0.0,0.0,0.0,1.0,0.0,1.0,0.0,1.0,0.0
-1.0228462574847086,0.2414421201892884,-0.8809642406733871,1.1792006731487863,-0.08586290550286318,1.8864978866161948,0.9490144415132162,1.0,0.0,0.0,0.0,0.0,1.0,0.0,1.0,0.0,1.0,0.0,1.0,0.0
1.6503646069436575,1.0049375431259084,2.312892478565046,0.3777048885106987,-0.8173405696869884,0.8024965244984873,0.9490144415132162,1.0,0.0,0.0,0.0,1.0,0.0,0.0,1.0,0.0,1.0,0.0,1.0,0.0
-1.0705821657780723,0.43031205092885955,-0.9541211974041885,-1.2252866807654765,-0.8173405696869884,1.278525762278101,0.9490144415132162,1.0,0.0,0.0,0.0,0.0,0.0,1.0,0.0,1.0,1.0,0.0,1.0,0.0
0.2182873581427472,-0.4313756967423912,0.01755813258034155,-0.42379089612738885,-0.6344711536409572,-1.9256166887547888,-0.10361856120508274,1.0,0.0,0.0,0.0,1.0,0.0,0.0,0.0,1.0,1.0,0.0,0.0,1.0
-0.7364308077245265,0.06409475816857792,-0.6608205847200582,-1.2252866807654765,-0.36016702957191016,1.1543442219877669,-0.10361856120508274,1.0,0.0,0.0,1.0,0.0,0.0,0.0,0.0,1.0,0.0,1.0,1.0,0.0
0.3614950830228382,0.2073753952813556,0.41637058086153894,1.1792006731487863,-0.5430364456179415,-0.04607733415212854,-0.10361856120508274,0.0,1.0,0.0,1.0,0.0,0.0,0.0,1.0,0.0,1.0,0.0,0.0,1.0
1.6981005152370212,1.8576076283215295,3.1105649458378086,-1.2252866807654765,-0.8173405696869884,-0.5324550336226036,0.9490144415132162,0.0,1.0,0.0,0.0,0.0,0.0,1.0,1.0,0.0,1.0,0.0,0.0,1.0
0.40923099131620194,-0.04411719153897467,0.3509948331838508,-1.2252866807654765,-0.45160173759492583,0.2928347862235746,-0.10361856120508274,0.0,1.0,0.0,0.0,0.0,1.0,0.0,0.0,1.0,1.0,0.0,1.0,0.0
-0.020392183324071236,0.5315102631553666,0.1688193999202561,1.1792006731487863,1.0113535907733249,-1.2400311017352361,-0.10361856120508274,1.0,0.0,0.0,1.0,0.0,0.0,0.0,0.0,1.0,0.0,1.0,1.0,0.0
-0.4977512662577081,0.2805186575836824,-0.35566127352266735,0.3777048885106987,-0.8173405696869884,-0.07970983464742763,-0.10361856120508274,0.0,1.0,0.0,1.0,0.0,0.0,0.0,0.0,1.0,1.0,0.0,1.0,0.0
-0.9273744408979813,-1.1858534572033816,-0.9246409486073268,0.3777048885106987,1.1027882987963404,0.7908545050962684,-1.1562515639233817,1.0,0.0,0.0,1.0,0.0,0.0,0.0,1.0,0.0,0.0,1.0,0.0,1.0
-0.30680763308425335,1.9613107467912676,0.27147019707945325,1.980696457786874,-0.9087752777100041,0.5411978668042425,2.0016474442315153,0.0,0.0,1.0,1.0,0.0,0.0,0.0,0.0,1.0,1.0,0.0,0.0,1.0
-0.21133581649752597,0.39875023226415623,-0.04567013731500237,0.3777048885106987,-0.6344711536409572,0.7274701772397437,0.9490144415132162,1.0,0.0,0.0,0.0,1.0,0.0,0.0,0.0,1.0,0.0,1.0,0.0,1.0
1.316213248890112,0.3276108949564141,1.4161030383318793,1.1792006731487863,0.005571802520152484,-0.9024125390708906,-0.10361856120508274,0.0,1.0,0.0,0.0,0.0,0.0,1.0,1.0,0.0,1.0,0.0,1.0,0.0
0.07507963326265613,-0.29861566585118116,-0.08013171906901026,0.3777048885106987,-0.08586290550286318,2.4168565482728295,-0.10361856120508274,0.0,1.0,0.0,0.0,0.0,0.0,1.0,0.0,1.0,0.0,1.0,1.0,0.0
-0.7364308077245265,0.19434988281655735,-0.6249318816549989,0.3777048885106987,-0.7259058616639729,-0.9541548475251964,-0.10361856120508274,1.0,0.0,0.0,0.0,1.0,0.0,0.0,0.0,1.0,1.0,0.0,1.0,0.0
-1.2137898906581635,0.3762060760750834,-1.0761196820517824,1.1792006731487863,-0.5430364456179415,-1.327993026107556,-0.10361856120508274,0.0,1.0,0.0,0.0,0.0,1.0,0.0,0.0,1.0,1.0,0.0,0.0,1.0
-0.7364308077245265,-1.7123847495304074,-0.9211343076716004,-0.42379089612738885,0.5541800506582465,-0.9463935012570505,-1.1562515639233817,1.0,0.0,0.0,0.0,1.0,0.0,0.0,1.0,0.0,1.0,0.0,1.0,0.0
-1.1660539823647997,0.6697810877816839,-1.023995775119572,-0.42379089612738885,0.18844121856618382,0.6123435409289131,-0.10361856120508274,1.0,0.0,0.0,0.0,1.0,0.0,0.0,0.0,1.0,1.0,0.0,1.0,0.0
-1.118318074071436,1.6892779287764481,-0.9171451638164235,-1.2252866807654765,-0.7259058616639729,-0.2840919530419355,2.0016474442315153,1.0,0.0,0.0,1.0,0.0,0.0,0.0,0.0,1.0,1.0,0.0,1.0,0.0
-0.9273744408979813,-1.094674869949796,-0.9014604210263919,-1.2252866807654765,1.3770924228653874,1.2642966274531673,-1.1562515639233817,1.0,0.0,0.0,0.0,0.0,1.0,0.0,0.0,1.0,0.0,1.0,1.0,0.0
0.6001746244896566,0.30506673876734053,0.7158485900777918,0.3777048885106987,-1.0002099857330198,0.6925441190330874,-0.10361856120508274,0.0,0.0,1.0,0.0,0.0,0.0,1.0,1.0,0.0,1.0,0.0,0.0,1.0
-0.9751103491913449,0.7794959812351744,-0.8064413249734362,-1.2252866807654765,-0.45160173759492583,0.5851788289904026,0.9490144415132162,1.0,0.0,0.0,1.0,0.0,0.0,0.0,1.0,0.0,0.0,1.0,0.0,1.0
1.8890441484104759,0.24394702643251934,1.8810387740251249,-0.42379089612738885,-0.45160173759492583,1.0896663364198846,-0.10361856120508274,0.0,0.0,1.0,0.0,0.0,1.0,0.0,0.0,1.0,0.0,1.0,0.0,1.0
1.6981005152370212,-1.2780340069542595,0.4241381982831186,-1.2252866807654765,0.6456147586812622,-1.9256166887547888,-1.1562515639233817,0.0,0.0,1.0,0.0,0.0,1.0,0.0,0.0,1.0,0.0,1.0,1.0,0.0
-0.020392183324071236,1.778953572284096,0.6059058826006984,-1.2252866807654765,-0.7259058616639729,0.9797139309544847,2.0016474442315153,0.0,1.0,0.0,0.0,1.0,0.0,0.0,1.0,0.0,0.0,1.0,0.0,1.0
-0.7841667160178902,2.170720908725327,-0.4113190046536718,1.1792006731487863,-0.08586290550286318,0.36527401805960275,2.0016474442315153,0.0,1.0,0.0,1.0,0.0,0.0,0.0,1.0,0.0,1.0,0.0,0.0,1.0
0.07507963326265613,0.6622663690519924,0.31137522726275735,0.3777048885106987,0.5541800506582465,-0.8623122500188034,-0.10361856120508274,1.0,0.0,0.0,0.0,1.0,0.0,0.0,1.0,0.0,0.0,1.0,1.0,0.0
-0.8319026243112538,1.631665085182149,-0.5404598916722898,1.1792006731487863,-0.8173405696869884,0.3355221906983771,0.9490144415132162,1.0,0.0,0.0,0.0,1.0,0.0,0.0,1.0,0.0,1.0,0.0,1.0,0.0
1.459420973770203,1.54098747917721,2.4520164189452562,0.3777048885106987,-0.36016702957191016,1.1181246060697532,2.0016474442315153,0.0,1.0,0.0,0.0,0.0,1.0,0.0,1.0,0.0,0.0,1.0,1.0,0.0
1.745836423530385,1.27797232363802,2.653369644303075,-1.2252866807654765,-0.8173405696869884,-1.4366518738615985,0.9490144415132162,1.0,0.0,0.0,0.0,0.0,0.0,1.0,1.0,0.0,1.0,0.0,0.0,1.0
1.1730055240100208,-0.35522654694818784,0.7891346673081647,-1.2252866807654765,-0.9087752777100041,0.5761239250108993,-0.10361856120508274,1.0,0.0,0.0,0.0,1.0,0.0,0.0,0.0,1.0,1.0,0.0,1.0,0.0
1.6503646069436575,-0.9098127891993939,0.7455734882422624,-0.42379089612738885,-0.8173405696869884,0.16089189966509487,-0.10361856120508274,1.0,0.0,0.0,0.0,1.0,0.0,0.0,0.0,1.0,1.0,0.0,0.0,1.0
0.40923099131620194,-0.7505007521299418,0.035356374073882625,0.3777048885106987,-0.7259058616639729,3.0248286726109233,-1.1562515639233817,0.0,0.0,1.0,0.0,1.0,0.0,0.0,1.0,0.0,0.0,1.0,1.0,0.0
-0.9273744408979813,-1.6086816310606695,-0.9674953628334703,0.3777048885106987,-0.2687323215488945,0.05482016733376765,-1.1562515639233817,1.0,0.0,0.0,0.0,1.0,0.0,0.0,1.0,0.0,0.0,1.0,1.0,0.0
1.55489279035693,-0.7394791646597279,0.8304872062498206,-1.2252866807654765,-0.5430364456179415,0.9473749881705436,-1.1562515639233817,0.0,0.0,1.0,1.0,0.0,0.0,0.0,0.0,1.0,1.0,0.0,0.0,1.0
-0.8796385326046176,-0.21545277857593237,-0.7892139320043159,0.3777048885106987,-0.17729761352587883,-0.012444833656829812,-1.1562515639233817,1.0,0.0,0.0,1.0,0.0,0.0,0.0,0.0,1.0,1.0,0.0,0.0,1.0
0.6001746244896566,-1.3181125068459456,-0.16533086133877894,0.3777048885106987,2.0171353790264974,-1.4353583161502408,-1.1562515639233817,0.0,0.0,1.0,0.0,0.0,1.0,0.0,0.0,1.0,1.0,0.0,0.0,1.0
1.7935723318237486,-1.4628960877046617,0.3180759016089318,-1.2252866807654765,-0.17729761352587883,-0.8066892684304247,-1.1562515639233817,0.0,1.0,0.0,1.0,0.0,0.0,0.0,0.0,1.0,1.0,0.0,1.0,0.0
-0.9751103491913449,-0.694891833530227,-0.9219226223005622,-1.2252866807654765,0.7370494667042777,1.3897717254548587,-0.10361856120508274,1.0,0.0,0.0,1.0,0.0,0.0,0.0,0.0,1.0,0.0,1.0,0.0,1.0
-0.7841667160178902,0.4869229320258659,-0.631061707476753,1.1792006731487863,-0.9087752777100041,-1.9256166887547888,0.9490144415132162,0.0,1.0,0.0,0.0,0.0,0.0,1.0,1.0,0.0,0.0,1.0,1.0,0.0
0.9820618908365661,0.08112812062254467,0.8861313457492915,-1.2252866807654765,-0.08586290550286318,-0.969677540061488,0.9490144415132162,0.0,0.0,1.0,1.0,0.0,0.0,0.0,0.0,1.0,0.0,1.0,0.0,1.0
0.3614950830228382,-0.03159266032282278,0.33022002438440273,-0.42379089612738885,-0.9087752777100041,-1.1443078310947703,-0.10361856120508274,1.0,0.0,0.0,0.0,0.0,1.0,0.0,1.0,0.0,1.0,0.0,1.0,0.0
1.55489279035693,0.8977275559156482,2.123737742508833,-1.2252866807654765,-0.6344711536409572,-1.8984519768162782,-0.10361856120508274,0.0,1.0,0.0,1.0,0.0,0.0,0.0,1.0,0.0,0.0,1.0,1.0,0.0
0.40923099131620194,0.48491900703128127,0.5782605040609029,-1.2252866807654765,-1.0002099857330198,-0.08488406549285793,-0.10361856120508274,0.0,1.0,0.0,0.0,0.0,1.0,0.0,0.0,1.0,0.0,1.0,1.0,0.0
1.4116850654768394,-1.0060011889394402,0.46519172133103043,-0.42379089612738885,-0.17729761352587883,1.278525762278101,-1.1562515639233817,0.0,0.0,1.0,1.0,0.0,0.0,0.0,1.0,0.0,0.0,1.0,0.0,1.0
0.6956464410763841,1.141204442757641,1.2466425763681759,0.3777048885106987,0.09700651054316815,-0.018912622213618044,0.9490144415132162,0.0,0.0,1.0,0.0,0.0,1.0,0.0,0.0,1.0,1.0,0.0,1.0,0.0
-0.6886948994311628,-0.2665528659378323,-0.676715997798864,1.1792006731487863,0.18844121856618382,-0.4341446475594226,-0.10361856120508274,0.0,0.0,1.0,1.0,0.0,0.0,0.0,0.0,1.0,0.0,1.0,1.0,0.0
-0.6409589911377991,-1.3311380193107436,-0.7985785661311198,1.980696457786874,-0.45160173759492583,-0.2633950296602133,-1.1562515639233817,1.0,0.0,0.0,0.0,0.0,1.0,0.0,1.0,0.0,1.0,0.0,1.0,0.0
-0.30680763308425335,-1.3050869943811474,-0.5971030160894966,-0.42379089612738885,-0.6344711536409572,-0.8247990763894318,-1.1562515639233817,0.0,1.0,0.0,0.0,0.0,1.0,0.0,1.0,0.0,0.0,1.0,1.0,0.0
0.40923099131620194,-1.4403519315155882,-0.2973056035321988,2.7821922424249617,-0.6344711536409572,-1.091271964929107,-1.1562515639233817,0.0,1.0,0.0,0.0,1.0,0.0,0.0,1.0,0.0,0.0,1.0,0.0,1.0
1.459420973770203,-1.433839175283189,0.19314842036579902,-0.42379089612738885,0.09700651054316815,0.7067732538580215,-1.1562515639233817,0.0,1.0,0.0,0.0,1.0,0.0,0.0,0.0,1.0,0.0,1.0,0.0,1.0
-0.6886948994311628,-0.4013168218236266,-0.706338958726831,1.1792006731487863,0.37131063461221514,0.41830988422526616,-0.10361856120508274,1.0,0.0,0.0,0.0,0.0,0.0,1.0,0.0,1.0,0.0,1.0,0.0,1.0
-0.30680763308425335,-0.7755498145622456,-0.4679213541762772,1.980696457786874,-0.45160173759492583,0.6731407533627227,-1.1562515639233817,1.0,0.0,0.0,0.0,0.0,1.0,0.0,0.0,1.0,0.0,1.0,0.0,1.0
-0.8319026243112538,1.2103398550707993,-0.6160565462634126,0.3777048885106987,-0.6344711536409572,0.9344394110569672,0.9490144415132162,1.0,0.0,0.0,0.0,0.0,1.0,0.0,0.0,1.0,0.0,1.0,1.0,0.0
1.2207414323033845,1.069564124201252,1.833930179128895,-0.42379089612738885,0.09700651054316815,0.13760786086065707,0.9490144415132162,0.0,0.0,1.0,1.0,0.0,0.0,0.0,1.0,0.0,1.0,0.0,1.0,0.0
-1.2137898906581635,-1.2304407883328825,-1.0828135605821905,0.3777048885106987,-0.2687323215488945,0.8969262374275953,-1.1562515639233817,1.0,0.0,0.0,0.0,0.0,1.0,0.0,0.0,1.0,1.0,0.0,1.0,0.0
-0.9751103491913449,1.5690424291013896,-0.7467468792768862,0.3777048885106987,-0.7259058616639729,-0.33712781920759893,2.0016474442315153,1.0,0.0,0.0,1.0,0.0,0.0,0.0,0.0,1.0,1.0,0.0,1.0,0.0
1.6981005152370212,0.18533222034092836,1.6731275864522364,0.3777048885106987,0.6456147586812622,-1.6487953385242524,-0.10361856120508274,0.0,0.0,1.0,0.0,0.0,1.0,0.0,1.0,0.0,1.0,0.0,1.0,0.0
1.0775337074232936,0.41878948220999956,1.2199146329569133,0.3777048885106987,-1.0002099857330198,-1.2529666788488127,-0.10361856120508274,0.0,1.0,0.0,0.0,0.0,0.0,1.0,1.0,0.0,0.0,1.0,1.0,0.0
0.6001746244896566,1.8235409034135968,1.510415369545076,1.980696457786874,-1.0002099857330198,1.6316670174787384,2.0016474442315153,0.0,0.0,1.0,0.0,0.0,1.0,0.0,0.0,1.0,1.0,0.0,1.0,0.0
-0.6886948994311628,-0.7314634646813908,-0.7026896056599994,0.3777048885106987,-0.45160173759492583,-0.535042149045319,-0.10361856120508274,0.0,1.0,0.0,0.0,0.0,1.0,0.0,1.0,0.0,0.0,1.0,1.0,0.0
0.027343724969292445,0.37520411357779077,0.15105513750554972,-0.42379089612738885,-0.5430364456179415,-0.849376672905227,-0.10361856120508274,1.0,0.0,0.0,1.0,0.0,0.0,0.0,1.0,0.0,1.0,0.0,0.0,1.0
-0.11586399991079861,-1.836127117945988,-0.6849865055871952,1.1792006731487863,-0.5430364456179415,-1.2633151405396739,-1.1562515639233817,1.0,0.0,0.0,0.0,0.0,0.0,1.0,1.0,0.0,0.0,1.0,0.0,1.0
2.175459598170658,0.6808026752518975,2.624609751977506,-0.42379089612738885,-0.17729761352587883,-0.3617054157233943,0.9490144415132162,0.0,0.0,1.0,0.0,0.0,1.0,0.0,0.0,1.0,0.0,1.0,1.0,0.0
-0.30680763308425335,0.22290581398938406,-0.20531064549551883,0.3777048885106987,-1.0002099857330198,-0.9619161937933423,-0.10361856120508274,0.0,1.0,0.0,0.0,0.0,1.0,0.0,1.0,0.0,1.0,0.0,1.0,0.0
-1.2137898906581635,-1.3341439068026202,-1.0993205970800182,-0.42379089612738885,0.005571802520152484,-0.9632097515046998,-1.1562515639233817,0.0,1.0,0.0,0.0,1.0,0.0,0.0,1.0,0.0,1.0,0.0,1.0,0.0
-0.6409589911377991,-0.22196553480833148,-0.5927129191040718,0.3777048885106987,-0.2687323215488945,-1.1404271579606973,0.9490144415132162,1.0,0.0,0.0,1.0,0.0,0.0,0.0,0.0,1.0,1.0,0.0,1.0,0.0
2.032251873290567,0.2539666514054403,2.020679196403621,-0.42379089612738885,-1.0002099857330198,0.0108392051476076,-0.10361856120508274,1.0,0.0,0.0,0.0,1.0,0.0,0.0,0.0,1.0,1.0,0.0,0.0,1.0
1.8413082401171124,0.19234595782197347,1.8270732010200814,0.3777048885106987,-0.6344711536409572,1.451862495600026,-0.10361856120508274,0.0,0.0,1.0,1.0,0.0,0.0,0.0,1.0,0.0,0.0,1.0,1.0,0.0
2.175459598170658,1.5660365416095137,3.4463258154336014,1.1792006731487863,-0.08586290550286318,-1.9256166887547888,2.0016474442315153,0.0,1.0,0.0,0.0,1.0,0.0,0.0,1.0,0.0,0.0,1.0,0.0,1.0
-0.4500153579643444,1.1963123801087092,-0.13103917497894385,0.3777048885106987,0.7370494667042777,0.7261766195283861,0.9490144415132162,1.0,0.0,0.0,0.0,0.0,1.0,0.0,0.0,1.0,0.0,1.0,0.0,1.0
0.6479105327830204,1.739877034889702,1.525305001890379,0.3777048885106987,-0.9087752777100041,1.6614188448399645,2.0016474442315153,0.0,1.0,0.0,1.0,0.0,0.0,0.0,0.0,1.0,1.0,0.0,0.0,1.0
0.6956464410763841,1.7333642786573025,1.5471331621336986,2.7821922424249617,1.2856577148423718,-0.004683487388684008,2.0016474442315153,0.0,0.0,1.0,0.0,0.0,0.0,1.0,1.0,0.0,1.0,0.0,1.0,0.0
1.459420973770203,0.010489764563447773,1.3208596803586157,0.3777048885106987,0.27987592658919946,0.4545295001432804,-0.10361856120508274,0.0,0.0,1.0,0.0,0.0,1.0,0.0,0.0,1.0,1.0,0.0,1.0,0.0
0.26602326643611085,-1.5175030438070838,-0.41991571159881486,1.1792006731487863,-0.8173405696869884,0.44935526929784975,-1.1562515639233817,1.0,0.0,0.0,0.0,1.0,0.0,0.0,0.0,1.0,1.0,0.0,1.0,0.0
1.8413082401171124,-1.6532689621901704,0.17049796641468326,-1.2252866807654765,1.2856577148423718,0.42995190362748503,-1.1562515639233817,0.0,1.0,0.0,1.0,0.0,0.0,0.0,1.0,0.0,1.0,0.0,1.0,0.0
-0.7364308077245265,-1.2083976133924548,-0.8620650770256063,-0.42379089612738885,0.37131063461221514,-1.4832199514704736,-1.1562515639233817,0.0,1.0,0.0,1.0,0.0,0.0,0.0,0.0,1.0,1.0,0.0,1.0,0.0
1.8413082401171124,0.7955273811918485,2.3207688290388955,-1.2252866807654765,-0.7259058616639729,0.649856714558285,-0.10361856120508274,0.0,0.0,1.0,1.0,0.0,0.0,0.0,0.0,1.0,1.0,0.0,1.0,0.0
0.4569668996095656,-1.1547926197873246,-0.19897014938499052,-1.2252866807654765,-0.6344711536409572,-1.1779403315900692,-1.1562515639233817,0.0,1.0,0.0,0.0,1.0,0.0,0.0,0.0,1.0,1.0,0.0,0.0,1.0
1.5071568820635666,-1.5500668249690788,0.13371901148415868,-1.2252866807654765,-0.8173405696869884,0.4170163265139086,-1.1562515639233817,0.0,0.0,1.0,0.0,0.0,0.0,1.0,0.0,1.0,1.0,0.0,0.0,1.0
0.12281554155601981,-1.2900575569217654,-0.381539739963066,0.3777048885106987,-0.45160173759492583,-0.26727570279428636,-1.1562515639233817,1.0,0.0,0.0,0.0,0.0,1.0,0.0,1.0,0.0,0.0,1.0,1.0,0.0
0.12281554155601981,0.6442310441007337,0.38623793375105353,1.1792006731487863,0.27987592658919946,1.11424393293568,0.9490144415132162,1.0,0.0,0.0,0.0,1.0,0.0,0.0,0.0,1.0,1.0,0.0,0.0,1.0
-0.9273744408979813,1.2439055987300867,-0.688302863681448,-1.2252866807654765,-0.5430364456179415,-1.4586423549546785,2.0016474442315153,1.0,0.0,0.0,0.0,0.0,1.0,0.0,1.0,0.0,0.0,1.0,1.0,0.0
-0.7364308077245265,-0.5671416151254778,-0.7554523192742998,-0.42379089612738885,-0.36016702957191016,0.9564298921500473,-1.1562515639233817,1.0,0.0,0.0,0.0,0.0,1.0,0.0,1.0,0.0,1.0,0.0,0.0,1.0
-1.118318074071436,0.7268929501273366,-0.9837781374109901,-1.2252866807654765,0.09700651054316815,-0.8157441724099282,-0.10361856120508274,1.0,0.0,0.0,1.0,0.0,0.0,0.0,0.0,1.0,1.0,0.0,1.0,0.0
-1.0228462574847086,-0.5476033464282808,-0.9491874351574109,0.3777048885106987,0.9199188827503091,0.006958532013534882,-0.10361856120508274,1.0,0.0,0.0,1.0,0.0,0.0,0.0,0.0,1.0,1.0,0.0,0.0,1.0
0.027343724969292445,-0.8226420519349766,-0.2923718412854211,-0.42379089612738885,-0.8173405696869884,1.7209224995624157,-1.1562515639233817,1.0,0.0,0.0,0.0,0.0,1.0,0.0,1.0,0.0,0.0,1.0,1.0,0.0
-0.9273744408979813,-0.9684275952909845,-0.9062174920632299,-0.42379089612738885,1.7428312549574503,-0.6825077281400908,-1.1562515639233817,1.0,0.0,0.0,0.0,0.0,1.0,0.0,0.0,1.0,0.0,1.0,0.0,1.0
0.31375917472947457,0.5335141881499513,0.5349983408887449,0.3777048885106987,-0.6344711536409572,-0.3836958968164745,0.9490144415132162,0.0,1.0,0.0,1.0,0.0,0.0,0.0,0.0,1.0,0.0,1.0,0.0,1.0
0.3614950830228382,-1.3571890442403396,-0.2742677880823691,0.3777048885106987,-0.5430364456179415,1.7959488468211595,-1.1562515639233817,0.0,1.0,0.0,1.0,0.0,0.0,0.0,0.0,1.0,0.0,1.0,1.0,0.0
0.12281554155601981,-0.2680558096837706,0.01329036027872119,-0.42379089612738885,-1.0002099857330198,0.8568259483755083,-0.10361856120508274,1.0,0.0,0.0,0.0,0.0,1.0,0.0,0.0,1.0,1.0,0.0,1.0,0.0
-0.5454871745510718,-0.4449021904558354,-0.5799299896465114,-1.2252866807654765,-0.36016702957191016,1.698932018469336,-0.10361856120508274,1.0,0.0,0.0,0.0,0.0,1.0,0.0,1.0,0.0,0.0,1.0,1.0,0.0
0.4569668996095656,-0.6392829149305126,0.10676680615258788,0.3777048885106987,-0.2687323215488945,-1.185701677858215,-0.10361856120508274,0.0,0.0,1.0,0.0,0.0,1.0,0.0,0.0,1.0,1.0,0.0,0.0,1.0
0.6956464410763841,-0.48999050283398216,0.3477736165103349,-0.42379089612738885,0.27987592658919946,0.9628976807068356,-1.1562515639233817,0.0,0.0,1.0,0.0,1.0,0.0,0.0,0.0,1.0,1.0,0.0,0.0,1.0
-0.5932230828444355,0.7875116812135114,-0.4149615619047365,-1.2252866807654765,-0.45160173759492583,-0.3190180112485922,0.9490144415132162,0.0,0.0,1.0,0.0,0.0,1.0,0.0,1.0,0.0,1.0,0.0,1.0,0.0
1.316213248890112,-1.1317474823496054,0.36205842125238274,-0.42379089612738885,-1.0002099857330198,0.7701575817145462,-1.1562515639233817,0.0,1.0,0.0,0.0,0.0,0.0,1.0,0.0,1.0,0.0,1.0,1.0,0.0
-1.0228462574847086,-0.20443119110571875,-0.9040904017281867,1.1792006731487863,-0.9087752777100041,0.23462468921248056,-0.10361856120508274,1.0,0.0,0.0,1.0,0.0,0.0,0.0,0.0,1.0,1.0,0.0,0.0,1.0
-0.9273744408979813,-0.733467389675975,-0.8728092617530934,-0.42379089612738885,-1.0002099857330198,-0.7290758057489659,-0.10361856120508274,0.0,0.0,1.0,0.0,1.0,0.0,0.0,1.0,0.0,0.0,1.0,0.0,1.0
-1.118318074071436,0.16679591414102332,-0.9810122403938571,-1.2252866807654765,-0.2687323215488945,0.7792124856940496,-0.10361856120508274,1.0,0.0,0.0,1.0,0.0,0.0,0.0,0.0,1.0,0.0,1.0,0.0,1.0
1.1730055240100208,0.36618645110216175,1.2719977649945224,-0.42379089612738885,-0.8173405696869884,0.9111553722525297,0.9490144415132162,0.0,0.0,1.0,0.0,0.0,0.0,1.0,1.0,0.0,0.0,1.0,0.0,1.0
0.5047028079029293,-0.47095321538543117,0.21279512374794002,0.3777048885106987,-0.9087752777100041,-0.8648993654415188,-0.10361856120508274,0.0,1.0,0.0,0.0,0.0,1.0,0.0,0.0,1.0,1.0,0.0,1.0,0.0
-0.9273744408979813,0.29604907629171084,-0.8218678267643252,-0.42379089612738885,2.4743089191415755,-0.15214906648345575,-0.10361856120508274,1.0,0.0,0.0,1.0,0.0,0.0,0.0,0.0,1.0,0.0,1.0,1.0,0.0
-0.7364308077245265,-0.2885960408782595,-0.6962879472075688,-0.42379089612738885,-0.9087752777100041,-1.1119688883108292,0.9490144415132162,1.0,0.0,0.0,1.0,0.0,0.0,0.0,0.0,1.0,1.0,0.0,1.0,0.0
-0.8796385326046176,0.5300073194094284,-0.7569609903745542,0.3777048885106987,-0.2687323215488945,1.1232988369151833,-0.10361856120508274,1.0,0.0,0.0,0.0,0.0,0.0,1.0,1.0,0.0,0.0,1.0,1.0,0.0
-1.2137898906581635,0.388229626042589,-1.0759565824733766,0.3777048885106987,0.005571802520152484,-0.04866444957484405,-0.10361856120508274,1.0,0.0,0.0,1.0,0.0,0.0,0.0,0.0,1.0,1.0,0.0,1.0,0.0
-0.020392183324071236,-0.5836739963307982,-0.2353141721064327,0.3777048885106987,-0.9087752777100041,0.7015990230125908,-0.10361856120508274,1.0,0.0,0.0,0.0,0.0,1.0,0.0,0.0,1.0,0.0,1.0,0.0,1.0
-1.1660539823647997,-0.5656386713795395,-1.057437984508543,-1.2252866807654765,-0.36016702957191016,1.0094657583157107,-1.1562515639233817,1.0,0.0,0.0,0.0,0.0,0.0,1.0,1.0,0.0,0.0,1.0,0.0,1.0
0.6001746244896566,-1.0836532824795821,-0.037576320736610956,-0.42379089612738885,0.27987592658919946,0.36786113348231825,-1.1562515639233817,0.0,1.0,0.0,0.0,0.0,0.0,1.0,0.0,1.0,1.0,0.0,1.0,0.0
-0.6886948994311628,1.6727455475711277,-0.33846785963238146,-0.42379089612738885,1.1027882987963404,-1.3383414877984172,2.0016474442315153,1.0,0.0,0.0,1.0,0.0,0.0,0.0,1.0,0.0,1.0,0.0,1.0,0.0
1.9845159649972033,2.5765157201286484,4.16398434786675,-0.42379089612738885,1.8342659629804658,-0.5816102266541942,2.0016474442315153,0.0,0.0,1.0,0.0,0.0,1.0,0.0,1.0,0.0,0.0,1.0,1.0,0.0
1.6026286986502938,-1.0380639888527892,0.5655455327610116,0.3777048885106987,-0.9087752777100041,-0.18836868240146962,-1.1562515639233817,0.0,0.0,1.0,0.0,0.0,1.0,0.0,1.0,0.0,1.0,0.0,1.0,0.0
1.7935723318237486,-0.007545560387810931,1.597524136045347,-1.2252866807654765,-0.08586290550286318,-0.2207076251854108,-0.10361856120508274,1.0,0.0,0.0,0.0,0.0,0.0,1.0,0.0,1.0,1.0,0.0,0.0,1.0
0.07507963326265613,2.0600040527745445,0.8459748703826118,-0.42379089612738885,-0.2687323215488945,1.4195235528160848,2.0016474442315153,1.0,0.0,0.0,1.0,0.0,0.0,0.0,0.0,1.0,1.0,0.0,1.0,0.0
-0.354543541377617,-0.6994006647680419,-0.44482917220031215,-0.42379089612738885,-0.8173405696869884,-0.5143452256635968,-0.10361856120508274,0.0,0.0,1.0,0.0,1.0,0.0,0.0,1.0,0.0,1.0,0.0,1.0,0.0
-0.6409589911377991,0.04956630195784175,-0.547887718305524,-0.42379089612738885,-0.45160173759492583,-0.9787324440409916,-0.10361856120508274,1.0,0.0,0.0,0.0,0.0,1.0,0.0,0.0,1.0,0.0,1.0,1.0,0.0
-0.7841667160178902,2.105593346401337,-0.4284784394651233,-1.2252866807654765,-0.6344711536409572,-1.4069000465003727,0.9490144415132162,0.0,1.0,0.0,0.0,0.0,0.0,1.0,0.0,1.0,1.0,0.0,1.0,0.0
-0.1635999082041623,-0.9238402641614838,-0.4324404000572326,-0.42379089612738885,-0.8173405696869884,0.598114406103979,-0.10361856120508274,0.0,0.0,1.0,0.0,1.0,0.0,0.0,1.0,0.0,1.0,0.0,1.0,0.0
-0.4500153579643444,-0.456925740423341,-0.48362648441360956,2.7821922424249617,-0.7259058616639729,2.090880005010703,-1.1562515639233817,0.0,1.0,0.0,0.0,0.0,1.0,0.0,1.0,0.0,0.0,1.0,0.0,1.0
1.3639491571834756,-1.3025820881379173,0.2216840507710601,1.1792006731487863,-0.8173405696869884,-0.049958007286201624,-1.1562515639233817,1.0,0.0,0.0,1.0,0.0,0.0,0.0,0.0,1.0,1.0,0.0,1.0,0.0
0.5524387161962929,1.0074424493691387,0.9841813756342895,-0.42379089612738885,-0.6344711536409572,-0.6566365739129378,0.9490144415132162,0.0,1.0,0.0,0.0,0.0,1.0,0.0,1.0,0.0,1.0,0.0,1.0,0.0
-0.7364308077245265,0.388229626042589,-0.5781630775471145,-1.2252866807654765,1.3770924228653874,0.22039555438754652,-0.10361856120508274,0.0,1.0,0.0,0.0,0.0,1.0,0.0,0.0,1.0,1.0,0.0,0.0,1.0
-0.5932230828444355,-0.9784472202639062,-0.7179394162409487,0.3777048885106987,-0.6344711536409572,-0.9179352316071822,-1.1562515639233817,1.0,0.0,0.0,1.0,0.0,0.0,0.0,0.0,1.0,0.0,1.0,0.0,1.0
-0.4977512662577081,0.3621786011129932,-0.3547166551310666,-0.42379089612738885,-0.5430364456179415,-0.48588695601372844,0.9490144415132162,0.0,1.0,0.0,0.0,0.0,1.0,0.0,0.0,1.0,0.0,1.0,1.0,0.0
0.07507963326265613,-0.9984864702097491,-0.30969437567527835,-0.42379089612738885,-0.8173405696869884,0.5230880588452358,-1.1562515639233817,0.0,1.0,0.0,0.0,0.0,0.0,1.0,0.0,1.0,0.0,1.0,0.0,1.0
-0.354543541377617,-0.9128186766912701,-0.5490226195385982,1.1792006731487863,-1.0002099857330198,0.6912505613217298,-1.1562515639233817,0.0,0.0,1.0,1.0,0.0,0.0,0.0,1.0,0.0,0.0,1.0,1.0,0.0
1.745836423530385,-1.39927146912661,0.36669316760541615,0.3777048885106987,0.18844121856618382,-0.4237961858685615,-0.10361856120508274,1.0,0.0,0.0,1.0,0.0,0.0,0.0,1.0,0.0,1.0,0.0,1.0,0.0
0.07507963326265613,-0.3321814095104683,-0.058935569692013474,1.1792006731487863,-0.36016702957191016,-1.2620215828283161,-0.10361856120508274,1.0,0.0,0.0,0.0,1.0,0.0,0.0,0.0,1.0,1.0,0.0,0.0,1.0
-1.118318074071436,-0.8336636394051902,-1.071729585066358,0.3777048885106987,-0.6344711536409572,0.8477710443960049,-1.1562515639233817,0.0,1.0,0.0,0.0,0.0,1.0,0.0,0.0,1.0,0.0,1.0,1.0,0.0
-0.1635999082041623,0.8050460249161238,0.11774884443191681,1.980696457786874,0.8284841747272934,1.4686787458476749,0.9490144415132162,1.0,0.0,0.0,0.0,1.0,0.0,0.0,1.0,0.0,1.0,0.0,0.0,1.0
0.027343724969292445,-0.25753520346220293,-0.07136511672969445,-0.42379089612738885,-0.7259058616639729,-0.9231094624526128,-0.10361856120508274,1.0,0.0,0.0,0.0,0.0,1.0,0.0,0.0,1.0,0.0,1.0,1.0,0.0
-0.6886948994311628,-0.9989874514583952,-0.7856869036212888,-1.2252866807654765,-0.6344711536409572,-0.5919586883450555,-1.1562515639233817,0.0,1.0,0.0,0.0,1.0,0.0,0.0,0.0,1.0,1.0,0.0,0.0,1.0
1.4116850654768394,-0.6167387587414395,0.8200760164949122,-1.2252866807654765,-0.7259058616639729,-0.5609133032724719,-0.10361856120508274,0.0,0.0,1.0,1.0,0.0,0.0,0.0,1.0,0.0,1.0,0.0,1.0,0.0
-1.118318074071436,0.07361340189285324,-1.0166630899070745,1.1792006731487863,-0.9087752777100041,-0.44708022467299907,0.9490144415132162,1.0,0.0,0.0,0.0,0.0,1.0,0.0,0.0,1.0,1.0,0.0,1.0,0.0
-1.118318074071436,0.08213008311983662,-1.0052461194186633,0.3777048885106987,-1.0002099857330198,-1.9230295733320735,-0.10361856120508274,1.0,0.0,0.0,0.0,1.0,0.0,0.0,1.0,0.0,1.0,0.0,1.0,0.0
-1.118318074071436,-1.3657057254673226,-1.043554132896743,-0.42379089612738885,0.18844121856618382,0.3057703633371511,-1.1562515639233817,0.0,1.0,0.0,1.0,0.0,0.0,0.0,1.0,0.0,0.0,1.0,0.0,1.0
1.6981005152370212,0.31408440124296955,1.7381499517100452,-0.42379089612738885,1.0113535907733249,-0.5117581102408814,-0.10361856120508274,0.0,0.0,1.0,1.0,0.0,0.0,0.0,0.0,1.0,1.0,0.0,0.0,1.0
-0.06812809161743492,-0.12076732258182435,-0.07457274177167666,0.3777048885106987,1.9257006710034816,-1.9256166887547888,-0.10361856120508274,0.0,1.0,0.0,0.0,0.0,0.0,1.0,0.0,1.0,0.0,1.0,0.0,1.0
2.032251873290567,0.019006445790431148,1.8439268241220212,-0.42379089612738885,-0.5430364456179415,1.1737475876581316,-0.10361856120508274,0.0,0.0,1.0,1.0,0.0,0.0,0.0,0.0,1.0,1.0,0.0,1.0,0.0
-0.7841667160178902,0.3361275761833968,-0.6701512397680276,-1.2252866807654765,-0.6344711536409572,-1.1339593694039092,0.9490144415132162,1.0,0.0,0.0,0.0,1.0,0.0,0.0,0.0,1.0,1.0,0.0,1.0,0.0
1.9845159649972033,0.9297903558289972,2.6367402831214433,-1.2252866807654765,0.9199188827503091,-1.1908759087036456,2.0016474442315153,0.0,1.0,0.0,1.0,0.0,0.0,0.0,0.0,1.0,1.0,0.0,1.0,0.0
-0.5454871745510718,0.5360190943931815,-0.3457121992399089,1.1792006731487863,2.4743089191415755,-0.5764359958087637,0.9490144415132162,0.0,1.0,0.0,0.0,0.0,0.0,1.0,0.0,1.0,1.0,0.0,0.0,1.0
-0.21133581649752597,-0.27206365967293905,-0.25564045706526484,0.3777048885106987,-1.0002099857330198,0.12208516832436547,-0.10361856120508274,0.0,1.0,0.0,1.0,0.0,0.0,0.0,1.0,0.0,0.0,1.0,1.0,0.0
-0.25907172479088963,0.013495652055323987,-0.2439856330250117,1.1792006731487863,0.8284841747272934,1.2979291279484657,-0.10361856120508274,0.0,0.0,1.0,0.0,1.0,0.0,0.0,0.0,1.0,1.0,0.0,1.0,0.0
1.2207414323033845,-1.4674049189424763,0.08138443426317375,-0.42379089612738885,-0.6344711536409572,-1.349983507200636,-1.1562515639233817,1.0,0.0,0.0,0.0,1.0,0.0,0.0,1.0,0.0,1.0,0.0,0.0,1.0
-0.06812809161743492,-0.08920550391712144,-0.09404954975964488,-0.42379089612738885,-0.9087752777100041,-0.05254512270891677,-0.10361856120508274,1.0,0.0,0.0,1.0,0.0,0.0,0.0,0.0,1.0,1.0,0.0,1.0,0.0
1.5071568820635666,-0.8812568580265676,0.652450424788275,3.5836880270630487,0.8284841747272934,-0.6475816699334342,-1.1562515639233817,0.0,1.0,0.0,1.0,0.0,0.0,0.0,0.0,1.0,0.0,1.0,0.0,1.0
-0.7841667160178902,-0.706915383497733,-0.7993396974970138,-0.42379089612738885,-0.6344711536409572,-0.8467895574825116,-1.1562515639233817,1.0,0.0,0.0,0.0,1.0,0.0,0.0,0.0,1.0,1.0,0.0,1.0,0.0
-0.8796385326046176,-0.7154320647247163,-0.8518849450067729,-1.2252866807654765,0.4627453426352308,-0.4768320520342249,-1.1562515639233817,1.0,0.0,0.0,0.0,0.0,1.0,0.0,0.0,1.0,1.0,0.0,1.0,0.0
1.316213248890112,-1.7649877806382452,-0.1409882492617021,-0.42379089612738885,1.7428312549574503,-0.3617054157233943,-1.1562515639233817,1.0,0.0,0.0,0.0,0.0,1.0,0.0,0.0,1.0,0.0,1.0,1.0,0.0
0.40923099131620194,-1.5285246312772973,-0.3561030015475165,0.3777048885106987,1.194223006819356,-0.7122595555013166,-1.1562515639233817,0.0,1.0,0.0,1.0,0.0,0.0,0.0,0.0,1.0,1.0,0.0,0.0,1.0
-0.9751103491913449,0.6512447815817788,-0.7831656559717647,0.3777048885106987,-0.36016702957191016,1.6407219214582418,0.9490144415132162,1.0,0.0,0.0,0.0,1.0,0.0,0.0,0.0,1.0,1.0,0.0,0.0,1.0
1.0775337074232936,-0.8827598017725055,0.39414826330373837,-0.42379089612738885,1.7428312549574503,-1.0240069639385092,-1.1562515639233817,1.0,0.0,0.0,1.0,0.0,0.0,0.0,1.0,0.0,1.0,0.0,1.0,0.0
-1.2137898906581635,0.6011466567171713,-1.0730683607724394,-1.2252866807654765,-0.9087752777100041,-0.17543310528789316,0.9490144415132162,1.0,0.0,0.0,0.0,1.0,0.0,0.0,1.0,0.0,0.0,1.0,1.0,0.0
1.0775337074232936,0.46788564457731524,1.3293272668041873,-0.42379089612738885,-0.8173405696869884,-1.1287851385584786,-0.10361856120508274,1.0,0.0,0.0,0.0,0.0,1.0,0.0,0.0,1.0,0.0,1.0,1.0,0.0
0.26602326643611085,0.8656647560022994,0.6331435121944797,1.1792006731487863,-0.7259058616639729,1.0198142200065716,0.9490144415132162,1.0,0.0,0.0,1.0,0.0,0.0,0.0,1.0,0.0,1.0,0.0,1.0,0.0
-0.6886948994311628,-1.4132989440887,-0.8437911284283816,-0.42379089612738885,-0.17729761352587883,0.8490646021073626,-1.1562515639233817,0.0,1.0,0.0,0.0,0.0,1.0,0.0,0.0,1.0,1.0,0.0,1.0,0.0
-0.5454871745510718,0.46287583209085403,-0.3856987792124159,0.3777048885106987,-0.9087752777100041,1.1310601831833296,-0.10361856120508274,0.0,1.0,0.0,0.0,0.0,0.0,1.0,0.0,1.0,1.0,0.0,1.0,0.0
-0.354543541377617,-0.1868968474031064,-0.37905247139237636,-0.42379089612738885,-0.9087752777100041,0.8374225827051436,-0.10361856120508274,1.0,0.0,0.0,0.0,0.0,1.0,0.0,0.0,1.0,1.0,0.0,1.0,0.0
-1.2137898906581635,0.41327868847489274,-1.0636493601195,0.3777048885106987,-0.8173405696869884,-1.1688854276105656,-0.10361856120508274,1.0,0.0,0.0,0.0,0.0,0.0,1.0,0.0,1.0,0.0,1.0,0.0,1.0
-0.25907172479088963,-0.8211391081890383,-0.5547922671247061,-1.2252866807654765,0.9199188827503091,1.286287108546247,-0.10361856120508274,1.0,0.0,0.0,1.0,0.0,0.0,0.0,0.0,1.0,1.0,0.0,0.0,1.0
0.1705514498493835,-0.02908775407959218,0.15124542034702324,-0.42379089612738885,0.5541800506582465,-1.9256166887547888,-0.10361856120508274,1.0,0.0,0.0,0.0,1.0,0.0,0.0,0.0,1.0,0.0,1.0,0.0,1.0
-0.9751103491913449,-0.39730897183445807,-0.9220449469843667,-1.2252866807654765,0.005571802520152484,-0.5583261878497565,-1.1562515639233817,0.0,1.0,0.0,0.0,1.0,0.0,0.0,0.0,1.0,1.0,0.0,0.0,1.0
-1.2137898906581635,-0.13729970378714476,-1.0830853932128668,-0.42379089612738885,0.005571802520152484,0.1440756494174453,-1.1562515639233817,1.0,0.0,0.0,1.0,0.0,0.0,0.0,0.0,1.0,1.0,0.0,1.0,0.0
-0.8796385326046176,-1.7329249807248963,-1.0176077082986752,1.980696457786874,-0.7259058616639729,-0.37593455054832836,-1.1562515639233817,1.0,0.0,0.0,0.0,0.0,1.0,0.0,1.0,0.0,0.0,1.0,1.0,0.0
-0.8796385326046176,1.279976248632604,-0.637205124930041,-1.2252866807654765,-0.36016702957191016,1.7429129806554964,2.0016474442315153,1.0,0.0,0.0,1.0,0.0,0.0,0.0,0.0,1.0,1.0,0.0,1.0,0.0
1.6026286986502938,0.002975045833756706,1.4359128412924262,-1.2252866807654765,1.2856577148423718,0.23203757378976542,-0.10361856120508274,0.0,0.0,1.0,1.0,0.0,0.0,0.0,0.0,1.0,1.0,0.0,0.0,1.0
0.027343724969292445,0.6697810877816839,0.23902017679245116,-1.2252866807654765,-0.9087752777100041,0.7093603692807365,0.9490144415132162,1.0,0.0,0.0,0.0,1.0,0.0,0.0,1.0,0.0,1.0,0.0,1.0,0.0
-1.118318074071436,1.653708260122577,-0.9063398167470343,-0.42379089612738885,-0.7259058616639729,0.1712403613559558,2.0016474442315153,1.0,0.0,0.0,1.0,0.0,0.0,0.0,0.0,1.0,1.0,0.0,1.0,0.0
0.40923099131620194,0.24394702643251934,0.5032550854415015,-1.2252866807654765,-0.6344711536409572,-1.9256166887547888,-0.10361856120508274,0.0,1.0,0.0,0.0,0.0,1.0,0.0,0.0,1.0,1.0,0.0,1.0,0.0
0.7911182576631114,-0.18739782865175236,0.5897658201542838,-0.42379089612738885,-0.6344711536409572,-0.30996310726908843,-0.10361856120508274,1.0,0.0,0.0,0.0,0.0,0.0,1.0,0.0,1.0,1.0,0.0,0.0,1.0
2.1277236898772944,-1.577620793644613,0.3378925003852457,-1.2252866807654765,-0.8173405696869884,0.25273449717148766,-1.1562515639233817,0.0,1.0,0.0,1.0,0.0,0.0,0.0,0.0,1.0,1.0,0.0,1.0,0.0
-0.11586399991079861,0.2634852951297163,-0.042115925668907685,-0.42379089612738885,1.6513965469344345,-1.7535735131442216,-0.10361856120508274,0.0,1.0,0.0,0.0,1.0,0.0,0.0,1.0,0.0,1.0,0.0,0.0,1.0
0.3614950830228382,0.9122560121263841,0.7431677694607756,-0.42379089612738885,-0.17729761352587883,-0.14568127792666752,-0.10361856120508274,1.0,0.0,0.0,0.0,0.0,0.0,1.0,1.0,0.0,1.0,0.0,0.0,1.0
1.6503646069436575,0.7163723439057685,2.073068140150741,0.3777048885106987,-0.08586290550286318,0.30059613249172046,-0.10361856120508274,0.0,0.0,1.0,1.0,0.0,0.0,0.0,1.0,0.0,1.0,0.0,0.0,1.0
-0.6886948994311628,1.8185310909271355,-0.3262625745150085,-0.42379089612738885,-0.6344711536409572,0.6472695991355698,0.9490144415132162,1.0,0.0,0.0,1.0,0.0,0.0,0.0,0.0,1.0,0.0,1.0,1.0,0.0
-0.354543541377617,0.301058888778172,-0.25251438181248564,-0.42379089612738885,-0.45160173759492583,0.09621401409721254,-0.10361856120508274,0.0,1.0,0.0,1.0,0.0,0.0,0.0,1.0,0.0,0.0,1.0,0.0,1.0
0.1705514498493835,-0.5486053089255731,-0.04984276819588606,0.3777048885106987,0.37131063461221514,-1.6785471658854783,-1.1562515639233817,0.0,1.0,0.0,0.0,0.0,1.0,0.0,0.0,1.0,1.0,0.0,1.0,0.0
1.9367800567038396,-0.6994006647680419,1.0853438891405331,1.1792006731487863,-0.36016702957191016,0.3549255563687418,-0.10361856120508274,0.0,0.0,1.0,1.0,0.0,0.0,0.0,1.0,0.0,0.0,1.0,0.0,1.0
1.8413082401171124,-1.4122969815914077,0.3998907276267787,-1.2252866807654765,0.005571802520152484,-0.2815048376192204,-1.1562515639233817,0.0,0.0,1.0,1.0,0.0,0.0,0.0,1.0,0.0,1.0,0.0,0.0,1.0
-0.4022794496709807,0.24745389517304153,-0.278107423990674,-0.42379089612738885,0.4627453426352308,-0.14956195106074024,0.9490144415132162,0.0,0.0,1.0,1.0,0.0,0.0,0.0,1.0,0.0,0.0,1.0,0.0,1.0
-0.8796385326046176,0.9884051619205881,-0.6791081249488168,-0.42379089612738885,0.5541800506582465,0.7947351782303416,0.9490144415132162,1.0,0.0,0.0,0.0,0.0,1.0,0.0,1.0,0.0,0.0,1.0,1.0,0.0
-1.1660539823647997,1.044515061768948,-0.9802103341333616,-0.42379089612738885,-0.6344711536409572,-1.9256166887547888,-0.10361856120508274,1.0,0.0,0.0,0.0,1.0,0.0,0.0,0.0,1.0,1.0,0.0,1.0,0.0
-0.9751103491913449,0.08713989560629709,-0.8515791332972621,0.3777048885106987,0.005571802520152484,-1.1481885042288433,-0.10361856120508274,1.0,0.0,0.0,0.0,0.0,1.0,0.0,0.0,1.0,0.0,1.0,1.0,0.0
-0.9273744408979813,-1.908268417751023,-0.9915525506483368,-1.2252866807654765,-0.8173405696869884,0.4066678648230476,-1.1562515639233817,0.0,1.0,0.0,1.0,0.0,0.0,0.0,0.0,1.0,1.0,0.0,0.0,1.0
1.459420973770203,1.260437979935407,2.263262636019291,0.3777048885106987,0.18844121856618382,0.2630829588623486,0.9490144415132162,0.0,0.0,1.0,1.0,0.0,0.0,0.0,0.0,1.0,0.0,1.0,1.0,0.0
-0.9751103491913449,1.3050253110649077,-0.7324960536136731,-0.42379089612738885,0.27987592658919946,-1.3163510067053374,2.0016474442315153,1.0,0.0,0.0,0.0,0.0,1.0,0.0,0.0,1.0,0.0,1.0,1.0,0.0
1.0775337074232936,-1.616697331039007,-0.13029843106035038,1.980696457786874,-0.45160173759492583,1.420817110527442,-1.1562515639233817,0.0,0.0,1.0,0.0,1.0,0.0,0.0,1.0,0.0,1.0,0.0,1.0,0.0
-0.5454871745510718,1.2003202300978777,-0.2572782486650906,-0.42379089612738885,0.09700651054316815,-0.23752387543306033,0.9490144415132162,1.0,0.0,0.0,1.0,0.0,0.0,0.0,0.0,1.0,0.0,1.0,1.0,0.0
-0.25907172479088963,-0.7199408959625309,-0.42660959012922256,1.1792006731487863,-0.6344711536409572,0.07810420613820543,-1.1562515639233817,0.0,1.0,0.0,0.0,0.0,0.0,1.0,1.0,0.0,1.0,0.0,1.0,0.0
-1.118318074071436,-0.18789880990039834,-1.030832365781085,0.3777048885106987,0.37131063461221514,-0.9256965778753282,-0.10361856120508274,1.0,0.0,0.0,0.0,0.0,1.0,0.0,0.0,1.0,0.0,1.0,1.0,0.0
-0.5454871745510718,2.421211533048365,0.056287486635969795,0.3777048885106987,1.1027882987963404,-1.3512770649119936,2.0016474442315153,1.0,0.0,0.0,0.0,0.0,1.0,0.0,1.0,0.0,0.0,1.0,0.0,1.0
-0.5932230828444355,0.6136711879333231,-0.423286436219203,1.1792006731487863,-1.0002099857330198,0.33681574840973466,0.9490144415132162,0.0,1.0,0.0,1.0,0.0,0.0,0.0,1.0,0.0,1.0,0.0,1.0,0.0
-1.0705821657780723,1.2414006924868564,-0.9131832032243141,-0.42379089612738885,-0.45160173759492583,-0.8700735962869495,2.0016474442315153,0.0,1.0,0.0,1.0,0.0,0.0,0.0,1.0,0.0,0.0,1.0,1.0,0.0
-1.1660539823647997,0.8661657372509457,-1.0288343959456128,0.3777048885106987,0.7370494667042777,-0.3979250316414085,0.9490144415132162,1.0,0.0,0.0,1.0,0.0,0.0,0.0,1.0,0.0,1.0,0.0,1.0,0.0
1.2684773405967482,-1.0661189387769694,0.3256532361890381,1.1792006731487863,-0.7259058616639729,-0.12369079683358732,-1.1562515639233817,0.0,1.0,0.0,0.0,0.0,1.0,0.0,1.0,0.0,1.0,0.0,1.0,0.0
0.1705514498493835,0.6627673503006388,0.4219635372377071,-0.42379089612738885,0.9199188827503091,1.2216092229783648,-0.10361856120508274,0.0,0.0,1.0,0.0,0.0,1.0,0.0,1.0,0.0,0.0,1.0,1.0,0.0
-1.118318074071436,-0.5916896963091356,-1.0210327994451984,-0.42379089612738885,-0.8173405696869884,-0.7510662868420459,-1.1562515639233817,0.0,1.0,0.0,0.0,1.0,0.0,0.0,0.0,1.0,1.0,0.0,1.0,0.0
-0.9751103491913449,0.06509672066586987,-0.858402132327241,-0.42379089612738885,1.4685271308884031,0.2980090170690053,0.9490144415132162,1.0,0.0,0.0,0.0,0.0,1.0,0.0,0.0,1.0,1.0,0.0,1.0,0.0
-1.118318074071436,-0.6127309087522709,-1.0245734194597593,0.3777048885106987,-0.08586290550286318,0.23850536234655365,-1.1562515639233817,0.0,1.0,0.0,0.0,0.0,1.0,0.0,0.0,1.0,0.0,1.0,0.0,1.0
-0.4977512662577081,0.19234595782197347,-0.4322297297684584,0.3777048885106987,0.7370494667042777,-0.1935429132469003,-0.10361856120508274,1.0,0.0,0.0,0.0,0.0,1.0,0.0,0.0,1.0,1.0,0.0,0.0,1.0
-0.06812809161743492,-0.9223373204155458,-0.32889255521680316,-0.42379089612738885,0.37131063461221514,0.001784301168104224,-1.1562515639233817,1.0,0.0,0.0,0.0,0.0,1.0,0.0,1.0,0.0,0.0,1.0,1.0,0.0
-0.4500153579643444,-1.055598332555402,-0.6669504105418123,-1.2252866807654765,-0.8173405696869884,-0.7096724400786012,-1.1562515639233817,0.0,1.0,0.0,0.0,1.0,0.0,0.0,0.0,1.0,0.0,1.0,0.0,1.0
1.1252696157166573,-0.9333589078857595,0.3486570725600332,-1.2252866807654765,1.2856577148423718,1.184096049348993,-1.1562515639233817,0.0,1.0,0.0,1.0,0.0,0.0,0.0,1.0,0.0,0.0,1.0,1.0,0.0
0.6956464410763841,-1.326629188072929,-0.16096794761642175,0.3777048885106987,-0.7259058616639729,0.11691093747893481,-1.1562515639233817,0.0,0.0,1.0,0.0,0.0,1.0,0.0,0.0,1.0,0.0,1.0,1.0,0.0
-1.2137898906581635,1.4538167419127923,-1.061501882337156,-1.2252866807654765,-0.8173405696869884,0.3989065185549015,2.0016474442315153,1.0,0.0,0.0,0.0,0.0,1.0,0.0,1.0,0.0,1.0,0.0,1.0,0.0
-0.30680763308425335,1.1191612678172138,0.021975412828833977,0.3777048885106987,2.0171353790264974,2.6393484746263445,0.9490144415132162,1.0,0.0,0.0,0.0,1.0,0.0,0.0,0.0,1.0,0.0,1.0,1.0,0.0
1.316213248890112,-1.0330541763663283,0.4062991818949761,1.980696457786874,-0.7259058616639729,1.2642966274531673,-1.1562515639233817,1.0,0.0,0.0,1.0,0.0,0.0,0.0,0.0,1.0,1.0,0.0,1.0,0.0
0.9820618908365661,1.0405072117797796,1.5057738273762755,-0.42379089612738885,-0.5430364456179415,-0.5285743604885308,0.9490144415132162,0.0,0.0,1.0,0.0,0.0,1.0,0.0,1.0,0.0,0.0,1.0,0.0,1.0
-0.5454871745510718,0.9413129245478571,-0.2669758777644732,-0.42379089612738885,-1.0002099857330198,1.3470843209800563,0.9490144415132162,0.0,1.0,0.0,0.0,1.0,0.0,0.0,0.0,1.0,1.0,0.0,1.0,0.0
-1.0705821657780723,-0.7770527583081835,-0.9543046844298951,1.1792006731487863,0.09700651054316815,1.1569313374104824,-0.10361856120508274,0.0,0.0,1.0,1.0,0.0,0.0,0.0,0.0,1.0,1.0,0.0,0.0,1.0
0.8388541659564751,0.4012551385073872,0.9936275595502965,0.3777048885106987,0.27987592658919946,-0.1392134893698793,-0.10361856120508274,0.0,0.0,1.0,0.0,0.0,0.0,1.0,1.0,0.0,1.0,0.0,1.0,0.0
-0.9751103491913449,0.011992708309386058,-0.8782663018139232,0.3777048885106987,-0.7259058616639729,-0.23623031772170275,-0.10361856120508274,0.0,1.0,0.0,0.0,1.0,0.0,0.0,0.0,1.0,1.0,0.0,0.0,1.0
-0.25907172479088963,0.24745389517304153,-0.1509305277286936,0.3777048885106987,-0.2687323215488945,-0.8506702306165848,0.9490144415132162,0.0,1.0,0.0,0.0,1.0,0.0,0.0,0.0,1.0,0.0,1.0,1.0,0.0
0.8388541659564751,-0.5916896963091356,0.39058046002610985,-0.42379089612738885,-1.0002099857330198,-0.6372332082425731,-0.10361856120508274,0.0,1.0,0.0,1.0,0.0,0.0,0.0,1.0,0.0,1.0,0.0,0.0,1.0
-0.7364308077245265,0.23392740145959767,-0.6404942997612261,-0.42379089612738885,-0.36016702957191016,-1.467697258934182,0.9490144415132162,1.0,0.0,0.0,0.0,0.0,0.0,1.0,1.0,0.0,1.0,0.0,1.0,0.0
-0.8796385326046176,-0.025580885339069635,-0.794337977092567,1.1792006731487863,0.37131063461221514,1.0211077777179296,0.9490144415132162,0.0,1.0,0.0,0.0,0.0,1.0,0.0,1.0,0.0,0.0,1.0,1.0,0.0
-0.7364308077245265,-1.578121774893259,-0.8795846900727041,1.1792006731487863,-0.08586290550286318,1.2953420125257504,-1.1562515639233817,1.0,0.0,0.0,1.0,0.0,0.0,0.0,1.0,0.0,1.0,0.0,1.0,0.0
0.7911182576631114,0.176815539113945,0.7870755351307904,2.7821922424249617,-0.45160173759492583,0.9176231608093179,-0.10361856120508274,0.0,1.0,0.0,0.0,1.0,0.0,0.0,0.0,1.0,0.0,1.0,1.0,0.0
2.032251873290567,-1.789535861821903,0.14725627649184614,-0.42379089612738885,-0.8173405696869884,-0.049958007286201624,-1.1562515639233817,0.0,0.0,1.0,0.0,0.0,1.0,0.0,0.0,1.0,0.0,1.0,1.0,0.0
-1.0228462574847086,-0.8246459769295609,-0.9716951769774216,1.1792006731487863,-0.7259058616639729,-0.12369079683358732,-1.1562515639233817,0.0,1.0,0.0,0.0,0.0,1.0,0.0,0.0,1.0,1.0,0.0,0.0,1.0
0.1705514498493835,-0.9203333954209612,-0.2168975113781028,-1.2252866807654765,-0.8173405696869884,-0.7019110938104554,-1.1562515639233817,1.0,0.0,0.0,0.0,1.0,0.0,0.0,0.0,1.0,1.0,0.0,0.0,1.0
1.1252696157166573,-1.305587975629794,0.11271994076440228,0.3777048885106987,-0.5430364456179415,0.6614987339605038,-1.1562515639233817,0.0,1.0,0.0,0.0,0.0,1.0,0.0,0.0,1.0,1.0,0.0,1.0,0.0
-0.9273744408979813,0.025018220774183933,-0.7975931728449176,-0.42379089612738885,1.2856577148423718,-0.579023111231479,-0.10361856120508274,1.0,0.0,0.0,1.0,0.0,0.0,0.0,0.0,1.0,1.0,0.0,1.0,0.0
1.1252696157166573,0.897226574667002,1.6279761864968771,0.3777048885106987,-0.9087752777100041,-0.5001160908386625,0.9490144415132162,0.0,1.0,0.0,0.0,1.0,0.0,0.0,1.0,0.0,1.0,0.0,1.0,0.0
-0.7364308077245265,-1.3105977881162547,-0.8393670523641222,0.3777048885106987,-0.36016702957191016,-0.33583426149624135,-1.1562515639233817,1.0,0.0,0.0,0.0,1.0,0.0,0.0,1.0,0.0,1.0,0.0,1.0,0.0
-1.2137898906581635,0.09064676434682,-1.079993297038922,-0.42379089612738885,-0.2687323215488945,0.10526891807671593,-0.10361856120508274,0.0,0.0,1.0,0.0,1.0,0.0,0.0,1.0,0.0,1.0,0.0,0.0,1.0
-0.25907172479088963,2.063510921515067,0.38314583757710874,-0.42379089612738885,-0.2687323215488945,-1.2038114858172222,2.0016474442315153,1.0,0.0,0.0,1.0,0.0,0.0,0.0,0.0,1.0,1.0,0.0,1.0,0.0
0.31375917472947457,1.5585218228798223,0.9779971832864002,-0.42379089612738885,0.37131063461221514,0.19969863100582425,2.0016474442315153,1.0,0.0,0.0,1.0,0.0,0.0,0.0,0.0,1.0,1.0,0.0,1.0,0.0
1.8413082401171124,-1.312601713110839,0.5248521879487459,-0.42379089612738885,-0.6344711536409572,0.5916466175471908,-1.1562515639233817,0.0,1.0,0.0,0.0,0.0,1.0,0.0,0.0,1.0,0.0,1.0,0.0,1.0
-0.020392183324071236,-1.789034880573257,-0.6059103933234139,1.1792006731487863,-0.08586290550286318,0.49592334690672496,-1.1562515639233817,0.0,1.0,0.0,0.0,1.0,0.0,0.0,1.0,0.0,0.0,1.0,1.0,0.0
-1.0228462574847086,0.42229635095052176,-0.8662648911695576,-0.42379089612738885,-0.2687323215488945,-1.2348568708898056,0.9490144415132162,1.0,0.0,0.0,0.0,1.0,0.0,0.0,0.0,1.0,1.0,0.0,0.0,1.0
-0.8796385326046176,-0.21645474107322468,-0.7838520333642227,0.3777048885106987,1.7428312549574503,-1.9256166887547888,-0.10361856120508274,1.0,0.0,0.0,1.0,0.0,0.0,0.0,0.0,1.0,0.0,1.0,1.0,0.0
0.5524387161962929,-0.44089434046666653,0.28048144878637793,-0.42379089612738885,-0.6344711536409572,-0.5609133032724719,-0.10361856120508274,0.0,0.0,1.0,0.0,0.0,0.0,1.0,1.0,0.0,1.0,0.0,1.0,0.0
-0.4500153579643444,-0.3336843532564066,-0.4656039809997604,-0.42379089612738885,2.0171353790264974,0.4933362314840098,0.9490144415132162,0.0,1.0,0.0,0.0,0.0,1.0,0.0,0.0,1.0,1.0,0.0,1.0,0.0
-1.118318074071436,0.9808904431908967,-0.9402917123185238,0.3777048885106987,1.0113535907733249,0.22427622752161924,0.9490144415132162,1.0,0.0,0.0,0.0,1.0,0.0,0.0,1.0,0.0,1.0,0.0,1.0,0.0
-1.118318074071436,0.06609868316316217,-0.9978658634957975,-1.2252866807654765,-0.8173405696869884,-0.06160002668842052,-0.10361856120508274,1.0,0.0,0.0,0.0,1.0,0.0,0.0,0.0,1.0,1.0,0.0,0.0,1.0
-0.30680763308425335,0.8466274685537487,-0.0483340970956317,-1.2252866807654765,0.9199188827503091,-0.11204877743136879,-0.10361856120508274,0.0,1.0,0.0,0.0,1.0,0.0,0.0,0.0,1.0,1.0,0.0,0.0,1.0
0.26602326643611085,1.6306631226848571,0.9443035287140533,0.3777048885106987,1.559961838911419,1.9071948099979172,0.9490144415132162,0.0,1.0,0.0,0.0,0.0,1.0,0.0,1.0,0.0,0.0,1.0,1.0,0.0
0.40923099131620194,0.2018646015462488,0.4458712171057013,-0.42379089612738885,-0.9087752777100041,2.1917775064965994,-0.10361856120508274,1.0,0.0,0.0,1.0,0.0,0.0,0.0,1.0,0.0,0.0,1.0,0.0,1.0
-0.6409589911377991,0.4117757447289545,-0.4826207036801066,0.3777048885106987,0.27987592658919946,0.2682571897077793,-0.10361856120508274,1.0,0.0,0.0,0.0,0.0,1.0,0.0,1.0,0.0,1.0,0.0,0.0,1.0
-0.7841667160178902,-0.08569863517659888,-0.7039740148399457,-1.2252866807654765,1.2856577148423718,0.2126342081194007,-0.10361856120508274,1.0,0.0,0.0,1.0,0.0,0.0,0.0,0.0,1.0,0.0,1.0,1.0,0.0
0.1705514498493835,-0.6407858586764509,-0.15154894696348242,-0.42379089612738885,-0.45160173759492583,1.5721633627562865,-0.10361856120508274,0.0,1.0,0.0,1.0,0.0,0.0,0.0,1.0,0.0,1.0,0.0,0.0,1.0
0.027343724969292445,0.838611768575411,0.3231659676183486,0.3777048885106987,0.8284841747272934,-0.21423983662862256,0.9490144415132162,0.0,1.0,0.0,0.0,1.0,0.0,0.0,1.0,0.0,1.0,0.0,1.0,0.0
-0.020392183324071236,0.6958321127112796,0.243872389250026,-1.2252866807654765,-0.7259058616639729,2.0313763502882507,0.9490144415132162,1.0,0.0,0.0,1.0,0.0,0.0,0.0,1.0,0.0,1.0,0.0,1.0,0.0
-0.9273744408979813,0.4769033070529442,-0.7730534821106003,3.5836880270630487,1.6513965469344345,-0.4884740714364438,-0.10361856120508274,1.0,0.0,0.0,0.0,0.0,1.0,0.0,0.0,1.0,1.0,0.0,1.0,0.0
0.2182873581427472,-1.4112950190941158,-0.39594007357315136,2.7821922424249617,-0.36016702957191016,0.1751210344900289,-1.1562515639233817,1.0,0.0,0.0,0.0,0.0,1.0,0.0,0.0,1.0,1.0,0.0,1.0,0.0
-0.8319026243112538,0.39875023226415623,-0.7229955031715308,-0.42379089612738885,-0.2687323215488945,-0.4535480132297873,0.9490144415132162,1.0,0.0,0.0,0.0,0.0,1.0,0.0,0.0,1.0,1.0,0.0,1.0,0.0
2.1277236898772944,-0.522554283995977,1.4160894467003455,1.1792006731487863,-0.8173405696869884,-0.717433786346747,-0.10361856120508274,0.0,1.0,0.0,1.0,0.0,0.0,0.0,0.0,1.0,1.0,0.0,1.0,0.0
1.3639491571834756,0.8636608310077147,1.8517080331751352,-0.42379089612738885,1.2856577148423718,-0.6294718619744271,0.9490144415132162,0.0,0.0,1.0,0.0,0.0,1.0,0.0,1.0,0.0,1.0,0.0,1.0,0.0
-0.7364308077245265,0.4533571883665787,-0.5784009310989564,-1.2252866807654765,1.6513965469344345,-1.0964461957745375,-0.10361856120508274,0.0,1.0,0.0,0.0,0.0,0.0,1.0,1.0,0.0,0.0,1.0,1.0,0.0
-0.7364308077245265,-0.7685360770812005,-0.7954660825098743,0.3777048885106987,-0.9087752777100041,1.0068786428929952,-1.1562515639233817,1.0,0.0,0.0,0.0,0.0,1.0,0.0,0.0,1.0,1.0,0.0,1.0,0.0
2.032251873290567,-0.41283939054248653,1.4374418998399814,-0.42379089612738885,-0.45160173759492583,-1.027887637072582,-0.10361856120508274,0.0,0.0,1.0,0.0,1.0,0.0,0.0,1.0,0.0,0.0,1.0,0.0,1.0
-0.020392183324071236,1.3631391359078524,0.4372337352659569,0.3777048885106987,0.18844121856618382,0.05352660962241007,0.9490144415132162,0.0,0.0,1.0,0.0,0.0,1.0,0.0,0.0,1.0,1.0,0.0,0.0,1.0
1.9367800567038396,0.6948301502139876,2.3445066135127175,0.3777048885106987,-0.2687323215488945,-1.1223173500016905,0.9490144415132162,1.0,0.0,0.0,0.0,0.0,1.0,0.0,0.0,1.0,0.0,1.0,0.0,1.0
-0.6886948994311628,1.153728973973793,-0.46442150905631785,1.980696457786874,-1.0002099857330198,0.09103978325178189,0.9490144415132162,0.0,1.0,0.0,0.0,0.0,1.0,0.0,0.0,1.0,0.0,1.0,0.0,1.0
1.459420973770203,-0.7204418772111771,0.6960931536433801,-1.2252866807654765,-0.08586290550286318,0.21910199667618893,-1.1562515639233817,0.0,1.0,0.0,0.0,0.0,0.0,1.0,0.0,1.0,1.0,0.0,1.0,0.0
2.1277236898772944,-0.9744393702747377,0.9303109440499826,-0.42379089612738885,-1.0002099857330198,-0.04866444957484405,-1.1562515639233817,0.0,0.0,1.0,1.0,0.0,0.0,0.0,0.0,1.0,0.0,1.0,1.0,0.0
-0.30680763308425335,-1.0365610451068508,-0.5682004116328223,1.980696457786874,0.09700651054316815,-1.1365464848266245,-1.1562515639233817,1.0,0.0,0.0,0.0,0.0,0.0,1.0,1.0,0.0,0.0,1.0,1.0,0.0
0.5524387161962929,2.204286652384614,1.6247481740075942,-1.2252866807654765,-0.8173405696869884,-0.28279839533057793,2.0016474442315153,0.0,1.0,0.0,0.0,0.0,1.0,0.0,1.0,0.0,1.0,0.0,0.0,1.0
1.745836423530385,-0.9068069017075173,0.7857707385035434,-1.2252866807654765,-0.9087752777100041,-0.341008492341672,-0.10361856120508274,0.0,1.0,0.0,0.0,0.0,1.0,0.0,0.0,1.0,0.0,1.0,1.0,0.0
-1.118318074071436,-2.005959761237008,-1.0927558390491816,-1.2252866807654765,-0.08586290550286318,0.7274701772397437,-1.1562515639233817,1.0,0.0,0.0,1.0,0.0,0.0,0.0,0.0,1.0,1.0,0.0,0.0,1.0
-0.11586399991079861,0.029026070763352455,-0.0838082553989094,-1.2252866807654765,0.09700651054316815,0.4351261344729157,0.9490144415132162,0.0,1.0,0.0,0.0,1.0,0.0,0.0,0.0,1.0,1.0,0.0,0.0,1.0
-1.1660539823647997,0.18433025784363571,-1.019843531685989,-0.42379089612738885,-0.9087752777100041,-0.6152427271494931,-0.10361856120508274,1.0,0.0,0.0,0.0,0.0,0.0,1.0,0.0,1.0,1.0,0.0,1.0,0.0
-1.0228462574847086,-1.5871394373688883,-1.033958441033864,-0.42379089612738885,-0.8173405696869884,-0.3435956077643872,-1.1562515639233817,1.0,0.0,0.0,1.0,0.0,0.0,0.0,0.0,1.0,0.0,1.0,1.0,0.0
2.1277236898772944,-0.5581239526498485,1.3502583793662746,1.1792006731487863,-0.45160173759492583,0.5463720976496732,-1.1562515639233817,0.0,0.0,1.0,1.0,0.0,0.0,0.0,1.0,0.0,1.0,0.0,1.0,0.0
-1.0228462574847086,0.2920412263025423,-0.8891328112252146,-0.42379089612738885,-0.9087752777100041,1.1918573956171388,-0.10361856120508274,0.0,1.0,0.0,0.0,0.0,1.0,0.0,1.0,0.0,1.0,0.0,1.0,0.0
0.26602326643611085,1.34560479220524,0.799382757484667,2.7821922424249617,-0.9087752777100041,1.362607013516348,2.0016474442315153,1.0,0.0,0.0,1.0,0.0,0.0,0.0,0.0,1.0,0.0,1.0,0.0,1.0
1.745836423530385,-0.6953928147788734,0.9775282719984832,-0.42379089612738885,-0.6344711536409572,-1.185701677858215,-0.10361856120508274,0.0,1.0,0.0,0.0,0.0,1.0,0.0,1.0,0.0,0.0,1.0,1.0,0.0
0.07507963326265613,-0.14731932876006607,0.008492514347281757,-0.42379089612738885,-0.9087752777100041,1.7920681736870863,-0.10361856120508274,0.0,1.0,0.0,1.0,0.0,0.0,0.0,1.0,0.0,0.0,1.0,0.0,1.0
1.5071568820635666,0.3762060760750834,1.6124137683906499,1.1792006731487863,-0.17729761352587883,-1.793673802196309,-0.10361856120508274,0.0,1.0,0.0,0.0,0.0,1.0,0.0,0.0,1.0,1.0,0.0,1.0,0.0
1.2684773405967482,-0.7449899583948346,0.5826098261517263,-1.2252866807654765,0.18844121856618382,-1.306002545014476,-1.1562515639233817,0.0,0.0,1.0,0.0,0.0,1.0,0.0,1.0,0.0,1.0,0.0,1.0,0.0
0.26602326643611085,-1.1517867322954485,-0.273812468425986,-1.2252866807654765,2.5657436271645913,0.48040065437043333,-1.1562515639233817,1.0,0.0,0.0,0.0,1.0,0.0,0.0,0.0,1.0,0.0,1.0,1.0,0.0
-0.6886948994311628,-0.6457956711629117,-0.7531893126239182,-0.42379089612738885,1.1027882987963404,-1.131372253981194,-1.1562515639233817,0.0,0.0,1.0,0.0,1.0,0.0,0.0,1.0,0.0,0.0,1.0,0.0,1.0
0.31375917472947457,-0.3467098657212045,0.12639312208742817,-0.42379089612738885,2.3828742111185597,-0.49364830228187423,-0.10361856120508274,0.0,0.0,1.0,0.0,0.0,1.0,0.0,0.0,1.0,1.0,0.0,0.0,1.0
0.40923099131620194,0.20687441403270926,0.487094635547786,-0.42379089612738885,0.18844121856618382,-0.6242976311289966,-0.10361856120508274,1.0,0.0,0.0,0.0,0.0,1.0,0.0,1.0,0.0,0.0,1.0,1.0,0.0
0.3614950830228382,-1.6953513870764405,-0.42262044627404566,-0.42379089612738885,-0.17729761352587883,0.21651488125347343,-1.1562515639233817,0.0,1.0,0.0,0.0,0.0,1.0,0.0,0.0,1.0,1.0,0.0,0.0,1.0
-1.2137898906581635,1.568541447852744,-1.0324633615651437,0.3777048885106987,0.6456147586812622,-0.5428034953134647,2.0016474442315153,1.0,0.0,0.0,1.0,0.0,0.0,0.0,0.0,1.0,0.0,1.0,1.0,0.0
-0.8796385326046176,-0.050128966522727456,-0.7680721491534543,1.1792006731487863,-0.17729761352587883,0.0522330519110525,-0.10361856120508274,0.0,1.0,0.0,0.0,1.0,0.0,0.0,0.0,1.0,1.0,0.0,0.0,1.0
-0.020392183324071236,1.27797232363802,0.47516797887685663,-0.42379089612738885,-1.0002099857330198,1.248773934916875,0.9490144415132162,1.0,0.0,0.0,0.0,0.0,1.0,0.0,1.0,0.0,0.0,1.0,1.0,0.0
1.9367800567038396,1.1832868676439117,2.8363333921956317,1.1792006731487863,-0.7259058616639729,-0.7627083062442647,0.9490144415132162,0.0,0.0,1.0,1.0,0.0,0.0,0.0,0.0,1.0,1.0,0.0,1.0,0.0
-1.2137898906581635,-0.9974845077124572,-1.0947538088846538,1.980696457786874,-0.7259058616639729,0.653737387692358,-1.1562515639233817,0.0,0.0,1.0,0.0,1.0,0.0,0.0,0.0,1.0,1.0,0.0,0.0,1.0
-0.6409589911377991,-0.5761592776011072,-0.6798216856043425,-0.42379089612738885,0.4627453426352308,-0.34876983860981786,-0.10361856120508274,0.0,1.0,0.0,0.0,0.0,0.0,1.0,0.0,1.0,1.0,0.0,0.0,1.0
1.1730055240100208,0.12120662051423059,1.1347290823186786,-0.42379089612738885,0.005571802520152484,-1.9256166887547888,-1.1562515639233817,1.0,0.0,0.0,0.0,0.0,1.0,0.0,0.0,1.0,0.0,1.0,0.0,1.0
-0.9273744408979813,-0.32366472828348497,-0.8525577307676974,-0.42379089612738885,-0.5430364456179415,1.7739583657280795,-0.10361856120508274,0.0,1.0,0.0,0.0,0.0,1.0,0.0,0.0,1.0,1.0,0.0,0.0,1.0
-0.4500153579643444,0.7354096313543192,-0.23220168848518732,-0.42379089612738885,-0.7259058616639729,-0.23623031772170275,-0.10361856120508274,1.0,0.0,0.0,0.0,0.0,0.0,1.0,0.0,1.0,1.0,0.0,1.0,0.0
-0.4022794496709807,-2.184810067003657,-0.9066999949826806,-1.2252866807654765,-0.7259058616639729,0.3406964215438074,-1.1562515639233817,0.0,1.0,0.0,0.0,0.0,0.0,1.0,1.0,0.0,1.0,0.0,1.0,0.0
0.6001746244896566,3.1240882248988093,2.206571940891716,0.3777048885106987,0.6456147586812622,-0.6838012858514483,2.0016474442315153,0.0,0.0,1.0,0.0,0.0,1.0,0.0,0.0,1.0,0.0,1.0,0.0,1.0
-0.30680763308425335,0.8786902684670976,-0.022013902630383723,1.1792006731487863,-0.2687323215488945,-1.8234256295575346,0.9490144415132162,1.0,0.0,0.0,0.0,0.0,1.0,0.0,0.0,1.0,0.0,1.0,1.0,0.0
1.9845159649972033,0.038544714487627786,1.7873924327570854,0.3777048885106987,-1.0002099857330198,0.5062718085975862,-0.10361856120508274,0.0,1.0,0.0,0.0,0.0,1.0,0.0,1.0,0.0,1.0,0.0,1.0,0.0
1.745836423530385,-1.5455579937312642,0.22158211353455654,-1.2252866807654765,-0.8173405696869884,1.8269942318937433,-1.1562515639233817,0.0,0.0,1.0,0.0,0.0,1.0,0.0,0.0,1.0,1.0,0.0,0.0,1.0
0.40923099131620194,-0.24150380350552847,0.22728380296299514,0.3777048885106987,0.4627453426352308,-0.311256664980446,-0.10361856120508274,0.0,1.0,0.0,1.0,0.0,0.0,0.0,0.0,1.0,1.0,0.0,0.0,1.0
0.9820618908365661,-0.11976536008453204,0.7639833531548254,-1.2252866807654765,0.18844121856618382,-0.32548579980538045,-1.1562515639233817,1.0,0.0,0.0,1.0,0.0,0.0,0.0,1.0,0.0,0.0,1.0,1.0,0.0
0.6479105327830204,1.5805649978202496,1.4358992496608924,0.3777048885106987,0.09700651054316815,1.388478167743501,0.9490144415132162,0.0,1.0,0.0,0.0,0.0,1.0,0.0,1.0,0.0,1.0,0.0,1.0,0.0
1.459420973770203,-0.4674463466449086,0.9170455116729715,-1.2252866807654765,-0.08586290550286318,-0.8053957107190671,-0.10361856120508274,0.0,0.0,1.0,0.0,0.0,1.0,0.0,0.0,1.0,1.0,0.0,0.0,1.0
0.5524387161962929,-0.9353628328803437,0.017354258107334236,1.1792006731487863,-0.7259058616639729,0.6330404643106358,-1.1562515639233817,0.0,0.0,1.0,0.0,0.0,0.0,1.0,0.0,1.0,1.0,0.0,1.0,0.0
1.9845159649972033,0.5054592382257709,2.232926114435799,-1.2252866807654765,-0.6344711536409572,0.2980090170690053,0.9490144415132162,1.0,0.0,0.0,0.0,0.0,1.0,0.0,0.0,1.0,0.0,1.0,0.0,1.0
-0.9751103491913449,1.1862927551357876,-0.775622300470493,0.3777048885106987,0.8284841747272934,-1.2439117748693092,0.9490144415132162,0.0,1.0,0.0,0.0,0.0,1.0,0.0,0.0,1.0,0.0,1.0,1.0,0.0
1.3639491571834756,0.9428158682937947,1.9102879650859117,1.980696457786874,-0.5430364456179415,-0.8377346535030082,0.9490144415132162,0.0,0.0,1.0,0.0,0.0,0.0,1.0,0.0,1.0,1.0,0.0,0.0,1.0
0.3614950830228382,1.0395052492824877,0.7920908471667711,0.3777048885106987,-0.5430364456179415,-0.3461827231871027,2.0016474442315153,1.0,0.0,0.0,0.0,1.0,0.0,0.0,0.0,1.0,1.0,0.0,1.0,0.0
0.07507963326265613,-1.0210306263988227,-0.3192289051962551,-0.42379089612738885,-0.6344711536409572,1.398826629434362,-0.10361856120508274,1.0,0.0,0.0,0.0,0.0,1.0,0.0,1.0,0.0,0.0,1.0,1.0,0.0
0.2182873581427472,-0.03159266032282278,0.1575587331944839,-0.42379089612738885,0.7370494667042777,3.02094799947685,-0.10361856120508274,0.0,1.0,0.0,0.0,0.0,0.0,1.0,0.0,1.0,1.0,0.0,0.0,1.0
1.2207414323033845,-0.14080657252766732,1.0112083349392962,-1.2252866807654765,1.7428312549574503,-0.10299387345186505,-0.10361856120508274,0.0,0.0,1.0,0.0,1.0,0.0,0.0,0.0,1.0,1.0,0.0,1.0,0.0
0.3614950830228382,1.5740522415878508,1.0094618102872002,0.3777048885106987,-0.8173405696869884,0.639508252867424,0.9490144415132162,0.0,0.0,1.0,0.0,0.0,1.0,0.0,1.0,0.0,1.0,0.0,1.0,0.0
0.1705514498493835,1.89718514696457,0.8897535155530553,-0.42379089612738885,-0.08586290550286318,2.066302408494908,0.9490144415132162,1.0,0.0,0.0,0.0,0.0,0.0,1.0,1.0,0.0,1.0,0.0,0.0,1.0
0.8388541659564751,0.15677628916810168,0.8369568228599203,0.3777048885106987,-0.36016702957191016,-1.8195449564234618,-0.10361856120508274,0.0,0.0,1.0,0.0,0.0,1.0,0.0,0.0,1.0,0.0,1.0,1.0,0.0
-0.8319026243112538,-1.1412661260738808,-0.8926122688978732,-1.2252866807654765,0.005571802520152484,1.8347555781618887,-0.10361856120508274,1.0,0.0,0.0,0.0,0.0,0.0,1.0,1.0,0.0,0.0,1.0,1.0,0.0
-0.8796385326046176,0.5305083006580747,-0.7078000591167168,0.3777048885106987,1.559961838911419,-1.0498781181656622,-0.10361856120508274,1.0,0.0,0.0,0.0,0.0,1.0,0.0,1.0,0.0,1.0,0.0,1.0,0.0
1.1252696157166573,-0.42636588425593036,0.721040593323712,1.1792006731487863,0.09700651054316815,-0.8196248455440012,-0.10361856120508274,0.0,0.0,1.0,1.0,0.0,0.0,0.0,0.0,1.0,1.0,0.0,1.0,0.0
0.7433823493697477,-0.7850684582865209,0.20272372478137732,-0.42379089612738885,0.4627453426352308,-0.9903744634432105,-0.10361856120508274,0.0,0.0,1.0,1.0,0.0,0.0,0.0,0.0,1.0,1.0,0.0,1.0,0.0
1.316213248890112,-0.139804610030375,1.071086267661553,1.1792006731487863,-0.08586290550286318,0.6757278687854379,-0.10361856120508274,0.0,1.0,0.0,1.0,0.0,0.0,0.0,0.0,1.0,0.0,1.0,1.0,0.0
-0.9273744408979813,0.21188422651917044,-0.8048443082682122,-1.2252866807654765,0.4627453426352308,0.6201048871970593,-0.10361856120508274,1.0,0.0,0.0,0.0,1.0,0.0,0.0,0.0,1.0,1.0,0.0,1.0,0.0
-0.4977512662577081,0.8616569060131308,-0.26047228207553896,-0.42379089612738885,-0.17729761352587883,0.16994680364459824,-0.10361856120508274,1.0,0.0,0.0,0.0,0.0,1.0,0.0,0.0,1.0,0.0,1.0,0.0,1.0
-0.7841667160178902,-0.5841749775794446,-0.7901245713170819,-0.42379089612738885,-0.36016702957191016,0.4946297891953674,-0.10361856120508274,1.0,0.0,0.0,0.0,1.0,0.0,0.0,0.0,1.0,0.0,1.0,1.0,0.0
1.9367800567038396,0.5650760068146539,2.241176234776829,-0.42379089612738885,-0.36016702957191016,0.31223815189393933,-0.10361856120508274,0.0,0.0,1.0,0.0,0.0,0.0,1.0,1.0,0.0,1.0,0.0,0.0,1.0
-0.4500153579643444,-0.4013168218236266,-0.5331951646174615,1.1792006731487863,0.5541800506582465,0.41830988422526616,-0.10361856120508274,1.0,0.0,0.0,0.0,0.0,1.0,0.0,1.0,0.0,1.0,0.0,0.0,1.0
-0.8796385326046176,0.8015391561756016,-0.7042866223652237,-0.42379089612738885,0.6456147586812622,1.2009122995966421,0.9490144415132162,1.0,0.0,0.0,0.0,0.0,1.0,0.0,0.0,1.0,0.0,1.0,1.0,0.0
1.9845159649972033,1.1111455678388762,2.7945527168606596,-1.2252866807654765,0.18844121856618382,0.18158882304681712,-0.10361856120508274,0.0,1.0,0.0,1.0,0.0,0.0,0.0,1.0,0.0,1.0,0.0,1.0,0.0
-0.1635999082041623,-0.8441842456267579,-0.41456740459025565,-0.42379089612738885,1.9257006710034816,-0.6760399395833024,-1.1562515639233817,1.0,0.0,0.0,0.0,1.0,0.0,0.0,0.0,1.0,0.0,1.0,1.0,0.0
-0.11586399991079861,2.5930481013339692,0.7573574327820867,0.3777048885106987,-0.17729761352587883,0.13243363001522643,2.0016474442315153,0.0,1.0,0.0,0.0,0.0,1.0,0.0,0.0,1.0,0.0,1.0,1.0,0.0
-1.0705821657780723,0.32159911997266094,-0.9434517666501377,-0.42379089612738885,-1.0002099857330198,2.134860967196863,-0.10361856120508274,0.0,1.0,0.0,0.0,1.0,0.0,0.0,0.0,1.0,1.0,0.0,1.0,0.0
0.07507963326265613,-0.7309624834327448,-0.20016621295996692,-1.2252866807654765,0.18844121856618382,-0.1961300286696158,-1.1562515639233817,0.0,1.0,0.0,0.0,1.0,0.0,0.0,0.0,1.0,1.0,0.0,1.0,0.0
0.6479105327830204,1.5520090666474236,1.4347371651647505,-1.2252866807654765,-0.7259058616639729,-1.1546562927856316,2.0016474442315153,0.0,0.0,1.0,0.0,1.0,0.0,0.0,0.0,1.0,1.0,0.0,1.0,0.0
-0.8319026243112538,1.2874909673622954,-0.5717206442000824,0.3777048885106987,-0.9087752777100041,0.059994398179198306,2.0016474442315153,1.0,0.0,0.0,0.0,0.0,1.0,0.0,0.0,1.0,1.0,0.0,1.0,0.0
-0.020392183324071236,-0.0025357479013501005,0.0048023863858488065,-1.2252866807654765,-0.9087752777100041,0.12467228374708061,-0.10361856120508274,0.0,0.0,1.0,0.0,1.0,0.0,0.0,0.0,1.0,1.0,0.0,1.0,0.0
1.4116850654768394,1.5820679415661878,2.4519960314979556,-0.42379089612738885,-0.7259058616639729,-0.2776241644851473,2.0016474442315153,0.0,1.0,0.0,0.0,0.0,1.0,0.0,1.0,0.0,1.0,0.0,0.0,1.0
0.26602326643611085,0.27450688259992995,0.3447902533886609,0.3777048885106987,0.18844121856618382,-1.427596969882095,-0.10361856120508274,1.0,0.0,0.0,0.0,1.0,0.0,0.0,0.0,1.0,1.0,0.0,1.0,0.0
-0.8319026243112538,-1.347670400516064,-0.8868290296802316,-1.2252866807654765,0.18844121856618382,0.27731209368728305,-1.1562515639233817,0.0,1.0,0.0,1.0,0.0,0.0,0.0,1.0,0.0,0.0,1.0,1.0,0.0
1.6981005152370212,1.1577368239629615,2.4721252377995473,-1.2252866807654765,-0.45160173759492583,0.3510448832346687,2.0016474442315153,0.0,1.0,0.0,0.0,0.0,1.0,0.0,1.0,0.0,0.0,1.0,1.0,0.0
-0.4977512662577081,0.5169818069446301,-0.3210705712690881,0.3777048885106987,0.18844121856618382,-1.1882887932809303,-0.10361856120508274,1.0,0.0,0.0,0.0,0.0,0.0,1.0,1.0,0.0,1.0,0.0,0.0,1.0
1.316213248890112,-1.9919322862749176,-0.2716106241175067,-0.42379089612738885,-0.2687323215488945,0.8788164294685885,-1.1562515639233817,0.0,1.0,0.0,0.0,1.0,0.0,0.0,1.0,0.0,0.0,1.0,1.0,0.0
0.9343259825432024,1.9563009343048066,1.9870331125416427,-1.2252866807654765,-0.8173405696869884,0.2410924777692688,2.0016474442315153,0.0,0.0,1.0,1.0,0.0,0.0,0.0,1.0,0.0,0.0,1.0,1.0,0.0
-0.7364308077245265,0.5700858193011143,-0.5667189237956356,0.3777048885106987,-0.17729761352587883,0.7766253702713344,-0.10361856120508274,1.0,0.0,0.0,0.0,1.0,0.0,0.0,1.0,0.0,1.0,0.0,0.0,1.0
-0.8319026243112538,1.681262228798111,-0.5398210849902002,-1.2252866807654765,0.09700651054316815,0.25532161259420283,2.0016474442315153,0.0,0.0,1.0,0.0,1.0,0.0,0.0,1.0,0.0,1.0,0.0,1.0,0.0
2.0799877815839305,-0.41534429678571677,1.4599836207388266,-1.2252866807654765,-0.45160173759492583,-0.4380253206934955,-0.10361856120508274,0.0,1.0,0.0,1.0,0.0,0.0,0.0,0.0,1.0,0.0,1.0,0.0,1.0
-0.7841667160178902,-0.2780754346566919,-0.7469507537498936,-0.42379089612738885,-0.6344711536409572,-0.48071272516829777,-0.10361856120508274,1.0,0.0,0.0,1.0,0.0,0.0,0.0,0.0,1.0,1.0,0.0,1.0,0.0
-1.1660539823647997,0.2419431014379347,-1.0012433839319526,-0.42379089612738885,0.7370494667042777,-1.4224227390366642,-0.10361856120508274,1.0,0.0,0.0,0.0,0.0,1.0,0.0,0.0,1.0,1.0,0.0,1.0,0.0
-1.118318074071436,-1.484438281396443,-1.0599048656319319,-0.42379089612738885,-0.5430364456179415,-0.004683487388684008,-1.1562515639233817,1.0,0.0,0.0,0.0,0.0,1.0,0.0,1.0,0.0,1.0,0.0,1.0,0.0
-0.11586399991079861,-0.06816429147398616,-0.11597964723946806,-0.42379089612738885,-0.36016702957191016,-0.6475816699334342,-0.10361856120508274,0.0,1.0,0.0,0.0,0.0,1.0,0.0,0.0,1.0,1.0,0.0,0.0,1.0
-1.1660539823647997,0.14775862669247267,-0.9963979672901446,-0.42379089612738885,-0.9087752777100041,-0.6061878231699895,-0.10361856120508274,0.0,1.0,0.0,1.0,0.0,0.0,0.0,1.0,0.0,0.0,1.0,0.0,1.0
1.459420973770203,1.9688254655209583,2.8431020246994754,-1.2252866807654765,-0.7259058616639729,-0.9399257127002623,2.0016474442315153,0.0,1.0,0.0,1.0,0.0,0.0,0.0,1.0,0.0,0.0,1.0,0.0,1.0
-1.2137898906581635,-1.094674869949796,-1.0651308479566868,1.1792006731487863,0.9199188827503091,-0.45484157094114486,-1.1562515639233817,0.0,0.0,1.0,1.0,0.0,0.0,0.0,1.0,0.0,1.0,0.0,0.0,1.0
1.55489279035693,1.9888647154668018,2.9677372858646307,0.3777048885106987,-0.9087752777100041,-0.24787233712392165,2.0016474442315153,0.0,0.0,1.0,0.0,0.0,0.0,1.0,0.0,1.0,1.0,0.0,0.0,1.0
2.0799877815839305,1.7654270785706514,3.510417153931343,-0.42379089612738885,-0.36016702957191016,-0.9049996544936058,0.9490144415132162,0.0,0.0,1.0,0.0,0.0,0.0,1.0,1.0,0.0,0.0,1.0,0.0,1.0
0.26602326643611085,-0.6127309087522709,-0.048870966541217684,-1.2252866807654765,-0.17729761352587883,-1.2128663897967258,-1.1562515639233817,0.0,0.0,1.0,0.0,0.0,1.0,0.0,1.0,0.0,1.0,0.0,1.0,0.0
0.6001746244896566,1.3531195109349314,1.2878591989944939,0.3777048885106987,-0.17729761352587883,0.6446824837128543,0.9490144415132162,0.0,1.0,0.0,0.0,1.0,0.0,0.0,1.0,0.0,0.0,1.0,0.0,1.0
-0.5454871745510718,0.3907345322858192,-0.38130188641122414,1.1792006731487863,-0.9087752777100041,-0.8597251345960881,0.9490144415132162,1.0,0.0,0.0,0.0,0.0,1.0,0.0,0.0,1.0,0.0,1.0,0.0,1.0
0.3614950830228382,-0.3948040655912278,0.15606365372576336,1.980696457786874,-0.6344711536409572,-1.3538641803347091,-0.10361856120508274,1.0,0.0,0.0,0.0,1.0,0.0,0.0,0.0,1.0,1.0,0.0,1.0,0.0
1.459420973770203,0.2058724515354173,1.4436940503455398,0.3777048885106987,2.2914395030955443,0.7856802742508378,-0.10361856120508274,0.0,1.0,0.0,1.0,0.0,0.0,0.0,0.0,1.0,0.0,1.0,1.0,0.0
1.459420973770203,-1.129242576106375,0.4367920072411076,-1.2252866807654765,-0.9087752777100041,-0.7497727291306882,-1.1562515639233817,0.0,0.0,1.0,0.0,0.0,1.0,0.0,1.0,0.0,1.0,0.0,0.0,1.0
-0.4500153579643444,2.2318406210601482,0.12160207197175549,2.7821922424249617,0.18844121856618382,0.1143238220562193,2.0016474442315153,1.0,0.0,0.0,0.0,0.0,1.0,0.0,0.0,1.0,1.0,0.0,0.0,1.0
-0.5932230828444355,-0.5305699839743144,-0.6156080224227964,-0.42379089612738885,-0.6344711536409572,-0.8791285002664528,-1.1562515639233817,1.0,0.0,0.0,0.0,0.0,1.0,0.0,1.0,0.0,1.0,0.0,1.0,0.0
1.0297977991299299,-1.59715906234181,-0.10079099900042107,-1.2252866807654765,-0.8173405696869884,-0.009857718234114667,-1.1562515639233817,0.0,1.0,0.0,0.0,1.0,0.0,0.0,0.0,1.0,1.0,0.0,0.0,1.0
-0.9751103491913449,-0.8962862954859497,-0.9417935876030112,0.3777048885106987,-0.7259058616639729,-1.4858070668931889,-1.1562515639233817,1.0,0.0,0.0,0.0,0.0,1.0,0.0,1.0,0.0,0.0,1.0,1.0,0.0
2.1277236898772944,0.3080726262592171,2.230500008207011,-1.2252866807654765,0.09700651054316815,1.1297666254719716,-0.10361856120508274,1.0,0.0,0.0,0.0,0.0,1.0,0.0,0.0,1.0,1.0,0.0,0.0,1.0
-0.5932230828444355,-0.8887715767562586,-0.662601088450989,0.3777048885106987,-0.9087752777100041,0.0871591101177088,-1.1562515639233817,0.0,1.0,0.0,0.0,1.0,0.0,0.0,0.0,1.0,1.0,0.0,1.0,0.0
1.5071568820635666,-1.0080051139340245,0.5442950168578795,-0.42379089612738885,-0.9087752777100041,-1.7289959166284266,-0.10361856120508274,0.0,1.0,0.0,1.0,0.0,0.0,0.0,0.0,1.0,0.0,1.0,1.0,0.0
-0.6409589911377991,1.193807473865479,-0.33646988979690945,-0.42379089612738885,-0.6344711536409572,0.9745397001090541,0.9490144415132162,0.0,1.0,0.0,1.0,0.0,0.0,0.0,0.0,1.0,0.0,1.0,0.0,1.0
2.175459598170658,-0.4975052215636732,1.4577681847988133,-0.42379089612738885,-1.0002099857330198,-1.211572832085368,-1.1562515639233817,0.0,0.0,1.0,1.0,0.0,0.0,0.0,0.0,1.0,1.0,0.0,0.0,1.0
-1.2137898906581635,-0.23098319728396083,-1.0843562107612792,1.980696457786874,-1.0002099857330198,-1.6022272609153771,-0.10361856120508274,0.0,1.0,0.0,0.0,0.0,1.0,0.0,0.0,1.0,1.0,0.0,0.0,1.0
-1.118318074071436,0.0891438206008817,-1.0084945193552468,1.1792006731487863,-0.8173405696869884,0.4053743071116897,-0.10361856120508274,1.0,0.0,0.0,0.0,0.0,1.0,0.0,0.0,1.0,1.0,0.0,1.0,0.0
-0.354543541377617,1.7353682036518872,0.1281940132656596,1.980696457786874,0.6456147586812622,0.3290544021415889,2.0016474442315153,1.0,0.0,0.0,0.0,0.0,0.0,1.0,0.0,1.0,1.0,0.0,0.0,1.0
-0.4977512662577081,-0.3271715970240075,-0.5506060446122886,-0.42379089612738885,-0.45160173759492583,1.2241963384010799,-0.10361856120508274,0.0,0.0,1.0,0.0,1.0,0.0,0.0,0.0,1.0,0.0,1.0,1.0,0.0
-0.11586399991079861,-1.2174152758680843,-0.5022877945095483,0.3777048885106987,1.194223006819356,-0.0926454117610041,-1.1562515639233817,0.0,0.0,1.0,0.0,0.0,0.0,1.0,1.0,0.0,1.0,0.0,0.0,1.0
0.9343259825432024,-1.0465806700797724,0.16362060085856897,-1.2252866807654765,-0.9087752777100041,0.8568259483755083,-0.10361856120508274,0.0,1.0,0.0,1.0,0.0,0.0,0.0,0.0,1.0,1.0,0.0,1.0,0.0
-0.7364308077245265,0.7594567312893311,-0.520806392474382,0.3777048885106987,-0.45160173759492583,0.7003054653012332,0.9490144415132162,0.0,1.0,0.0,0.0,0.0,1.0,0.0,0.0,1.0,1.0,0.0,1.0,0.0
0.027343724969292445,-0.3266706157753615,-0.14558222072013421,0.3777048885106987,-0.6344711536409572,-0.26727570279428636,-0.10361856120508274,0.0,1.0,0.0,0.0,0.0,1.0,0.0,0.0,1.0,1.0,0.0,1.0,0.0
0.2182873581427472,0.6933272064680494,0.49832811901049073,-0.42379089612738885,2.7486130432106224,-0.3384213769189569,2.0016474442315153,0.0,1.0,0.0,0.0,1.0,0.0,0.0,1.0,0.0,0.0,1.0,0.0,1.0
-0.9273744408979813,1.7303583911654268,-0.6713744866060716,1.980696457786874,0.8284841747272934,1.1646926836786282,2.0016474442315153,1.0,0.0,0.0,0.0,0.0,0.0,1.0,0.0,1.0,0.0,1.0,1.0,0.0
-0.9273744408979813,0.3115794949997393,-0.8009571016495388,-1.2252866807654765,1.0113535907733249,-0.4030992624868392,-0.10361856120508274,1.0,0.0,0.0,0.0,1.0,0.0,0.0,0.0,1.0,0.0,1.0,1.0,0.0
0.9343259825432024,-0.7044104772545027,0.39099500478789156,0.3777048885106987,-0.7259058616639729,0.038003917086118465,-0.10361856120508274,1.0,0.0,0.0,0.0,0.0,0.0,1.0,0.0,1.0,0.0,1.0,0.0,1.0
-1.118318074071436,1.5905846227931713,-0.8994488595593862,-1.2252866807654765,-1.0002099857330198,-0.7769374410691988,2.0016474442315153,1.0,0.0,0.0,0.0,0.0,1.0,0.0,0.0,1.0,1.0,0.0,1.0,0.0
-0.5454871745510718,0.9884051619205881,-0.2678253547353371,-0.42379089612738885,-0.08586290550286318,-0.19095579782418515,0.9490144415132162,1.0,0.0,0.0,1.0,0.0,0.0,0.0,0.0,1.0,0.0,1.0,1.0,0.0
-0.4977512662577081,1.6381778414145485,-0.09238457489675156,-1.2252866807654765,0.8284841747272934,-0.15861685504024398,2.0016474442315153,0.0,1.0,0.0,0.0,1.0,0.0,0.0,1.0,0.0,1.0,0.0,1.0,0.0
-0.21133581649752597,-1.3105977881162547,-0.559780395897619,-1.2252866807654765,0.37131063461221514,-1.4651101435114666,-1.1562515639233817,1.0,0.0,0.0,0.0,0.0,1.0,0.0,0.0,1.0,0.0,1.0,1.0,0.0
-0.4500153579643444,-0.8772490080373987,-0.6025600561503265,0.3777048885106987,-0.17729761352587883,-0.41603483960041565,-0.10361856120508274,0.0,1.0,0.0,0.0,1.0,0.0,0.0,1.0,0.0,0.0,1.0,1.0,0.0
-1.0228462574847086,-0.6493025399034343,-0.9561667379500288,1.1792006731487863,-1.0002099857330198,0.2682571897077793,-1.1562515639233817,0.0,1.0,0.0,0.0,0.0,0.0,1.0,0.0,1.0,0.0,1.0,1.0,0.0
0.26602326643611085,0.7955273811918485,0.6177306020351244,-0.42379089612738885,1.3770924228653874,1.2177285498442918,0.9490144415132162,0.0,1.0,0.0,0.0,1.0,0.0,0.0,0.0,1.0,1.0,0.0,1.0,0.0
0.9343259825432024,0.7559498625488089,1.3008799820038959,1.980696457786874,-0.6344711536409572,-1.3538641803347091,-0.10361856120508274,0.0,1.0,0.0,0.0,0.0,1.0,0.0,0.0,1.0,1.0,0.0,1.0,0.0
-0.7841667160178902,-1.1112072511551163,-0.846441496577477,-0.42379089612738885,1.4685271308884031,2.4155629905614724,-1.1562515639233817,1.0,0.0,0.0,0.0,0.0,1.0,0.0,0.0,1.0,0.0,1.0,1.0,0.0
1.316213248890112,0.9207726933533674,1.8484664290543182,-1.2252866807654765,0.005571802520152484,-1.2814249484986808,0.9490144415132162,0.0,1.0,0.0,0.0,0.0,1.0,0.0,0.0,1.0,0.0,1.0,0.0,1.0
1.1730055240100208,-0.694390852281581,0.5582128475485142,-1.2252866807654765,-1.0002099857330198,-1.4612294703773936,-0.10361856120508274,0.0,0.0,1.0,0.0,1.0,0.0,0.0,0.0,1.0,1.0,0.0,1.0,0.0
-0.25907172479088963,0.9363031120613959,0.011013761996805767,1.1792006731487863,0.27987592658919946,-1.2180406206421561,0.9490144415132162,0.0,1.0,0.0,1.0,0.0,0.0,0.0,0.0,1.0,0.0,1.0,1.0,0.0
-0.5932230828444355,-0.8527009268537412,-0.7214936278870434,0.3777048885106987,-0.6344711536409572,0.5489592130723887,-1.1562515639233817,1.0,0.0,0.0,0.0,1.0,0.0,0.0,0.0,1.0,1.0,0.0,0.0,1.0
-0.5932230828444355,1.8520968345864228,-0.18365917646213895,1.980696457786874,-1.0002099857330198,-0.3500633963211754,2.0016474442315153,1.0,0.0,0.0,0.0,1.0,0.0,0.0,0.0,1.0,1.0,0.0,0.0,1.0
2.0799877815839305,0.17431063287071474,2.002697467884373,0.3777048885106987,-1.0002099857330198,2.0365505811336817,-0.10361856120508274,0.0,0.0,1.0,0.0,0.0,1.0,0.0,0.0,1.0,0.0,1.0,0.0,1.0
-1.0705821657780723,1.8085114659542139,-0.8731898274360403,1.1792006731487863,0.18844121856618382,-0.02926108390447936,2.0016474442315153,1.0,0.0,0.0,0.0,0.0,1.0,0.0,1.0,0.0,0.0,1.0,0.0,1.0
0.07507963326265613,0.2624833326324237,0.1597537816871963,-1.2252866807654765,-0.9087752777100041,-0.5673810918292601,0.9490144415132162,0.0,1.0,0.0,0.0,0.0,1.0,0.0,0.0,1.0,0.0,1.0,1.0,0.0
0.12281554155601981,-0.2199616098137472,0.06179209740716799,-0.42379089612738885,-0.8173405696869884,0.0043714165908193695,-0.10361856120508274,1.0,0.0,0.0,0.0,0.0,1.0,0.0,0.0,1.0,1.0,0.0,0.0,1.0
1.2207414323033845,-0.6523084273953109,0.618138350981139,-0.42379089612738885,-0.5430364456179415,-1.1365464848266245,-1.1562515639233817,0.0,0.0,1.0,0.0,1.0,0.0,0.0,0.0,1.0,1.0,0.0,0.0,1.0
-0.06812809161743492,-0.6808643585681372,-0.2719640065373861,0.3777048885106987,-0.2687323215488945,1.502311246342974,-0.10361856120508274,0.0,1.0,0.0,0.0,0.0,0.0,1.0,0.0,1.0,1.0,0.0,1.0,0.0
-1.0228462574847086,-0.07517802895503126,-0.9145423663776964,-1.2252866807654765,-1.0002099857330198,-0.5854908997882673,-1.1562515639233817,0.0,1.0,0.0,1.0,0.0,0.0,0.0,1.0,0.0,1.0,0.0,1.0,0.0
-0.5932230828444355,0.03353490200116731,-0.5462703141529991,-1.2252866807654765,-0.8173405696869884,-1.0123649445362906,-0.10361856120508274,1.0,0.0,0.0,0.0,0.0,1.0,0.0,1.0,0.0,0.0,1.0,0.0,1.0
-0.7841667160178902,-0.2585371659594952,-0.7247895985339954,-0.42379089612738885,0.5541800506582465,-1.109381772888114,-0.10361856120508274,1.0,0.0,0.0,1.0,0.0,0.0,0.0,0.0,1.0,0.0,1.0,1.0,0.0
-0.6409589911377991,-1.7805181993462735,-0.8529179090033436,0.3777048885106987,-0.9087752777100041,-0.7704696525124106,-1.1562515639233817,1.0,0.0,0.0,1.0,0.0,0.0,0.0,0.0,1.0,0.0,1.0,0.0,1.0
-0.1635999082041623,-1.9192900052212367,-0.7408752944542748,1.1792006731487863,-0.5430364456179415,1.4246977836615151,-1.1562515639233817,0.0,1.0,0.0,0.0,0.0,1.0,0.0,0.0,1.0,0.0,1.0,0.0,1.0
-1.0228462574847086,2.0675187715042354,-0.769111908965792,0.3777048885106987,0.37131063461221514,-0.7484791714193306,2.0016474442315153,1.0,0.0,0.0,0.0,0.0,1.0,0.0,0.0,1.0,1.0,0.0,0.0,1.0
-0.020392183324071236,1.24089971123821,0.420719902952362,-0.42379089612738885,0.4627453426352308,0.4545295001432804,0.9490144415132162,1.0,0.0,0.0,1.0,0.0,0.0,0.0,0.0,1.0,0.0,1.0,1.0,0.0
0.5524387161962929,-0.6658349211087548,0.13165308349101762,0.3777048885106987,-0.36016702957191016,1.9925696189475215,-0.10361856120508274,0.0,1.0,0.0,1.0,0.0,0.0,0.0,0.0,1.0,0.0,1.0,1.0,0.0
1.6503646069436575,1.3621371734105605,2.6128190116219145,1.1792006731487863,0.27987592658919946,1.283699993123532,0.9490144415132162,0.0,0.0,1.0,0.0,0.0,1.0,0.0,0.0,1.0,1.0,0.0,1.0,0.0
0.07507963326265613,0.9257825058398287,0.40405656269189516,-0.42379089612738885,-0.36016702957191016,2.4155629905614724,0.9490144415132162,1.0,0.0,0.0,0.0,0.0,1.0,0.0,1.0,0.0,1.0,0.0,1.0,0.0
0.3614950830228382,-0.19190665988956684,0.26175897634853684,-0.42379089612738885,-0.7259058616639729,-0.3448891654757451,-0.10361856120508274,0.0,0.0,1.0,0.0,0.0,0.0,1.0,0.0,1.0,1.0,0.0,1.0,0.0
2.032251873290567,1.983353921731695,3.6759700218290723,1.1792006731487863,-0.08586290550286318,-0.6255911888403543,0.9490144415132162,0.0,1.0,0.0,0.0,0.0,1.0,0.0,1.0,0.0,1.0,0.0,1.0,0.0
-0.8796385326046176,0.4643787758367923,-0.7490846399007037,-0.42379089612738885,-0.7259058616639729,0.766276908580473,0.9490144415132162,1.0,0.0,0.0,0.0,1.0,0.0,0.0,0.0,1.0,0.0,1.0,0.0,1.0
-0.9751103491913449,-0.42786882800186865,-0.899775058716198,-0.42379089612738885,-0.36016702957191016,-0.36687964656882494,-0.10361856120508274,1.0,0.0,0.0,0.0,1.0,0.0,0.0,1.0,0.0,0.0,1.0,0.0,1.0
-0.8319026243112538,-0.26104207220272546,-0.7530194172297454,2.7821922424249617,0.37131063461221514,1.4104686488365807,-1.1562515639233817,1.0,0.0,0.0,0.0,0.0,1.0,0.0,1.0,0.0,0.0,1.0,1.0,0.0
-0.9273744408979813,1.9137175281698904,-0.6848302018245562,-1.2252866807654765,-0.36016702957191016,-1.3693868728710008,2.0016474442315153,1.0,0.0,0.0,0.0,1.0,0.0,0.0,1.0,0.0,0.0,1.0,1.0,0.0
-1.1660539823647997,-1.484939262645089,-1.0620047727039075,1.1792006731487863,0.09700651054316815,-1.6552631270810405,-1.1562515639233817,1.0,0.0,0.0,1.0,0.0,0.0,0.0,1.0,0.0,1.0,0.0,0.0,1.0
-0.354543541377617,-0.24050184100823616,-0.41000741221065806,-1.2252866807654765,-0.6344711536409572,0.7999094090757718,-0.10361856120508274,1.0,0.0,0.0,0.0,0.0,1.0,0.0,0.0,1.0,0.0,1.0,1.0,0.0
-1.2137898906581635,1.97884509049388,-1.0543798674134328,-0.42379089612738885,-0.8173405696869884,0.6188113294857014,2.0016474442315153,0.0,1.0,0.0,0.0,0.0,0.0,1.0,1.0,0.0,1.0,0.0,0.0,1.0
-0.8796385326046176,-1.1623073385170162,-0.9053204443819975,-0.42379089612738885,-0.17729761352587883,-0.6126556117267777,-1.1562515639233817,1.0,0.0,0.0,0.0,0.0,1.0,0.0,0.0,1.0,1.0,0.0,1.0,0.0
-1.118318074071436,-0.19240764113821318,-1.0008492266174716,-1.2252866807654765,1.194223006819356,0.22427622752161924,-0.10361856120508274,0.0,0.0,1.0,0.0,0.0,0.0,1.0,0.0,1.0,1.0,0.0,0.0,1.0
-0.9273744408979813,2.2664083272167272,-0.6519112702496372,0.3777048885106987,-0.6344711536409572,-0.27244993363971665,2.0016474442315153,1.0,0.0,0.0,0.0,0.0,1.0,0.0,0.0,1.0,0.0,1.0,0.0,1.0
1.9845159649972033,-0.22948025353802254,1.540894603259674,-1.2252866807654765,0.8284841747272934,0.16994680364459824,-0.10361856120508274,1.0,0.0,0.0,1.0,0.0,0.0,0.0,0.0,1.0,1.0,0.0,1.0,0.0
-0.11586399991079861,-1.2309417695815283,-0.502382935930285,-0.42379089612738885,0.005571802520152484,0.7067732538580215,-1.1562515639233817,1.0,0.0,0.0,1.0,0.0,0.0,0.0,0.0,1.0,0.0,1.0,1.0,0.0
0.6001746244896566,-1.604673781071501,-0.3165717412313928,-0.42379089612738885,0.005571802520152484,1.2384254732260143,-1.1562515639233817,1.0,0.0,0.0,1.0,0.0,0.0,0.0,1.0,0.0,0.0,1.0,1.0,0.0
-0.4500153579643444,0.13623605797361274,-0.331053624630681,-0.42379089612738885,-0.8173405696869884,0.9823010463772003,-0.10361856120508274,0.0,0.0,1.0,0.0,1.0,0.0,0.0,0.0,1.0,0.0,1.0,0.0,1.0
-0.6886948994311628,1.120163230314506,-0.4358722870195229,1.1792006731487863,-0.08586290550286318,0.35751267179145696,2.0016474442315153,1.0,0.0,0.0,0.0,0.0,1.0,0.0,1.0,0.0,1.0,0.0,1.0,0.0
-0.5932230828444355,-1.0510895013175874,-0.7622753183042789,-1.2252866807654765,-0.9087752777100041,1.4117622065479387,-0.10361856120508274,0.0,1.0,0.0,0.0,0.0,1.0,0.0,0.0,1.0,0.0,1.0,0.0,1.0
-1.0705821657780723,-1.0671209012742615,-0.9803530462644667,1.1792006731487863,-1.0002099857330198,2.525515396026872,-0.10361856120508274,0.0,0.0,1.0,0.0,0.0,1.0,0.0,1.0,0.0,1.0,0.0,0.0,1.0
-0.1635999082041623,-1.3812361441753511,-0.5711905705702633,1.980696457786874,0.9199188827503091,0.08069132156092057,-1.1562515639233817,1.0,0.0,0.0,0.0,0.0,0.0,1.0,1.0,0.0,1.0,0.0,1.0,0.0
0.3614950830228382,0.9808904431908967,0.7594437482225286,-0.42379089612738885,-0.5430364456179415,-0.9205223470298975,-0.10361856120508274,1.0,0.0,0.0,1.0,0.0,0.0,0.0,1.0,0.0,0.0,1.0,1.0,0.0
-1.1660539823647997,0.6372173066196887,-1.027984918974749,-0.42379089612738885,0.09700651054316815,0.7041861384353063,0.9490144415132162,1.0,0.0,0.0,1.0,0.0,0.0,0.0,0.0,1.0,0.0,1.0,1.0,0.0
-0.7364308077245265,1.1186602865685675,-0.47431621681294084,0.3777048885106987,2.4743089191415755,-1.459935912666036,2.0016474442315153,0.0,1.0,0.0,0.0,1.0,0.0,0.0,0.0,1.0,0.0,1.0,1.0,0.0
-1.0705821657780723,0.7609596750352693,-0.9525989346724004,-1.2252866807654765,0.5541800506582465,-1.1274915808471209,0.9490144415132162,1.0,0.0,0.0,0.0,0.0,1.0,0.0,0.0,1.0,0.0,1.0,0.0,1.0
-0.25907172479088963,0.7093586064247235,-0.013777373920886989,-0.42379089612738885,-0.45160173759492583,-1.9256166887547888,0.9490144415132162,1.0,0.0,0.0,0.0,0.0,1.0,0.0,1.0,0.0,1.0,0.0,0.0,1.0
-1.118318074071436,-0.4333796217369755,-1.0026908926903046,0.3777048885106987,0.8284841747272934,0.49592334690672496,-0.10361856120508274,0.0,1.0,0.0,1.0,0.0,0.0,0.0,1.0,0.0,1.0,0.0,0.0,1.0
-1.0228462574847086,-0.18739782865175236,-0.9385655751137284,-0.42379089612738885,-0.2687323215488945,0.15442411110830662,-0.10361856120508274,1.0,0.0,0.0,1.0,0.0,0.0,0.0,0.0,1.0,1.0,0.0,1.0,0.0
-0.9273744408979813,-0.06916625397127847,-0.8495743676460231,-1.2252866807654765,1.194223006819356,0.33810930612109225,-1.1562515639233817,0.0,1.0,0.0,0.0,0.0,1.0,0.0,1.0,0.0,0.0,1.0,1.0,0.0
1.8413082401171124,-1.4538784252290324,0.33735563093965976,-1.2252866807654765,-1.0002099857330198,-1.0848041763723186,-1.1562515639233817,0.0,0.0,1.0,0.0,0.0,0.0,1.0,0.0,1.0,1.0,0.0,0.0,1.0
0.26602326643611085,-0.6583202023790636,-0.07041370252232695,-1.2252866807654765,-0.8173405696869884,-0.6954433052536672,-1.1562515639233817,0.0,1.0,0.0,0.0,0.0,1.0,0.0,0.0,1.0,0.0,1.0,1.0,0.0
1.5071568820635666,-0.745490939643481,0.7788593938685944,-1.2252866807654765,0.7370494667042777,-0.8687800385755917,-1.1562515639233817,0.0,0.0,1.0,0.0,0.0,1.0,0.0,1.0,0.0,0.0,1.0,1.0,0.0
-0.7841667160178902,-0.9463844203505573,-0.8122245641910779,0.3777048885106987,0.005571802520152484,-0.9942551365772834,-1.1562515639233817,1.0,0.0,0.0,0.0,0.0,1.0,0.0,1.0,0.0,0.0,1.0,1.0,0.0
0.31375917472947457,-0.5235562464932694,0.06000479786047037,1.1792006731487863,-0.36016702957191016,0.021187666838468917,-0.10361856120508274,0.0,1.0,0.0,0.0,1.0,0.0,0.0,1.0,0.0,0.0,1.0,1.0,0.0
-0.8796385326046176,-0.9138206391885625,-0.8786264800495696,-1.2252866807654765,0.27987592658919946,-0.9011189813595328,-1.1562515639233817,1.0,0.0,0.0,0.0,0.0,1.0,0.0,0.0,1.0,1.0,0.0,1.0,0.0
0.40923099131620194,-0.09421531640358226,0.3473522759327865,-1.2252866807654765,-0.36016702957191016,-0.4380253206934955,-1.1562515639233817,0.0,1.0,0.0,0.0,0.0,1.0,0.0,1.0,0.0,1.0,0.0,1.0,0.0
2.1277236898772944,-1.128240613609083,0.7881696614692633,-1.2252866807654765,-0.45160173759492583,-0.09005829633828859,-1.1562515639233817,0.0,1.0,0.0,0.0,0.0,1.0,0.0,0.0,1.0,1.0,0.0,1.0,0.0
-1.1660539823647997,-1.0560993138040478,-1.034420556506014,1.1792006731487863,-0.5430364456179415,0.2902476708008595,-1.1562515639233817,1.0,0.0,0.0,0.0,1.0,0.0,0.0,1.0,0.0,0.0,1.0,0.0,1.0
0.40923099131620194,0.6747909002681444,0.6825151137410911,-0.42379089612738885,-1.0002099857330198,0.6175177717743437,-0.10361856120508274,1.0,0.0,0.0,0.0,1.0,0.0,0.0,1.0,0.0,0.0,1.0,0.0,1.0
0.8388541659564751,-0.7304615021840984,0.29467790792345583,-0.42379089612738885,-0.5430364456179415,-1.405606488789015,-1.1562515639233817,1.0,0.0,0.0,0.0,0.0,1.0,0.0,0.0,1.0,1.0,0.0,1.0,0.0
-0.9273744408979813,-0.3662481344184015,-0.8836010171909486,-0.42379089612738885,0.27987592658919946,0.059994398179198306,-1.1562515639233817,1.0,0.0,0.0,0.0,0.0,1.0,0.0,1.0,0.0,1.0,0.0,1.0,0.0
1.7935723318237486,-0.22647436604614635,1.3762115997801092,-1.2252866807654765,1.6513965469344345,0.2747249782645675,-0.10361856120508274,0.0,0.0,1.0,0.0,1.0,0.0,0.0,1.0,0.0,1.0,0.0,0.0,1.0
1.2207414323033845,-1.2489770945327872,0.20606726613869777,0.3777048885106987,-0.7259058616639729,0.5282622896906661,-1.1562515639233817,0.0,0.0,1.0,0.0,0.0,1.0,0.0,1.0,0.0,1.0,0.0,1.0,0.0
0.1705514498493835,-0.5711494651146464,-0.05331543005277773,1.1792006731487863,-0.7259058616639729,-1.2322697554670903,-0.10361856120508274,0.0,1.0,0.0,0.0,0.0,1.0,0.0,0.0,1.0,1.0,0.0,0.0,1.0
-0.9751103491913449,-1.069124826268846,-0.9812840730245336,-1.2252866807654765,-0.7259058616639729,-0.32160512667130736,-1.1562515639233817,0.0,1.0,0.0,0.0,0.0,1.0,0.0,0.0,1.0,1.0,0.0,1.0,0.0
0.12281554155601981,-1.1768357947277523,-0.3801873726254506,1.1792006731487863,-0.36016702957191016,0.711947484703452,-1.1562515639233817,0.0,0.0,1.0,0.0,0.0,1.0,0.0,0.0,1.0,0.0,1.0,1.0,0.0
1.9845159649972033,0.7925214936999719,2.500973475730086,1.1792006731487863,0.37131063461221514,0.5774174827222568,0.9490144415132162,0.0,1.0,0.0,0.0,1.0,0.0,0.0,1.0,0.0,0.0,1.0,1.0,0.0
-0.1635999082041623,1.439789266950702,0.297960286938874,-0.42379089612738885,-0.08586290550286318,-0.18578156697875448,2.0016474442315153,0.0,0.0,1.0,0.0,1.0,0.0,0.0,1.0,0.0,1.0,0.0,1.0,0.0
-0.8796385326046176,1.6787573225548809,-0.6262638615453135,-1.2252866807654765,-0.5430364456179415,-0.9399257127002623,0.9490144415132162,1.0,0.0,0.0,0.0,0.0,1.0,0.0,1.0,0.0,1.0,0.0,1.0,0.0
-0.8796385326046176,1.2644458299245755,-0.6459037691116876,-1.2252866807654765,-1.0002099857330198,-0.8687800385755917,0.9490144415132162,0.0,1.0,0.0,0.0,0.0,1.0,0.0,0.0,1.0,0.0,1.0,0.0,1.0
1.55489279035693,0.7544469188028706,2.0175871002296764,1.1792006731487863,-1.0002099857330198,0.24497315090334187,0.9490144415132162,0.0,1.0,0.0,0.0,0.0,1.0,0.0,0.0,1.0,1.0,0.0,0.0,1.0
-0.9273744408979813,-0.11675947259265547,-0.825639504514961,-0.42379089612738885,-0.6344711536409572,-0.8467895574825116,-0.10361856120508274,1.0,0.0,0.0,0.0,0.0,1.0,0.0,0.0,1.0,1.0,0.0,1.0,0.0
0.3614950830228382,-0.4238609780127001,0.12758238984663767,0.3777048885106987,4.485872495647921,0.13372718772658398,-0.10361856120508274,1.0,0.0,0.0,0.0,0.0,1.0,0.0,0.0,1.0,1.0,0.0,0.0,1.0
0.5524387161962929,1.2599369986867615,1.1324049133263947,0.3777048885106987,0.9199188827503091,-0.6980304206763823,0.9490144415132162,0.0,1.0,0.0,0.0,0.0,0.0,1.0,0.0,1.0,0.0,1.0,1.0,0.0
1.6503646069436575,-2.211362073181899,-0.3556408860753666,-0.42379089612738885,0.27987592658919946,-0.311256664980446,-1.1562515639233817,0.0,0.0,1.0,0.0,1.0,0.0,0.0,0.0,1.0,1.0,0.0,1.0,0.0
-0.4500153579643444,-0.11625849134400949,-0.4033339211275509,-0.42379089612738885,2.4743089191415755,-1.4482938932638172,-0.10361856120508274,0.0,0.0,1.0,1.0,0.0,0.0,0.0,1.0,0.0,1.0,0.0,1.0,0.0
-1.0228462574847086,-0.2745685659161697,-0.9350521383622351,-1.2252866807654765,0.8284841747272934,0.8632937369322966,-0.10361856120508274,0.0,1.0,0.0,0.0,0.0,1.0,0.0,0.0,1.0,1.0,0.0,0.0,1.0
0.2182873581427472,2.8019572820193823,1.3742815881023065,1.1792006731487863,3.114351875302685,-1.6785471658854783,2.0016474442315153,0.0,0.0,1.0,0.0,1.0,0.0,0.0,0.0,1.0,0.0,1.0,1.0,0.0
-0.4022794496709807,2.1035894214067525,0.13892460636161272,3.5836880270630487,-0.45160173759492583,0.2967154593576477,2.0016474442315153,0.0,0.0,1.0,0.0,0.0,1.0,0.0,1.0,0.0,0.0,1.0,1.0,0.0
-0.7364308077245265,-0.655314314887187,-0.7494244306890493,1.980696457786874,0.09700651054316815,0.8956326797162377,-1.1562515639233817,1.0,0.0,0.0,1.0,0.0,0.0,0.0,0.0,1.0,0.0,1.0,1.0,0.0
1.2207414323033845,-1.0205296451501764,0.3839409480218374,0.3777048885106987,0.18844121856618382,-0.5298679181998883,-1.1562515639233817,0.0,1.0,0.0,1.0,0.0,0.0,0.0,0.0,1.0,1.0,0.0,1.0,0.0
-0.8796385326046176,0.41678555721541494,-0.7180549451089863,1.1792006731487863,-0.45160173759492583,-0.341008492341672,0.9490144415132162,1.0,0.0,0.0,0.0,0.0,1.0,0.0,1.0,0.0,1.0,0.0,1.0,0.0
1.745836423530385,-0.47846793411512223,1.1536690208610607,0.3777048885106987,0.37131063461221514,-1.1999308126831492,-0.10361856120508274,0.0,1.0,0.0,0.0,1.0,0.0,0.0,0.0,1.0,0.0,1.0,1.0,0.0
-0.25907172479088963,-0.7865714020324592,-0.44660967593124296,1.980696457786874,3.205786583325701,0.03282968624068781,-0.10361856120508274,0.0,0.0,1.0,0.0,0.0,1.0,0.0,1.0,0.0,1.0,0.0,1.0,0.0
-0.9273744408979813,0.006481914574279252,-0.7859655320677321,-1.2252866807654765,0.18844121856618382,-1.3409286032211325,-0.10361856120508274,1.0,0.0,0.0,1.0,0.0,0.0,0.0,1.0,0.0,1.0,0.0,1.0,0.0
-1.118318074071436,0.41127476348030817,-0.9629353704538727,-0.42379089612738885,0.27987592658919946,-1.3292865838189138,-0.10361856120508274,0.0,1.0,0.0,0.0,1.0,0.0,0.0,0.0,1.0,0.0,1.0,1.0,0.0
-1.118318074071436,0.5836123130145588,-0.9952222911624689,1.1792006731487863,2.4743089191415755,0.38726449915268296,0.9490144415132162,0.0,1.0,0.0,0.0,0.0,1.0,0.0,0.0,1.0,1.0,0.0,0.0,1.0
-0.4022794496709807,1.0039355806286165,-0.12410064708092725,-1.2252866807654765,-0.45160173759492583,1.0366304702542213,0.9490144415132162,0.0,1.0,0.0,0.0,1.0,0.0,0.0,1.0,0.0,1.0,0.0,0.0,1.0
-1.0228462574847086,2.1146110088769663,-0.7655509015039301,-0.42379089612738885,-1.0002099857330198,0.3989065185549015,2.0016474442315153,0.0,1.0,0.0,1.0,0.0,0.0,0.0,1.0,0.0,0.0,1.0,1.0,0.0
0.027343724969292445,-0.6092240400117483,-0.2185285071621616,1.1792006731487863,0.09700651054316815,0.14278209170608774,-1.1562515639233817,1.0,0.0,0.0,1.0,0.0,0.0,0.0,0.0,1.0,0.0,1.0,0.0,1.0
0.7433823493697477,-1.479929450158628,-0.1844203078280331,1.1792006731487863,-0.6344711536409572,0.16994680364459824,-1.1562515639233817,0.0,1.0,0.0,1.0,0.0,0.0,0.0,0.0,1.0,0.0,1.0,0.0,1.0
0.4569668996095656,0.6281996441440596,0.729324692743577,-0.42379089612738885,2.931482459256654,-0.39404435850733543,0.9490144415132162,0.0,0.0,1.0,0.0,0.0,1.0,0.0,0.0,1.0,0.0,1.0,1.0,0.0
-0.354543541377617,1.5054178105233382,0.07127905621777637,3.5836880270630487,1.559961838911419,0.9227973916547482,2.0016474442315153,1.0,0.0,0.0,0.0,0.0,1.0,0.0,0.0,1.0,1.0,0.0,1.0,0.0
1.8413082401171124,-1.5600864499420004,0.25845620988581797,-0.42379089612738885,-0.08586290550286318,-0.22976252916491452,-1.1562515639233817,0.0,0.0,1.0,0.0,1.0,0.0,0.0,0.0,1.0,1.0,0.0,0.0,1.0
-0.5454871745510718,-1.1547926197873246,-0.7174025467953627,0.3777048885106987,-0.17729761352587883,0.6705536379400072,-1.1562515639233817,0.0,1.0,0.0,0.0,0.0,1.0,0.0,0.0,1.0,0.0,1.0,1.0,0.0
0.9343259825432024,-0.18739782865175236,0.7465384940811637,1.980696457786874,2.4743089191415755,2.0365505811336817,-0.10361856120508274,1.0,0.0,0.0,0.0,0.0,1.0,0.0,0.0,1.0,0.0,1.0,0.0,1.0
0.40923099131620194,-0.003036729149996433,0.34702607677597475,-0.42379089612738885,2.2914395030955443,0.8645872946436541,-0.10361856120508274,0.0,1.0,0.0,0.0,0.0,0.0,1.0,0.0,1.0,1.0,0.0,0.0,1.0
-0.25907172479088963,2.5644921701611425,0.5086917380550307,1.1792006731487863,0.7370494667042777,0.7429928697760356,2.0016474442315153,0.0,1.0,0.0,0.0,0.0,1.0,0.0,1.0,0.0,1.0,0.0,1.0,0.0
-0.7841667160178902,-0.37376285314809254,-0.7087718607713852,-0.42379089612738885,-0.36016702957191016,1.6471897100150301,-1.1562515639233817,0.0,1.0,0.0,0.0,0.0,1.0,0.0,1.0,0.0,1.0,0.0,1.0,0.0
0.5047028079029293,1.153728973973793,1.045683508324838,-0.42379089612738885,0.09700651054316815,-0.4082734933322695,0.9490144415132162,0.0,0.0,1.0,0.0,1.0,0.0,0.0,0.0,1.0,1.0,0.0,1.0,0.0
-0.06812809161743492,0.18032240785446718,-0.0027545607469567843,0.3777048885106987,-0.9087752777100041,0.9719525846863389,-0.10361856120508274,1.0,0.0,0.0,0.0,0.0,0.0,1.0,1.0,0.0,0.0,1.0,1.0,0.0
-0.21133581649752597,-1.129743557355021,-0.5404191167776884,-1.2252866807654765,-0.9087752777100041,-1.003310040556787,-0.10361856120508274,1.0,0.0,0.0,0.0,1.0,0.0,0.0,0.0,1.0,0.0,1.0,0.0,1.0
-0.9273744408979813,-1.0260404388852835,-0.9478758427143968,1.1792006731487863,-0.45160173759492583,-0.08876473862693102,-1.1562515639233817,1.0,0.0,0.0,0.0,1.0,0.0,0.0,1.0,0.0,0.0,1.0,1.0,0.0
1.9367800567038396,-0.24801655973792758,1.5047884340900735,0.3777048885106987,-0.5430364456179415,1.2772322045667437,-0.10361856120508274,0.0,0.0,1.0,0.0,1.0,0.0,0.0,0.0,1.0,0.0,1.0,1.0,0.0
-0.9751103491913449,1.432775529469657,-0.76119478359734,1.1792006731487863,1.1027882987963404,-0.11592945056544152,2.0016474442315153,1.0,0.0,0.0,1.0,0.0,0.0,0.0,1.0,0.0,1.0,0.0,0.0,1.0
1.745836423530385,0.35015505114548695,1.8324962620020764,-1.2252866807654765,0.8284841747272934,0.5062718085975862,-0.10361856120508274,1.0,0.0,0.0,0.0,0.0,1.0,0.0,0.0,1.0,1.0,0.0,0.0,1.0
1.3639491571834756,0.4102728009830162,1.550469907675252,-0.42379089612738885,0.005571802520152484,-0.8325604226575776,-0.10361856120508274,0.0,1.0,0.0,0.0,0.0,1.0,0.0,1.0,0.0,1.0,0.0,1.0,0.0
1.6981005152370212,-0.7214438397084691,0.9002394592813995,0.3777048885106987,0.18844121856618382,0.3976129608435439,-0.10361856120508274,1.0,0.0,0.0,0.0,1.0,0.0,0.0,0.0,1.0,1.0,0.0,1.0,0.0
-1.0228462574847086,0.8015391561756016,-0.8123197056118148,-0.42379089612738885,-0.8173405696869884,0.21910199667618893,-0.10361856120508274,0.0,1.0,0.0,0.0,0.0,1.0,0.0,1.0,0.0,1.0,0.0,1.0,0.0
0.31375917472947457,-1.4864422063910272,-0.38927337830581127,-0.42379089612738885,-0.7259058616639729,-1.0007229251340717,-1.1562515639233817,0.0,1.0,0.0,0.0,0.0,1.0,0.0,0.0,1.0,0.0,1.0,0.0,1.0
-0.9273744408979813,-0.6988996835193959,-0.8923132530041292,-1.2252866807654765,0.4627453426352308,0.04835237877697941,-0.10361856120508274,1.0,0.0,0.0,1.0,0.0,0.0,0.0,1.0,0.0,0.0,1.0,0.0,1.0
-0.8796385326046176,0.8265882186079054,-0.7164511325879951,-0.42379089612738885,0.37131063461221514,0.6291597911765626,-0.10361856120508274,1.0,0.0,0.0,0.0,0.0,1.0,0.0,1.0,0.0,1.0,0.0,1.0,0.0
-0.8319026243112538,-0.28759407838096757,-0.7577221217404482,-0.42379089612738885,0.09700651054316815,-0.35135695403253336,-1.1562515639233817,0.0,1.0,0.0,0.0,0.0,0.0,1.0,1.0,0.0,1.0,0.0,1.0,0.0
1.745836423530385,-0.5751573151038152,1.0496522647327142,1.1792006731487863,1.7428312549574503,-0.977438886329634,-1.1562515639233817,0.0,1.0,0.0,0.0,1.0,0.0,0.0,0.0,1.0,0.0,1.0,0.0,1.0
0.07507963326265613,-0.05714270400377255,0.04337543667883808,0.3777048885106987,-0.2687323215488945,0.7999094090757718,-0.10361856120508274,1.0,0.0,0.0,0.0,1.0,0.0,0.0,0.0,1.0,1.0,0.0,0.0,1.0
0.07507963326265613,-1.3256272255756367,-0.4515366423622537,-0.42379089612738885,-0.9087752777100041,0.16218545737645243,-1.1562515639233817,0.0,1.0,0.0,0.0,1.0,0.0,0.0,0.0,1.0,0.0,1.0,1.0,0.0
0.9343259825432024,1.0354973992933192,1.5019885579941061,-1.2252866807654765,0.18844121856618382,0.8128449861893483,0.9490144415132162,1.0,0.0,0.0,0.0,1.0,0.0,0.0,0.0,1.0,0.0,1.0,1.0,0.0
1.8890441484104759,-0.3442049594779739,1.40455015152813,0.3777048885106987,-0.7259058616639729,-1.9256166887547888,-0.10361856120508274,0.0,0.0,1.0,0.0,0.0,1.0,0.0,1.0,0.0,1.0,0.0,1.0,0.0
-0.4022794496709807,-0.14381246001954354,-0.4284512562020556,-0.42379089612738885,1.8342659629804658,0.8736421986231578,-0.10361856120508274,0.0,1.0,0.0,0.0,0.0,1.0,0.0,1.0,0.0,0.0,1.0,1.0,0.0
-0.354543541377617,1.4588265543992534,0.05295753691018314,0.3777048885106987,1.0113535907733249,0.1401949762833722,2.0016474442315153,0.0,1.0,0.0,0.0,1.0,0.0,0.0,0.0,1.0,1.0,0.0,1.0,0.0
-0.9273744408979813,0.166294932892377,-0.8347798767214569,-0.42379089612738885,-1.0002099857330198,0.2980090170690053,-0.10361856120508274,1.0,0.0,0.0,0.0,1.0,0.0,0.0,0.0,1.0,0.0,1.0,1.0,0.0
-1.0705821657780723,0.2830235638269133,-0.9268156096527386,1.1792006731487863,2.657178335187607,-0.3992185893527661,-0.10361856120508274,1.0,0.0,0.0,0.0,0.0,1.0,0.0,0.0,1.0,1.0,0.0,1.0,0.0
-0.21133581649752597,0.6677771627870992,0.0073508172984405925,-1.2252866807654765,-0.9087752777100041,-0.5841973420769095,0.9490144415132162,0.0,0.0,1.0,0.0,1.0,0.0,0.0,0.0,1.0,0.0,1.0,1.0,0.0
-0.30680763308425335,-0.5751573151038152,-0.37675548566316036,-0.42379089612738885,0.8284841747272934,0.09362689867449703,-1.1562515639233817,1.0,0.0,0.0,0.0,1.0,0.0,0.0,0.0,1.0,1.0,0.0,1.0,0.0
0.6479105327830204,-0.01355733537156407,0.5680056180686335,-1.2252866807654765,-0.9087752777100041,-1.7690962056805135,-0.10361856120508274,0.0,0.0,1.0,0.0,0.0,1.0,0.0,0.0,1.0,1.0,0.0,1.0,0.0
-0.5454871745510718,1.6807612475494647,-0.13938443674071105,1.1792006731487863,-0.36016702957191016,0.27989920910999816,0.9490144415132162,1.0,0.0,0.0,0.0,0.0,0.0,1.0,1.0,0.0,0.0,1.0,0.0,1.0
-0.06812809161743492,-0.7590174333569248,-0.3146553211851237,0.3777048885106987,-0.36016702957191016,0.4933362314840098,-0.10361856120508274,1.0,0.0,0.0,0.0,0.0,1.0,0.0,0.0,1.0,1.0,0.0,1.0,0.0
0.3614950830228382,2.9121731567215194,1.6540245483314484,-0.42379089612738885,-0.08586290550286318,1.027575566274718,2.0016474442315153,0.0,1.0,0.0,0.0,0.0,0.0,1.0,1.0,0.0,1.0,0.0,1.0,0.0
-1.2137898906581635,-0.3006195908457654,-1.0334079799567442,-0.42379089612738885,-0.7259058616639729,-0.35911830030067915,-0.10361856120508274,1.0,0.0,0.0,0.0,0.0,1.0,0.0,1.0,0.0,1.0,0.0,1.0,0.0
-0.7841667160178902,-1.1412661260738808,-0.8731966232518072,-0.42379089612738885,-0.36016702957191016,0.6032886369494097,-0.10361856120508274,1.0,0.0,0.0,0.0,0.0,1.0,0.0,0.0,1.0,1.0,0.0,1.0,0.0
-1.0228462574847086,-1.2985742381487488,-1.0173494672995325,0.3777048885106987,2.2914395030955443,-1.3887902385413655,-0.10361856120508274,1.0,0.0,0.0,0.0,0.0,1.0,0.0,1.0,0.0,0.0,1.0,0.0,1.0
-1.118318074071436,0.5796044630253896,-0.9843761691984783,1.1792006731487863,-0.36016702957191016,0.6899570036103719,-0.10361856120508274,1.0,0.0,0.0,1.0,0.0,0.0,0.0,1.0,0.0,1.0,0.0,1.0,0.0
-0.020392183324071236,-1.5771198123959669,-0.5769194432617696,-0.42379089612738885,-0.6344711536409572,0.8012029667871298,-1.1562515639233817,1.0,0.0,0.0,0.0,0.0,1.0,0.0,1.0,0.0,1.0,0.0,0.0,1.0
-0.9751103491913449,0.4999484444906641,-0.8347594892741562,1.1792006731487863,-0.17729761352587883,0.1984050732944663,-0.10361856120508274,1.0,0.0,0.0,1.0,0.0,0.0,0.0,0.0,1.0,1.0,0.0,0.0,1.0
-0.25907172479088963,-1.7995554867948247,-0.7458022608852856,-0.42379089612738885,2.657178335187607,0.41572276880255105,-0.10361856120508274,0.0,1.0,0.0,0.0,0.0,0.0,1.0,1.0,0.0,1.0,0.0,1.0,0.0
0.40923099131620194,-0.41835018427759335,0.20003258173768035,-0.42379089612738885,-0.36016702957191016,-0.7510662868420459,-0.10361856120508274,0.0,1.0,0.0,0.0,1.0,0.0,0.0,0.0,1.0,0.0,1.0,1.0,0.0
-1.118318074071436,-0.2159537598245787,-1.0174378129045023,-0.42379089612738885,1.2856577148423718,0.5463720976496732,-0.10361856120508274,0.0,1.0,0.0,0.0,1.0,0.0,0.0,1.0,0.0,1.0,0.0,1.0,0.0
0.8388541659564751,0.43281695717208973,0.9546399644955257,0.3777048885106987,-0.17729761352587883,-1.1895823509922878,-0.10361856120508274,0.0,0.0,1.0,1.0,0.0,0.0,0.0,0.0,1.0,0.0,1.0,0.0,1.0
-0.6409589911377991,-0.4534188716828184,-0.6185845897287037,1.1792006731487863,-0.08586290550286318,0.5722432518768261,-0.10361856120508274,0.0,1.0,0.0,0.0,0.0,1.0,0.0,0.0,1.0,1.0,0.0,0.0,1.0
1.5071568820635666,0.26448725762700825,1.554329931030858,1.1792006731487863,1.3770924228653874,-0.3241922420940225,-0.10361856120508274,0.0,1.0,0.0,1.0,0.0,0.0,0.0,1.0,0.0,1.0,0.0,0.0,1.0
-0.11586399991079861,-0.4353835467315597,-0.253404633677951,-0.42379089612738885,-0.17729761352587883,-0.1780202207106087,0.9490144415132162,0.0,0.0,1.0,0.0,1.0,0.0,0.0,0.0,1.0,0.0,1.0,1.0,0.0
1.459420973770203,0.5450367568688105,1.7125501137160897,1.1792006731487863,0.09700651054316815,-0.995548694288641,0.9490144415132162,0.0,0.0,1.0,0.0,0.0,0.0,1.0,1.0,0.0,0.0,1.0,0.0,1.0
-0.30680763308425335,-0.42937177174780694,-0.3799970897839771,-0.42379089612738885,-0.7259058616639729,0.6899570036103719,-1.1562515639233817,0.0,1.0,0.0,0.0,1.0,0.0,0.0,0.0,1.0,1.0,0.0,1.0,0.0
-0.30680763308425335,-0.9779462390152602,-0.562315235178677,0.3777048885106987,3.205786583325701,0.2514409394601301,-0.10361856120508274,0.0,1.0,0.0,0.0,1.0,0.0,0.0,1.0,0.0,1.0,0.0,0.0,1.0
-1.2137898906581635,-1.1768357947277523,-1.0878356684339379,1.980696457786874,0.005571802520152484,-0.32807291522809556,-1.1562515639233817,1.0,0.0,0.0,1.0,0.0,0.0,0.0,1.0,0.0,1.0,0.0,0.0,1.0
0.1705514498493835,-0.9944786202205806,-0.234294799741396,-1.2252866807654765,0.09700651054316815,0.3497513255233111,-1.1562515639233817,1.0,0.0,0.0,0.0,1.0,0.0,0.0,1.0,0.0,1.0,0.0,1.0,0.0
0.07507963326265613,1.8345624908838103,0.7723218191008256,-0.42379089612738885,-0.36016702957191016,-0.4341446475594226,2.0016474442315153,0.0,0.0,1.0,0.0,0.0,0.0,1.0,0.0,1.0,1.0,0.0,0.0,1.0
-1.1660539823647997,-0.23899889726229823,-1.0081343411196007,1.1792006731487863,-0.7259058616639729,-1.4728714897796125,-0.10361856120508274,1.0,0.0,0.0,0.0,0.0,1.0,0.0,0.0,1.0,0.0,1.0,0.0,1.0
-0.7841667160178902,-0.6067191337685178,-0.8026084848808983,1.1792006731487863,-0.8173405696869884,0.7210023886829555,-1.1562515639233817,1.0,0.0,0.0,0.0,0.0,0.0,1.0,0.0,1.0,1.0,0.0,1.0,0.0
-0.11586399991079861,0.3160883262375542,-0.006546625944893313,-1.2252866807654765,-1.0002099857330198,-0.24787233712392165,-0.10361856120508274,1.0,0.0,0.0,0.0,0.0,1.0,0.0,1.0,0.0,1.0,0.0,0.0,1.0
1.0775337074232936,1.0896033741470952,1.6583806662380387,-0.42379089612738885,-0.36016702957191016,-0.09781964260643439,0.9490144415132162,0.0,1.0,0.0,1.0,0.0,0.0,0.0,0.0,1.0,1.0,0.0,1.0,0.0
-1.1660539823647997,0.36819037609674565,-1.0421949697433608,-0.42379089612738885,1.1027882987963404,-0.641113881376646,-0.10361856120508274,1.0,0.0,0.0,0.0,0.0,1.0,0.0,0.0,1.0,0.0,1.0,1.0,0.0
0.6956464410763841,0.45636307585845526,0.8845683081229018,1.1792006731487863,0.27987592658919946,-0.03184819932719451,-0.10361856120508274,0.0,0.0,1.0,0.0,0.0,1.0,0.0,0.0,1.0,0.0,1.0,1.0,0.0
-0.9273744408979813,0.18533222034092836,-0.7652179065313517,0.3777048885106987,0.6456147586812622,0.5489592130723887,-0.10361856120508274,0.0,1.0,0.0,0.0,0.0,0.0,1.0,0.0,1.0,0.0,1.0,1.0,0.0
-0.21133581649752597,-0.9488893265937876,-0.4856448416963822,-1.2252866807654765,-1.0002099857330198,1.059914509058659,-1.1562515639233817,1.0,0.0,0.0,0.0,0.0,1.0,0.0,0.0,1.0,1.0,0.0,1.0,0.0
0.3614950830228382,0.8160676123863381,0.677472618442043,-1.2252866807654765,0.4627453426352308,-0.48588695601372844,-0.10361856120508274,0.0,1.0,0.0,0.0,0.0,1.0,0.0,0.0,1.0,1.0,0.0,1.0,0.0
-0.9751103491913449,-1.3747233879429521,-0.9647838323424726,0.3777048885106987,-0.17729761352587883,0.24497315090334187,-1.1562515639233817,1.0,0.0,0.0,0.0,0.0,1.0,0.0,0.0,1.0,1.0,0.0,1.0,0.0
0.7911182576631114,-0.5941946025523659,0.35017933529182155,-0.42379089612738885,-0.6344711536409572,-0.5596197455611143,-0.10361856120508274,0.0,1.0,0.0,0.0,0.0,0.0,1.0,1.0,0.0,1.0,0.0,0.0,1.0
1.55489279035693,-1.4664029564451841,0.24329474490983857,0.3777048885106987,0.005571802520152484,-0.002096371965968862,-1.1562515639233817,0.0,1.0,0.0,0.0,0.0,1.0,0.0,0.0,1.0,0.0,1.0,1.0,0.0
-0.9751103491913449,-1.148780844803572,-0.9686234682507776,0.3777048885106987,-0.7259058616639729,0.043178147931548755,-1.1562515639233817,1.0,0.0,0.0,1.0,0.0,0.0,0.0,0.0,1.0,0.0,1.0,1.0,0.0
0.7433823493697477,0.8205764436241523,1.1209199846803144,2.7821922424249617,-0.17729761352587883,0.6964247921671601,0.9490144415132162,0.0,0.0,1.0,1.0,0.0,0.0,0.0,1.0,0.0,1.0,0.0,0.0,1.0
-1.1660539823647997,-0.48197480285564476,-1.073625617665326,-0.42379089612738885,1.0113535907733249,0.3057703633371511,-1.1562515639233817,0.0,1.0,0.0,0.0,0.0,1.0,0.0,0.0,1.0,0.0,1.0,1.0,0.0
-0.020392183324071236,0.5455377381174569,0.1918164404754845,-1.2252866807654765,3.388655999371732,1.4479818224659529,-0.10361856120508274,0.0,1.0,0.0,0.0,1.0,0.0,0.0,1.0,0.0,1.0,0.0,1.0,0.0
-0.4977512662577081,2.2193160898439963,0.022845277246998624,-1.2252866807654765,-0.2687323215488945,0.1285529568811537,2.0016474442315153,0.0,0.0,1.0,0.0,1.0,0.0,0.0,0.0,1.0,1.0,0.0,0.0,1.0
1.459420973770203,0.1913439953246808,1.4745538497430843,1.1792006731487863,-1.0002099857330198,-0.22588185603084143,-0.10361856120508274,0.0,1.0,0.0,0.0,0.0,1.0,0.0,1.0,0.0,1.0,0.0,1.0,0.0
1.6503646069436575,0.8962246121697099,2.203078891587524,0.3777048885106987,1.0113535907733249,0.02248122454982649,0.9490144415132162,1.0,0.0,0.0,1.0,0.0,0.0,0.0,0.0,1.0,1.0,0.0,1.0,0.0
0.07507963326265613,-0.6778584710762606,-0.1865949688734448,2.7821922424249617,0.09700651054316815,-1.0524652335883775,-0.10361856120508274,1.0,0.0,0.0,0.0,0.0,1.0,0.0,0.0,1.0,1.0,0.0,0.0,1.0
0.12281554155601981,-0.8892725580049046,-0.22672426097705675,0.3777048885106987,-0.7259058616639729,-1.9256166887547888,-0.10361856120508274,0.0,1.0,0.0,0.0,1.0,0.0,0.0,0.0,1.0,1.0,0.0,1.0,0.0
1.6026286986502938,-1.1522877135440945,0.4771863361596292,1.980696457786874,1.1027882987963404,-1.0886848495063914,-1.1562515639233817,0.0,1.0,0.0,0.0,0.0,0.0,1.0,0.0,1.0,0.0,1.0,1.0,0.0
0.6956464410763841,0.2093793202759395,0.7563244687855162,-0.42379089612738885,-0.7259058616639729,0.7416993120646778,0.9490144415132162,0.0,1.0,0.0,1.0,0.0,0.0,0.0,0.0,1.0,0.0,1.0,1.0,0.0
1.0297977991299299,0.8561461122780241,1.46461836709186,-0.42379089612738885,-1.0002099857330198,-0.8597251345960881,0.9490144415132162,0.0,0.0,1.0,0.0,0.0,0.0,1.0,0.0,1.0,0.0,1.0,1.0,0.0
1.2207414323033845,0.8736804559806364,1.6896550103973653,-0.42379089612738885,-0.36016702957191016,0.19711151558310874,0.9490144415132162,0.0,0.0,1.0,0.0,1.0,0.0,0.0,0.0,1.0,1.0,0.0,1.0,0.0
-0.25907172479088963,-1.010510020177255,-0.5237829597802892,0.3777048885106987,-0.8173405696869884,-0.4923547445705167,-1.1562515639233817,0.0,1.0,0.0,1.0,0.0,0.0,0.0,0.0,1.0,0.0,1.0,0.0,1.0
1.3639491571834756,0.453858169615225,1.5480030265518634,-1.2252866807654765,-1.0002099857330198,0.6576180608264307,-0.10361856120508274,0.0,0.0,1.0,0.0,1.0,0.0,0.0,0.0,1.0,0.0,1.0,0.0,1.0
1.1252696157166573,-0.8476911143672804,0.4345357964064932,1.1792006731487863,-0.36016702957191016,-1.379735334561862,-1.1562515639233817,0.0,0.0,1.0,0.0,1.0,0.0,0.0,1.0,0.0,0.0,1.0,1.0,0.0
-0.5454871745510718,0.6537496878250091,-0.35330312545154907,0.3777048885106987,-0.8173405696869884,0.42089699964798166,0.9490144415132162,1.0,0.0,0.0,0.0,0.0,1.0,0.0,1.0,0.0,0.0,1.0,0.0,1.0
0.12281554155601981,-0.09922512889004309,0.04594425503873058,-0.42379089612738885,1.4685271308884031,-0.5699682072519755,-0.10361856120508274,1.0,0.0,0.0,1.0,0.0,0.0,0.0,0.0,1.0,1.0,0.0,1.0,0.0
-1.1660539823647997,0.5720897442956989,-1.0134690564966262,1.980696457786874,1.1027882987963404,0.6821956573422261,-0.10361856120508274,1.0,0.0,0.0,0.0,0.0,1.0,0.0,1.0,0.0,1.0,0.0,0.0,1.0
-0.06812809161743492,-0.2860911346350293,-0.17084906374151096,-0.42379089612738885,-0.45160173759492583,-0.2659821450829284,-0.10361856120508274,1.0,0.0,0.0,0.0,0.0,1.0,0.0,0.0,1.0,1.0,0.0,1.0,0.0
-0.8796385326046176,-0.5982024525415344,-0.852204348347818,-0.42379089612738885,0.005571802520152484,-1.9256166887547888,-1.1562515639233817,0.0,1.0,0.0,0.0,0.0,1.0,0.0,1.0,0.0,1.0,0.0,1.0,0.0
0.4569668996095656,-0.38728934686153677,0.2145484442158031,1.980696457786874,-1.0002099857330198,-0.35523762716660606,-0.10361856120508274,0.0,0.0,1.0,0.0,0.0,0.0,1.0,0.0,1.0,1.0,0.0,1.0,0.0
-0.06812809161743492,0.43532186341532,0.09674297789639352,-0.42379089612738885,-0.5430364456179415,-0.15732329732888642,0.9490144415132162,1.0,0.0,0.0,1.0,0.0,0.0,0.0,0.0,1.0,0.0,1.0,1.0,0.0
-1.118318074071436,-1.6828268558602888,-1.092286927761265,1.980696457786874,-0.8173405696869884,0.038003917086118465,-1.1562515639233817,1.0,0.0,0.0,0.0,1.0,0.0,0.0,1.0,0.0,1.0,0.0,0.0,1.0
0.6001746244896566,-0.2765724909107539,0.3558606372729596,1.1792006731487863,0.005571802520152484,-1.3150574489939797,-0.10361856120508274,0.0,1.0,0.0,1.0,0.0,0.0,0.0,0.0,1.0,1.0,0.0,1.0,0.0
1.6026286986502938,-0.7109232334869015,0.8875244879815082,0.3777048885106987,-1.0002099857330198,-0.018912622213618044,-0.10361856120508274,0.0,0.0,1.0,0.0,1.0,0.0,0.0,0.0,1.0,0.0,1.0,0.0,1.0
0.4569668996095656,0.290538282556604,0.5545770861132167,-1.2252866807654765,-0.9087752777100041,-0.4832998405910131,0.9490144415132162,1.0,0.0,0.0,0.0,0.0,1.0,0.0,1.0,0.0,0.0,1.0,1.0,0.0
-0.9273744408979813,1.7323623161600106,-0.6454552452710715,1.1792006731487863,0.27987592658919946,-1.229682640044375,2.0016474442315153,1.0,0.0,0.0,0.0,1.0,0.0,0.0,1.0,0.0,1.0,0.0,1.0,0.0
1.2207414323033845,-1.4403519315155882,0.08926758055279095,0.3777048885106987,-0.6344711536409572,1.622612113499235,-0.10361856120508274,0.0,0.0,1.0,1.0,0.0,0.0,0.0,0.0,1.0,1.0,0.0,1.0,0.0
2.1277236898772944,-0.01556126036614833,1.8717013231613888,0.3777048885106987,-0.17729761352587883,2.9278118442590997,-0.10361856120508274,0.0,1.0,0.0,0.0,0.0,1.0,0.0,0.0,1.0,0.0,1.0,0.0,1.0
1.5071568820635666,2.1907601586711705,3.0583798765636954,1.1792006731487863,-0.6344711536409572,0.6899570036103719,2.0016474442315153,0.0,0.0,1.0,0.0,0.0,1.0,0.0,0.0,1.0,0.0,1.0,0.0,1.0
1.7935723318237486,-0.29711272210524287,1.3480361476104945,1.1792006731487863,0.005571802520152484,1.030162681697433,-0.10361856120508274,1.0,0.0,0.0,0.0,0.0,1.0,0.0,1.0,0.0,0.0,1.0,0.0,1.0
1.7935723318237486,-0.5481043276769269,1.1142057187026058,1.1792006731487863,-0.9087752777100041,-0.27115637592835906,-0.10361856120508274,0.0,0.0,1.0,1.0,0.0,0.0,0.0,1.0,0.0,0.0,1.0,1.0,0.0
-1.0705821657780723,-0.42887079049916094,-1.0102070649285086,1.980696457786874,-1.0002099857330198,-1.9256166887547888,-1.1562515639233817,1.0,0.0,0.0,0.0,0.0,1.0,0.0,0.0,1.0,1.0,0.0,1.0,0.0
-0.4022794496709807,0.3561668261292401,-0.2656371020583916,-0.42379089612738885,-1.0002099857330198,-0.5686746495406177,-0.10361856120508274,1.0,0.0,0.0,0.0,1.0,0.0,0.0,0.0,1.0,1.0,0.0,0.0,1.0
-1.0228462574847086,1.3551234359295155,-0.8254016509631192,0.3777048885106987,-0.5430364456179415,-0.8222119609667164,2.0016474442315153,1.0,0.0,0.0,0.0,1.0,0.0,0.0,1.0,0.0,1.0,0.0,0.0,1.0
-0.30680763308425335,-1.1262366886144988,-0.6080510752899909,-0.42379089612738885,0.09700651054316815,-0.8028085952963517,-1.1562515639233817,0.0,1.0,0.0,1.0,0.0,0.0,0.0,1.0,0.0,1.0,0.0,1.0,0.0
0.12281554155601981,0.6888183752302345,0.3722249616396823,0.3777048885106987,-0.7259058616639729,0.8969262374275953,0.9490144415132162,0.0,1.0,0.0,1.0,0.0,0.0,0.0,0.0,1.0,0.0,1.0,1.0,0.0
-0.30680763308425335,-1.24096139455445,-0.6490094569171662,0.3777048885106987,0.7370494667042777,0.15183699568559111,-1.1562515639233817,0.0,0.0,1.0,0.0,1.0,0.0,0.0,1.0,0.0,0.0,1.0,1.0,0.0
-1.1660539823647997,-0.6803633773194909,-1.0506421687416316,-0.42379089612738885,4.485872495647921,1.1465828757196213,-1.1562515639233817,1.0,0.0,0.0,0.0,0.0,1.0,0.0,0.0,1.0,1.0,0.0,1.0,0.0
2.0799877815839305,-0.2204625910623932,1.635886516049562,-0.42379089612738885,-0.6344711536409572,-0.8066892684304247,-0.10361856120508274,0.0,0.0,1.0,0.0,0.0,1.0,0.0,0.0,1.0,1.0,0.0,0.0,1.0
1.3639491571834756,0.176815539113945,1.3383589059584124,1.980696457786874,0.37131063461221514,-0.12369079683358732,-0.10361856120508274,1.0,0.0,0.0,0.0,1.0,0.0,0.0,1.0,0.0,0.0,1.0,1.0,0.0
-0.4500153579643444,-0.3677510781643398,-0.4867661512979226,-0.42379089612738885,-0.9087752777100041,-0.7019110938104554,-0.10361856120508274,0.0,1.0,0.0,0.0,1.0,0.0,0.0,1.0,0.0,1.0,0.0,1.0,0.0
-1.118318074071436,-0.765029208340678,-1.0565953033534459,-0.42379089612738885,-0.7259058616639729,0.36527401805960275,-1.1562515639233817,0.0,0.0,1.0,0.0,1.0,0.0,0.0,1.0,0.0,1.0,0.0,1.0,0.0
1.55489279035693,1.2784733048866657,2.378852666398688,-0.42379089612738885,-0.17729761352587883,4.068729745676544,0.9490144415132162,0.0,0.0,1.0,0.0,1.0,0.0,0.0,0.0,1.0,0.0,1.0,1.0,0.0
1.9845159649972033,-0.7194399147138848,1.1215519955466373,1.1792006731487863,-0.36016702957191016,-1.3098832181485491,-1.1562515639233817,0.0,1.0,0.0,1.0,0.0,0.0,0.0,0.0,1.0,0.0,1.0,0.0,1.0
0.5524387161962929,1.641183728906425,1.3308155504571408,-0.42379089612738885,-0.9087752777100041,0.0030778588794617965,2.0016474442315153,0.0,1.0,0.0,1.0,0.0,0.0,0.0,1.0,0.0,1.0,0.0,1.0,0.0
-0.5454871745510718,-0.6407858586764509,-0.6083704786310357,-1.2252866807654765,-0.45160173759492583,0.9512556613046167,-1.1562515639233817,0.0,1.0,0.0,0.0,1.0,0.0,0.0,1.0,0.0,0.0,1.0,1.0,0.0
-0.7841667160178902,1.1041318303578318,-0.5704906015462715,-1.2252866807654765,-0.6344711536409572,-0.15991041275160156,0.9490144415132162,1.0,0.0,0.0,0.0,0.0,1.0,0.0,1.0,0.0,0.0,1.0,0.0,1.0
1.4116850654768394,-0.9819540890044287,0.5043831908588087,0.3777048885106987,-0.9087752777100041,-0.37593455054832836,-0.10361856120508274,0.0,0.0,1.0,0.0,0.0,1.0,0.0,0.0,1.0,1.0,0.0,1.0,0.0
1.8890441484104759,1.6517043351279923,3.1762397094092405,-1.2252866807654765,-0.5430364456179415,0.4635844041227838,2.0016474442315153,0.0,1.0,0.0,0.0,1.0,0.0,0.0,1.0,0.0,1.0,0.0,0.0,1.0
-0.1635999082041623,-0.6999016460166879,-0.3719100690213525,1.1792006731487863,0.4627453426352308,-0.6268847465517118,-0.10361856120508274,0.0,1.0,0.0,0.0,1.0,0.0,0.0,0.0,1.0,0.0,1.0,1.0,0.0
1.745836423530385,0.01800448329313884,1.5875206952364531,-0.42379089612738885,-0.45160173759492583,-1.1572434082083467,-0.10361856120508274,0.0,0.0,1.0,1.0,0.0,0.0,0.0,1.0,0.0,1.0,0.0,0.0,1.0
0.1705514498493835,-0.0867005976738912,0.13603638466067536,-0.42379089612738885,-0.5430364456179415,1.358726340382275,-1.1562515639233817,1.0,0.0,0.0,0.0,1.0,0.0,0.0,0.0,1.0,1.0,0.0,1.0,0.0
1.745836423530385,-0.06014859149564911,1.467533772055865,-0.42379089612738885,-0.9087752777100041,-0.7782309987805565,-0.10361856120508274,0.0,1.0,0.0,0.0,0.0,1.0,0.0,1.0,0.0,0.0,1.0,0.0,1.0
1.8413082401171124,-0.6518074461466645,1.0698290417446743,1.980696457786874,0.27987592658919946,-0.6449945545107189,-0.10361856120508274,0.0,1.0,0.0,0.0,0.0,1.0,0.0,0.0,1.0,1.0,0.0,1.0,0.0
0.12281554155601981,-0.8156283144539315,-0.21521894488367566,0.3777048885106987,-1.0002099857330198,-1.3745611037164314,-0.10361856120508274,0.0,1.0,0.0,0.0,0.0,0.0,1.0,1.0,0.0,1.0,0.0,1.0,0.0
-0.8796385326046176,0.37320018858320686,-0.7404743413240271,1.980696457786874,-1.0002099857330198,0.15959834195373693,-0.10361856120508274,1.0,0.0,0.0,0.0,0.0,1.0,0.0,0.0,1.0,1.0,0.0,0.0,1.0
-1.2137898906581635,1.9623127092885595,-1.054604129333741,-1.2252866807654765,-0.9087752777100041,1.0857856632858118,0.9490144415132162,1.0,0.0,0.0,0.0,0.0,1.0,0.0,0.0,1.0,1.0,0.0,0.0,1.0
0.027343724969292445,-0.627760346211653,-0.1951305134766855,0.3777048885106987,1.3770924228653874,0.10914959121078902,-0.10361856120508274,0.0,1.0,0.0,0.0,0.0,1.0,0.0,1.0,0.0,0.0,1.0,1.0,0.0
-0.8796385326046176,0.36117663861570054,-0.7477118851157877,-0.42379089612738885,-0.36016702957191016,0.371741806616391,0.9490144415132162,1.0,0.0,0.0,0.0,0.0,1.0,0.0,1.0,0.0,1.0,0.0,0.0,1.0
0.7433823493697477,-0.31965687829431644,0.5015017649736384,-0.42379089612738885,1.194223006819356,-0.5997200346132013,-0.10361856120508274,1.0,0.0,0.0,0.0,0.0,1.0,0.0,0.0,1.0,0.0,1.0,1.0,0.0
0.027343724969292445,0.5285043756634901,0.2099680643889048,-1.2252866807654765,1.0113535907733249,-0.1469748356380251,-0.10361856120508274,0.0,0.0,1.0,0.0,0.0,1.0,0.0,0.0,1.0,1.0,0.0,1.0,0.0
-0.30680763308425335,1.2333849925085192,0.04261430531294392,0.3777048885106987,0.4627453426352308,1.4816143229612513,2.0016474442315153,1.0,0.0,0.0,0.0,0.0,1.0,0.0,0.0,1.0,0.0,1.0,0.0,1.0
-0.8796385326046176,-0.6037132462766412,-0.8450279668979593,0.3777048885106987,1.7428312549574503,1.2397190309373716,-1.1562515639233817,1.0,0.0,0.0,0.0,0.0,0.0,1.0,0.0,1.0,0.0,1.0,1.0,0.0
1.745836423530385,2.0314481216017177,3.305190313586385,-0.42379089612738885,0.9199188827503091,0.3782095951731792,2.0016474442315153,0.0,0.0,1.0,0.0,0.0,1.0,0.0,0.0,1.0,0.0,1.0,1.0,0.0
-1.0228462574847086,0.5375220381391198,-0.8410795979373838,1.1792006731487863,-0.9087752777100041,-0.999429367422714,-0.10361856120508274,1.0,0.0,0.0,1.0,0.0,0.0,0.0,0.0,1.0,0.0,1.0,1.0,0.0
1.9845159649972033,-0.4218570530181159,1.3644344510560515,0.3777048885106987,-0.17729761352587883,-1.361625526602855,-1.1562515639233817,0.0,0.0,1.0,0.0,0.0,1.0,0.0,0.0,1.0,1.0,0.0,1.0,0.0
1.316213248890112,-0.7014045897626261,0.6682167173675094,1.1792006731487863,1.4685271308884031,-0.2892661838873662,-1.1562515639233817,0.0,0.0,1.0,0.0,0.0,1.0,0.0,1.0,0.0,0.0,1.0,0.0,1.0
-0.6409589911377991,-0.2860911346350293,-0.6370760044304696,0.3777048885106987,0.5541800506582465,0.14148853399473016,-0.10361856120508274,1.0,0.0,0.0,0.0,0.0,1.0,0.0,0.0,1.0,0.0,1.0,0.0,1.0
-1.0228462574847086,0.03503784574710559,-0.9248312314488003,-1.2252866807654765,1.7428312549574503,1.2358383578032985,-0.10361856120508274,1.0,0.0,0.0,0.0,0.0,1.0,0.0,1.0,0.0,0.0,1.0,1.0,0.0
-0.354543541377617,-0.9383687203722203,-0.5313399069130947,1.1792006731487863,-0.6344711536409572,-0.5531519570043261,-1.1562515639233817,1.0,0.0,0.0,0.0,0.0,1.0,0.0,0.0,1.0,1.0,0.0,1.0,0.0
-0.5454871745510718,-0.6913849647897045,-0.611802365593326,-1.2252866807654765,-0.8173405696869884,-0.34876983860981786,-0.10361856120508274,0.0,1.0,0.0,0.0,1.0,0.0,0.0,1.0,0.0,0.0,1.0,0.0,1.0
2.1277236898772944,0.281520620080975,2.179123641009161,0.3777048885106987,-0.45160173759492583,0.5386107513815274,-0.10361856120508274,0.0,0.0,1.0,0.0,0.0,1.0,0.0,0.0,1.0,1.0,0.0,1.0,0.0
-0.4500153579643444,0.2920412263025423,-0.33786303202912626,1.1792006731487863,0.37131063461221514,-0.48718051372508603,-0.10361856120508274,0.0,0.0,1.0,0.0,1.0,0.0,0.0,1.0,0.0,1.0,0.0,1.0,0.0
-0.5932230828444355,-1.339654700537727,-0.7923400072570951,-0.42379089612738885,0.8284841747272934,-1.4922748554499772,-1.1562515639233817,0.0,1.0,0.0,0.0,1.0,0.0,0.0,0.0,1.0,1.0,0.0,1.0,0.0
-0.21133581649752597,1.2749664361461435,0.18591087657403843,-1.2252866807654765,1.0113535907733249,-0.27633060677378973,-0.10361856120508274,1.0,0.0,0.0,0.0,1.0,0.0,0.0,0.0,1.0,1.0,0.0,0.0,1.0
0.31375917472947457,1.5009089792855232,0.941795872696063,-1.2252866807654765,-0.5430364456179415,0.8943391220048801,0.9490144415132162,1.0,0.0,0.0,1.0,0.0,0.0,0.0,0.0,1.0,1.0,0.0,0.0,1.0
0.2182873581427472,-0.4995091465582575,-0.021443054105963217,0.3777048885106987,-0.5430364456179415,-1.185701677858215,-0.10361856120508274,0.0,1.0,0.0,0.0,1.0,0.0,0.0,0.0,1.0,1.0,0.0,1.0,0.0
0.3614950830228382,-1.8381310429405726,-0.5261207204041067,-1.2252866807654765,0.09700651054316815,-0.2310560868762721,-1.1562515639233817,0.0,1.0,0.0,0.0,1.0,0.0,0.0,1.0,0.0,1.0,0.0,1.0,0.0
-1.1660539823647997,2.8505524631380523,-0.9843218026723429,-1.2252866807654765,0.09700651054316815,0.21910199667618893,2.0016474442315153,1.0,0.0,0.0,1.0,0.0,0.0,0.0,0.0,1.0,1.0,0.0,0.0,1.0
-0.1635999082041623,-0.5526131589147416,-0.323299598840635,-1.2252866807654765,-0.36016702957191016,-0.28279839533057793,-0.10361856120508274,0.0,1.0,0.0,0.0,1.0,0.0,0.0,0.0,1.0,1.0,0.0,1.0,0.0
-1.118318074071436,2.098078627671646,-0.9097717037093246,-0.42379089612738885,0.6456147586812622,-0.5234001296431001,0.9490144415132162,1.0,0.0,0.0,0.0,1.0,0.0,0.0,1.0,0.0,0.0,1.0,0.0,1.0
-0.7841667160178902,-1.0275433826312215,-0.8280316316649139,-1.2252866807654765,-0.6344711536409572,-1.6009337032040196,-1.1562515639233817,1.0,0.0,0.0,0.0,1.0,0.0,0.0,1.0,0.0,0.0,1.0,1.0,0.0
-0.9751103491913449,1.0550356679905162,-0.7683711650471985,-0.42379089612738885,0.4627453426352308,-0.8183312878326435,0.9490144415132162,0.0,1.0,0.0,0.0,0.0,0.0,1.0,0.0,1.0,1.0,0.0,0.0,1.0
-0.8319026243112538,-1.089164076214689,-0.9049534703305844,0.3777048885106987,2.3828742111185597,1.1608120105445552,-1.1562515639233817,1.0,0.0,0.0,0.0,0.0,0.0,1.0,1.0,0.0,1.0,0.0,0.0,1.0
-0.8319026243112538,-0.9894688077341198,-0.8543722135774626,0.3777048885106987,-1.0002099857330198,-1.0550523490110928,-1.1562515639233817,1.0,0.0,0.0,0.0,0.0,1.0,0.0,1.0,0.0,1.0,0.0,1.0,0.0
-0.6409589911377991,0.4498503196260565,-0.4778976117221032,4.385183811701136,-0.36016702957191016,2.4090952020046843,-0.10361856120508274,1.0,0.0,0.0,0.0,0.0,1.0,0.0,1.0,0.0,1.0,0.0,0.0,1.0
0.6956464410763841,0.2704990326107614,0.7513499316441372,1.980696457786874,-0.8173405696869884,-0.513051667952239,-0.10361856120508274,0.0,0.0,1.0,1.0,0.0,0.0,0.0,0.0,1.0,0.0,1.0,1.0,0.0
-0.1635999082041623,-0.14180853502495927,-0.19233063738071793,-0.42379089612738885,-0.9087752777100041,1.257828838896379,-0.10361856120508274,0.0,1.0,0.0,0.0,1.0,0.0,0.0,1.0,0.0,1.0,0.0,0.0,1.0
-0.21133581649752597,-0.4794698966124145,-0.3391950119194409,-0.42379089612738885,-0.6344711536409572,0.7404057543533201,-0.10361856120508274,1.0,0.0,0.0,1.0,0.0,0.0,0.0,0.0,1.0,0.0,1.0,1.0,0.0
-0.7841667160178902,1.3350841859836728,-0.5258420919576633,0.3777048885106987,-0.5430364456179415,0.3432835369665229,2.0016474442315153,1.0,0.0,0.0,0.0,1.0,0.0,0.0,1.0,0.0,0.0,1.0,1.0,0.0
-0.30680763308425335,-1.4859412251423811,-0.6788159048708396,0.3777048885106987,-0.36016702957191016,-0.5246936873544579,-1.1562515639233817,1.0,0.0,0.0,0.0,0.0,1.0,0.0,1.0,0.0,1.0,0.0,1.0,0.0
-0.4500153579643444,-0.9168265266804386,-0.649172556495572,-0.42379089612738885,0.5541800506582465,-1.9256166887547888,-1.1562515639233817,0.0,1.0,0.0,1.0,0.0,0.0,0.0,0.0,1.0,0.0,1.0,1.0,0.0
-0.4022794496709807,-0.733968370924621,-0.5546971257039693,-0.42379089612738885,0.4627453426352308,-0.30866954955773085,-1.1562515639233817,0.0,0.0,1.0,0.0,0.0,1.0,0.0,0.0,1.0,0.0,1.0,1.0,0.0
-0.4022794496709807,-0.4018178030722729,-0.44683393785155107,1.1792006731487863,-0.5430364456179415,-0.7743503256464835,-1.1562515639233817,0.0,1.0,0.0,1.0,0.0,0.0,0.0,1.0,0.0,0.0,1.0,1.0,0.0
2.0799877815839305,-0.5726524088605847,1.3007440656885578,1.1792006731487863,-1.0002099857330198,1.3820103791867127,-1.1562515639233817,0.0,0.0,1.0,0.0,0.0,1.0,0.0,1.0,0.0,1.0,0.0,1.0,0.0
-0.4500153579643444,-0.6417878211737432,-0.5602628988170697,-0.42379089612738885,0.37131063461221514,0.371741806616391,-1.1562515639233817,0.0,0.0,1.0,0.0,0.0,1.0,0.0,0.0,1.0,1.0,0.0,0.0,1.0
-0.5932230828444355,0.1682988578869616,-0.49736762389430444,0.3777048885106987,-0.8173405696869884,-0.5479777261588954,0.9490144415132162,1.0,0.0,0.0,0.0,0.0,1.0,0.0,1.0,0.0,0.0,1.0,1.0,0.0
0.07507963326265613,-0.04261424779303639,0.0652375760009922,1.1792006731487863,-0.6344711536409572,-1.2904798524781844,-0.10361856120508274,1.0,0.0,0.0,0.0,0.0,0.0,1.0,0.0,1.0,1.0,0.0,0.0,1.0
1.4116850654768394,1.0605464617256228,2.0831395391173038,-1.2252866807654765,0.6456147586812622,0.3212930558734427,2.0016474442315153,0.0,0.0,1.0,1.0,0.0,0.0,0.0,0.0,1.0,0.0,1.0,1.0,0.0
-0.9751103491913449,-0.706414402249087,-0.8871620246528102,0.3777048885106987,0.005571802520152484,0.8270741210142827,-0.10361856120508274,1.0,0.0,0.0,0.0,0.0,1.0,0.0,1.0,0.0,1.0,0.0,0.0,1.0
-1.2137898906581635,-0.2535273534730344,-1.0694665784159763,1.1792006731487863,0.27987592658919946,-1.7315830320511418,-0.10361856120508274,1.0,0.0,0.0,0.0,1.0,0.0,0.0,0.0,1.0,1.0,0.0,1.0,0.0
-0.9751103491913449,-1.0260404388852835,-0.9998910165943371,-1.2252866807654765,-0.5430364456179415,-1.1029139843313258,-1.1562515639233817,1.0,0.0,0.0,1.0,0.0,0.0,0.0,0.0,1.0,1.0,0.0,0.0,1.0
0.07507963326265613,0.22791562647584454,0.18399445652776944,0.3777048885106987,0.7370494667042777,-0.47165782118879424,-0.10361856120508274,1.0,0.0,0.0,0.0,0.0,1.0,0.0,0.0,1.0,1.0,0.0,1.0,0.0
-1.0705821657780723,0.38121588856154387,-0.962446071718655,-0.42379089612738885,-0.17729761352587883,1.1543442219877669,0.9490144415132162,1.0,0.0,0.0,1.0,0.0,0.0,0.0,1.0,0.0,0.0,1.0,1.0,0.0
1.1730055240100208,-0.37025598440757,0.7719956199440139,-1.2252866807654765,-0.45160173759492583,1.2591223966077363,-0.10361856120508274,1.0,0.0,0.0,1.0,0.0,0.0,0.0,0.0,1.0,1.0,0.0,0.0,1.0
1.3639491571834756,-0.1868968474031064,1.0538045081662972,1.980696457786874,1.4685271308884031,0.13372718772658398,-0.10361856120508274,0.0,0.0,1.0,0.0,1.0,0.0,0.0,0.0,1.0,1.0,0.0,0.0,1.0
-1.0705821657780723,1.268453679913744,-0.8840019703211965,-1.2252866807654765,-0.8173405696869884,-1.1158495614449022,0.9490144415132162,1.0,0.0,0.0,0.0,0.0,0.0,1.0,0.0,1.0,1.0,0.0,1.0,0.0
-1.0705821657780723,-0.29160192837013604,-0.9672643050973954,-0.42379089612738885,-0.36016702957191016,-1.9256166887547888,-0.10361856120508274,1.0,0.0,0.0,0.0,0.0,0.0,1.0,1.0,0.0,1.0,0.0,1.0,0.0
-0.21133581649752597,1.3521175484376389,0.18014802480369752,2.7821922424249617,-0.6344711536409572,0.04705882106562184,0.9490144415132162,1.0,0.0,0.0,0.0,0.0,0.0,1.0,0.0,1.0,1.0,0.0,1.0,0.0
1.8890441484104759,-0.14180853502495927,1.5430148977789504,1.1792006731487863,3.0229171672796693,-0.80927638385314,-1.1562515639233817,0.0,1.0,0.0,0.0,0.0,0.0,1.0,0.0,1.0,1.0,0.0,1.0,0.0
-0.4500153579643444,-0.6267583837143608,-0.5365522976063157,-0.42379089612738885,-0.6344711536409572,-0.571261764963333,-1.1562515639233817,0.0,1.0,0.0,0.0,0.0,1.0,0.0,0.0,1.0,1.0,0.0,1.0,0.0
0.7433823493697477,-0.4599316279152175,0.4296564006858506,-0.42379089612738885,-0.5430364456179415,-1.9256166887547888,-1.1562515639233817,0.0,0.0,1.0,0.0,0.0,0.0,1.0,1.0,0.0,0.0,1.0,1.0,0.0
-1.0228462574847086,0.26649118262159216,-0.8724694709647478,-0.42379089612738885,-0.7259058616639729,1.4984305732089007,-0.10361856120508274,0.0,1.0,0.0,1.0,0.0,0.0,0.0,1.0,0.0,1.0,0.0,1.0,0.0
-0.9273744408979813,0.09665853933057242,-0.8142225340265499,-0.42379089612738885,0.4627453426352308,-1.2749571599418927,-0.10361856120508274,1.0,0.0,0.0,0.0,1.0,0.0,0.0,0.0,1.0,0.0,1.0,1.0,0.0
1.55489279035693,-0.41684724053165506,1.0578548143633766,2.7821922424249617,-0.7259058616639729,0.3484577678119536,-0.10361856120508274,0.0,1.0,0.0,0.0,0.0,1.0,0.0,0.0,1.0,0.0,1.0,1.0,0.0
-1.2137898906581635,-1.129743557355021,-1.0965479042471185,0.3777048885106987,-0.8173405696869884,1.0650887399040894,-1.1562515639233817,1.0,0.0,0.0,0.0,0.0,1.0,0.0,1.0,0.0,0.0,1.0,0.0,1.0
-0.6409589911377991,-0.4078295780560257,-0.6453872871134023,0.3777048885106987,-0.7259058616639729,2.590193281594755,-1.1562515639233817,1.0,0.0,0.0,1.0,0.0,0.0,0.0,1.0,0.0,1.0,0.0,1.0,0.0
0.07507963326265613,0.21889796400021555,0.15273370399997688,0.3777048885106987,-0.7259058616639729,-0.007270602811399153,0.9490144415132162,0.0,1.0,0.0,0.0,0.0,1.0,0.0,0.0,1.0,1.0,0.0,1.0,0.0
-0.020392183324071236,1.284986061119065,0.43596971353331126,0.3777048885106987,1.194223006819356,2.0262021194428206,0.9490144415132162,1.0,0.0,0.0,0.0,0.0,1.0,0.0,0.0,1.0,1.0,0.0,1.0,0.0
0.9820618908365661,0.176815539113945,0.989971410667698,1.980696457786874,0.4627453426352308,-0.20001070180368852,-0.10361856120508274,0.0,1.0,0.0,1.0,0.0,0.0,0.0,0.0,1.0,0.0,1.0,1.0,0.0
-0.11586399991079861,-0.17537427868424643,-0.16454254670981716,1.1792006731487863,1.6513965469344345,0.3199994981620851,-0.10361856120508274,1.0,0.0,0.0,1.0,0.0,0.0,0.0,1.0,0.0,1.0,0.0,1.0,0.0
-1.1660539823647997,-0.04361621029032834,-1.0534896155479674,0.3777048885106987,-0.9087752777100041,0.10785603349943107,-0.10361856120508274,1.0,0.0,0.0,0.0,1.0,0.0,0.0,1.0,0.0,1.0,0.0,1.0,0.0
0.9820618908365661,0.2399391764433508,1.0358023921997488,0.3777048885106987,-0.45160173759492583,2.3120783736528607,-1.1562515639233817,1.0,0.0,0.0,1.0,0.0,0.0,0.0,0.0,1.0,0.0,1.0,0.0,1.0
-0.9273744408979813,-1.3115997506135466,-0.9482088376869757,-0.42379089612738885,-0.08586290550286318,0.39243872999811324,-0.10361856120508274,1.0,0.0,0.0,1.0,0.0,0.0,0.0,0.0,1.0,1.0,0.0,1.0,0.0
-0.21133581649752597,-1.412797962840054,-0.6101441865461996,0.3777048885106987,-0.08586290550286318,-0.7381307097284695,-1.1562515639233817,1.0,0.0,0.0,0.0,0.0,0.0,1.0,0.0,1.0,1.0,0.0,0.0,1.0
-0.7364308077245265,-0.7910802332702737,-0.787283920326513,-0.42379089612738885,3.6629601234407794,-1.2439117748693092,-1.1562515639233817,1.0,0.0,0.0,1.0,0.0,0.0,0.0,0.0,1.0,1.0,0.0,0.0,1.0
1.6981005152370212,0.5470406818633952,1.9273726459239273,1.980696457786874,-0.2687323215488945,0.555427001629177,-0.10361856120508274,0.0,0.0,1.0,0.0,1.0,0.0,0.0,0.0,1.0,0.0,1.0,1.0,0.0
0.8865900742498387,-0.6017093212820569,0.40639432331571274,1.1792006731487863,0.4627453426352308,0.20616641956261247,-0.10361856120508274,0.0,1.0,0.0,0.0,1.0,0.0,0.0,1.0,0.0,0.0,1.0,1.0,0.0
-0.25907172479088963,-0.25002048473251187,-0.28161406492640034,1.1792006731487863,-0.8173405696869884,0.6653794070945769,-0.10361856120508274,0.0,1.0,0.0,0.0,0.0,1.0,0.0,1.0,0.0,0.0,1.0,1.0,0.0
0.31375917472947457,1.3831783858536957,0.8888021013456876,-1.2252866807654765,2.5657436271645913,-0.2595143565261402,2.0016474442315153,1.0,0.0,0.0,1.0,0.0,0.0,0.0,0.0,1.0,0.0,1.0,1.0,0.0
-0.4022794496709807,1.1336897240279498,-0.06405281896449776,-1.2252866807654765,0.005571802520152484,0.06258151360191345,-0.10361856120508274,1.0,0.0,0.0,0.0,0.0,1.0,0.0,0.0,1.0,1.0,0.0,0.0,1.0
-0.8796385326046176,-0.6282613274602991,-0.8618204276579975,1.1792006731487863,-0.2687323215488945,0.3497513255233111,-1.1562515639233817,1.0,0.0,0.0,0.0,0.0,1.0,0.0,0.0,1.0,1.0,0.0,0.0,1.0
-1.2137898906581635,1.675250453814358,-0.9971455070245048,-1.2252866807654765,-0.08586290550286318,0.8024965244984873,2.0016474442315153,1.0,0.0,0.0,0.0,1.0,0.0,0.0,1.0,0.0,0.0,1.0,1.0,0.0
2.0799877815839305,0.9413129245478571,2.739261959781069,1.980696457786874,-0.36016702957191016,1.29016778168032,0.9490144415132162,0.0,1.0,0.0,0.0,0.0,1.0,0.0,1.0,0.0,1.0,0.0,1.0,0.0
-0.8319026243112538,0.9768825932017282,-0.6052783824570911,0.3777048885106987,0.8284841747272934,0.11691093747893481,-0.10361856120508274,1.0,0.0,0.0,1.0,0.0,0.0,0.0,0.0,1.0,1.0,0.0,0.0,1.0
0.027343724969292445,-1.2209221446086067,-0.3806155090187661,-1.2252866807654765,0.005571802520152484,0.5153267125770896,-1.1562515639233817,1.0,0.0,0.0,1.0,0.0,0.0,0.0,0.0,1.0,0.0,1.0,0.0,1.0
-0.25907172479088963,-1.5595854686933541,-0.6836613215126475,-0.42379089612738885,-0.45160173759492583,-0.76529542166698,-1.1562515639233817,1.0,0.0,0.0,0.0,1.0,0.0,0.0,0.0,1.0,1.0,0.0,1.0,0.0
-0.5932230828444355,-1.5926502311039952,-0.8059180471593841,-1.2252866807654765,-0.7259058616639729,-0.36299897343475185,-1.1562515639233817,1.0,0.0,0.0,0.0,1.0,0.0,0.0,0.0,1.0,1.0,0.0,1.0,0.0
-1.118318074071436,-0.4644404591530324,-1.000366723698021,-1.2252866807654765,-0.9087752777100041,0.7701575817145462,-1.1562515639233817,1.0,0.0,0.0,0.0,0.0,1.0,0.0,1.0,0.0,1.0,0.0,1.0,0.0
-0.4500153579643444,-2.211362073181899,-0.9295067526964355,-0.42379089612738885,0.18844121856618382,0.17253391906731338,-1.1562515639233817,0.0,0.0,1.0,0.0,0.0,1.0,0.0,0.0,1.0,0.0,1.0,0.0,1.0
-0.30680763308425335,0.053574151947010276,-0.2608800310215536,-0.42379089612738885,-0.2687323215488945,1.3975330717230043,-0.10361856120508274,0.0,1.0,0.0,0.0,0.0,1.0,0.0,0.0,1.0,1.0,0.0,1.0,0.0
2.1277236898772944,2.2253278648277495,4.018757764927852,-0.42379089612738885,2.3828742111185597,0.781799601116765,2.0016474442315153,0.0,1.0,0.0,1.0,0.0,0.0,0.0,0.0,1.0,1.0,0.0,1.0,0.0
-0.7841667160178902,-1.7669917056328297,-0.9261632113391151,-0.42379089612738885,-0.36016702957191016,0.708066811569379,-1.1562515639233817,0.0,1.0,0.0,0.0,1.0,0.0,0.0,1.0,0.0,1.0,0.0,0.0,1.0
1.5071568820635666,1.8896704282348784,2.7917392491331587,1.1792006731487863,-1.0002099857330198,1.168573356812701,2.0016474442315153,0.0,1.0,0.0,1.0,0.0,0.0,0.0,0.0,1.0,0.0,1.0,1.0,0.0
-0.9273744408979813,-1.0916689824579193,-0.8995236135328222,0.3777048885106987,-1.0002099857330198,0.5812981558563299,-1.1562515639233817,1.0,0.0,0.0,0.0,1.0,0.0,0.0,0.0,1.0,1.0,0.0,1.0,0.0
-0.9751103491913449,1.8080104847055682,-0.7405830743762977,0.3777048885106987,-0.8173405696869884,0.023774782261184062,2.0016474442315153,1.0,0.0,0.0,0.0,0.0,1.0,0.0,0.0,1.0,1.0,0.0,1.0,0.0
-0.9751103491913449,0.1788194641085289,-0.8726461621746875,-0.42379089612738885,-0.7259058616639729,0.4286583459161275,0.9490144415132162,1.0,0.0,0.0,0.0,0.0,1.0,0.0,1.0,0.0,1.0,0.0,1.0,0.0
-1.0705821657780723,-0.34871379071578873,-0.9854634997211842,-0.42379089612738885,-0.9087752777100041,0.6718471956513651,-0.10361856120508274,1.0,0.0,0.0,1.0,0.0,0.0,0.0,0.0,1.0,0.0,1.0,1.0,0.0
1.9367800567038396,-0.10223101638191931,1.6409018280855425,-0.42379089612738885,-0.17729761352587883,0.7300572926624592,-1.1562515639233817,0.0,0.0,1.0,0.0,1.0,0.0,0.0,0.0,1.0,0.0,1.0,0.0,1.0
-0.7841667160178902,-0.08369471018201463,-0.6937463121107441,-0.42379089612738885,0.4627453426352308,1.5838053821585056,-0.10361856120508274,0.0,1.0,0.0,0.0,0.0,0.0,1.0,0.0,1.0,0.0,1.0,0.0,1.0
-1.0228462574847086,0.3526599573887179,-0.9149025446133426,0.3777048885106987,-1.0002099857330198,-0.7109659977899588,-0.10361856120508274,0.0,1.0,0.0,0.0,0.0,1.0,0.0,1.0,0.0,1.0,0.0,1.0,0.0
-1.2137898906581635,-0.19641549112738171,-1.0838872994733624,-1.2252866807654765,-0.9087752777100041,-1.9256166887547888,-0.10361856120508274,1.0,0.0,0.0,0.0,1.0,0.0,0.0,1.0,0.0,1.0,0.0,1.0,0.0
-1.2137898906581635,-1.4573852939695549,-1.0791981865941935,-0.42379089612738885,-0.36016702957191016,-1.4845135091818313,-1.1562515639233817,1.0,0.0,0.0,1.0,0.0,0.0,0.0,1.0,0.0,1.0,0.0,0.0,1.0
0.1705514498493835,-1.0024943201989176,-0.22317004933096207,-0.42379089612738885,-0.7259058616639729,2.06500885078355,-0.10361856120508274,0.0,0.0,1.0,0.0,1.0,0.0,0.0,0.0,1.0,0.0,1.0,1.0,0.0
0.4569668996095656,0.31959519497807637,0.5402311190292665,1.1792006731487863,0.09700651054316815,-1.427596969882095,-1.1562515639233817,0.0,0.0,1.0,0.0,1.0,0.0,0.0,1.0,0.0,1.0,0.0,1.0,0.0
0.6479105327830204,-1.2194192008626688,-0.0801860855951455,-0.42379089612738885,0.7370494667042777,0.7378186389306051,-1.1562515639233817,1.0,0.0,0.0,0.0,0.0,1.0,0.0,0.0,1.0,0.0,1.0,1.0,0.0
1.3639491571834756,0.31558734498890784,1.478284752599119,-0.42379089612738885,0.09700651054316815,0.5114460394430169,0.9490144415132162,0.0,1.0,0.0,0.0,0.0,0.0,1.0,0.0,1.0,0.0,1.0,1.0,0.0
1.55489279035693,-1.335145869299912,0.3089898959285713,0.3777048885106987,-1.0002099857330198,1.0676758553268049,-1.1562515639233817,1.0,0.0,0.0,0.0,0.0,1.0,0.0,0.0,1.0,1.0,0.0,1.0,0.0
-0.354543541377617,-0.06215251649023338,-0.32375491849701815,-1.2252866807654765,-1.0002099857330198,-1.1947565818377186,-0.10361856120508274,0.0,1.0,0.0,1.0,0.0,0.0,0.0,0.0,1.0,1.0,0.0,1.0,0.0
-1.1660539823647997,-2.211362073181899,-1.11122007048788,-1.2252866807654765,0.7370494667042777,-0.5415099376021072,-1.1562515639233817,0.0,0.0,1.0,0.0,0.0,1.0,0.0,1.0,0.0,1.0,0.0,0.0,1.0
-0.7364308077245265,-1.4573852939695549,-0.8720277429398985,-0.42379089612738885,-0.7259058616639729,0.9641912384181931,-1.1562515639233817,1.0,0.0,0.0,0.0,0.0,1.0,0.0,1.0,0.0,1.0,0.0,1.0,0.0
1.2207414323033845,0.7163723439057685,1.5944184482398682,-1.2252866807654765,0.27987592658919946,1.1957380687512118,0.9490144415132162,1.0,0.0,0.0,0.0,0.0,1.0,0.0,0.0,1.0,1.0,0.0,1.0,0.0
-0.30680763308425335,-0.19892039737061196,-0.33267102878320587,-1.2252866807654765,-0.5430364456179415,0.23591824692383812,-0.10361856120508274,1.0,0.0,0.0,0.0,1.0,0.0,0.0,0.0,1.0,0.0,1.0,1.0,0.0
1.1252696157166573,0.18483123909228202,1.1247392331413186,-0.42379089612738885,0.4627453426352308,0.7261766195283861,0.9490144415132162,0.0,1.0,0.0,0.0,0.0,1.0,0.0,0.0,1.0,1.0,0.0,1.0,0.0
-1.0705821657780723,-0.34771182821849644,-0.9701593226140997,0.3777048885106987,0.18844121856618382,0.9240909493661061,-0.10361856120508274,1.0,0.0,0.0,0.0,0.0,1.0,0.0,1.0,0.0,0.0,1.0,0.0,1.0
-0.4022794496709807,0.19585282656249564,-0.30082583609945895,-1.2252866807654765,1.8342659629804658,1.3600198980936329,-0.10361856120508274,0.0,1.0,0.0,0.0,0.0,1.0,0.0,0.0,1.0,1.0,0.0,1.0,0.0
-0.4022794496709807,0.849132374796979,-0.15186155448876038,0.3777048885106987,1.6513965469344345,-1.245205332580667,0.9490144415132162,1.0,0.0,0.0,0.0,1.0,0.0,0.0,1.0,0.0,1.0,0.0,1.0,0.0
-0.8796385326046176,-1.828612399216297,-0.9890177113672788,-1.2252866807654765,-0.7259058616639729,-1.1365464848266245,-1.1562515639233817,1.0,0.0,0.0,0.0,1.0,0.0,0.0,1.0,0.0,1.0,0.0,1.0,0.0
-0.9751103491913449,-1.7078759182925924,-1.0252462052206837,0.3777048885106987,-0.2687323215488945,0.17253391906731338,-1.1562515639233817,1.0,0.0,0.0,1.0,0.0,0.0,0.0,0.0,1.0,0.0,1.0,1.0,0.0
-1.0228462574847086,-0.6693417898492773,-0.9545357421659703,0.3777048885106987,0.005571802520152484,0.5942337329699063,-1.1562515639233817,1.0,0.0,0.0,0.0,0.0,1.0,0.0,1.0,0.0,1.0,0.0,1.0,0.0
0.40923099131620194,1.3476087171998246,1.0066551383754656,1.980696457786874,0.18844121856618382,0.41830988422526616,2.0016474442315153,1.0,0.0,0.0,0.0,0.0,1.0,0.0,1.0,0.0,1.0,0.0,1.0,0.0
-0.11586399991079861,0.36318056361028517,0.015899953533215123,0.3777048885106987,-0.7259058616639729,1.284993550834889,0.9490144415132162,0.0,1.0,0.0,0.0,0.0,1.0,0.0,1.0,0.0,1.0,0.0,1.0,0.0
0.07507963326265613,0.013996633303970319,0.0929713001457577,1.1792006731487863,-1.0002099857330198,-0.3138437804031615,-0.10361856120508274,0.0,1.0,0.0,0.0,0.0,0.0,1.0,0.0,1.0,1.0,0.0,0.0,1.0
0.6001746244896566,0.13323017048173616,0.615854956883457,-1.2252866807654765,-0.9087752777100041,-0.8053957107190671,0.9490144415132162,0.0,0.0,1.0,1.0,0.0,0.0,0.0,1.0,0.0,1.0,0.0,1.0,0.0
-0.11586399991079861,-0.9714334827828611,-0.43841392211634783,-0.42379089612738885,0.37131063461221514,0.13243363001522643,-1.1562515639233817,1.0,0.0,0.0,0.0,1.0,0.0,0.0,1.0,0.0,1.0,0.0,0.0,1.0
-0.9751103491913449,1.0585425367310384,-0.7960641142973626,-1.2252866807654765,-1.0002099857330198,0.7830931588281226,0.9490144415132162,1.0,0.0,0.0,0.0,0.0,1.0,0.0,0.0,1.0,1.0,0.0,1.0,0.0
-1.0228462574847086,0.6512447815817788,-0.863240753153282,0.3777048885106987,-0.45160173759492583,-0.09135185404964616,0.9490144415132162,1.0,0.0,0.0,0.0,0.0,1.0,0.0,0.0,1.0,0.0,1.0,1.0,0.0
-0.25907172479088963,-0.5721514276119386,-0.3777001040547611,0.3777048885106987,-0.45160173759492583,-0.2776241644851473,-1.1562515639233817,0.0,1.0,0.0,0.0,1.0,0.0,0.0,0.0,1.0,1.0,0.0,1.0,0.0
-0.020392183324071236,1.1402024802603492,0.38152843342458403,-0.42379089612738885,-0.36016702957191016,1.6368412483241688,0.9490144415132162,0.0,0.0,1.0,0.0,1.0,0.0,0.0,0.0,1.0,1.0,0.0,0.0,1.0
-0.9751103491913449,-0.4469061154504197,-0.9107706886270606,-0.42379089612738885,-0.5430364456179415,1.4363398030637335,-0.10361856120508274,1.0,0.0,0.0,0.0,1.0,0.0,0.0,1.0,0.0,1.0,0.0,1.0,0.0
-0.9273744408979813,0.8806941934616815,-0.7395297229324264,1.1792006731487863,1.1027882987963404,-0.48588695601372844,2.0016474442315153,0.0,1.0,0.0,0.0,1.0,0.0,0.0,1.0,0.0,0.0,1.0,0.0,1.0
0.9343259825432024,0.8867059684454347,1.399031949125398,1.980696457786874,1.4685271308884031,-1.4728714897796125,0.9490144415132162,0.0,1.0,0.0,0.0,1.0,0.0,0.0,1.0,0.0,1.0,0.0,1.0,0.0
-0.9273744408979813,0.8341029373375968,-0.7399510635099747,-0.42379089612738885,-0.6344711536409572,-0.20647849036047675,0.9490144415132162,1.0,0.0,0.0,1.0,0.0,0.0,0.0,0.0,1.0,1.0,0.0,1.0,0.0
1.55489279035693,-0.4514149466882342,1.0404371385527824,1.1792006731487863,2.0171353790264974,-0.5531519570043261,-1.1562515639233817,0.0,1.0,0.0,0.0,0.0,1.0,0.0,0.0,1.0,1.0,0.0,1.0,0.0
0.31375917472947457,-0.3006195908457654,0.17827237965202997,0.3777048885106987,1.0113535907733249,0.13372718772658398,-0.10361856120508274,1.0,0.0,0.0,0.0,0.0,1.0,0.0,0.0,1.0,1.0,0.0,0.0,1.0
-0.8796385326046176,-1.4749196376721672,-0.9617528985104301,0.3777048885106987,-0.08586290550286318,1.084492105574454,-1.1562515639233817,1.0,0.0,0.0,0.0,1.0,0.0,0.0,1.0,0.0,0.0,1.0,0.0,1.0
-0.21133581649752597,-0.581169090087568,-0.3531943923992784,-1.2252866807654765,-0.5430364456179415,-1.9256166887547888,-1.1562515639233817,0.0,1.0,0.0,0.0,1.0,0.0,0.0,0.0,1.0,0.0,1.0,1.0,0.0
-1.0228462574847086,-1.420312681569745,-1.0102682272704109,1.1792006731487863,-0.2687323215488945,0.5722432518768261,-1.1562515639233817,1.0,0.0,0.0,0.0,0.0,1.0,0.0,1.0,0.0,0.0,1.0,1.0,0.0
2.032251873290567,0.8466274685537487,2.6458262888018034,-1.2252866807654765,2.7486130432106224,-1.2853056216327539,2.0016474442315153,0.0,1.0,0.0,0.0,1.0,0.0,0.0,0.0,1.0,1.0,0.0,1.0,0.0
-1.118318074071436,0.8997314809102321,-0.9455856528009479,1.1792006731487863,-0.8173405696869884,-0.35911830030067915,0.9490144415132162,0.0,1.0,0.0,0.0,0.0,0.0,1.0,1.0,0.0,0.0,1.0,0.0,1.0
-0.4022794496709807,-0.3091362720727488,-0.4262154328147418,1.1792006731487863,-0.45160173759492583,-1.8881035151254169,-0.10361856120508274,0.0,1.0,0.0,0.0,1.0,0.0,0.0,1.0,0.0,1.0,0.0,1.0,0.0
-0.8319026243112538,-1.3030830693865632,-0.910893013310865,-0.42379089612738885,-1.0002099857330198,0.4390068076069888,-1.1562515639233817,1.0,0.0,0.0,0.0,0.0,1.0,0.0,0.0,1.0,1.0,0.0,1.0,0.0
0.12281554155601981,0.24394702643251934,0.20459936993304487,2.7821922424249617,0.4627453426352308,-1.9256166887547888,-0.10361856120508274,0.0,1.0,0.0,0.0,0.0,1.0,0.0,1.0,0.0,0.0,1.0,0.0,1.0
2.175459598170658,0.291540245053896,2.223269260231018,1.1792006731487863,1.194223006819356,-0.520813014220385,0.9490144415132162,0.0,0.0,1.0,0.0,0.0,1.0,0.0,0.0,1.0,0.0,1.0,1.0,0.0
0.2182873581427472,1.2143477050599678,0.6832830409227522,-1.2252866807654765,0.37131063461221514,-0.3694667619915401,0.9490144415132162,0.0,1.0,0.0,0.0,1.0,0.0,0.0,0.0,1.0,0.0,1.0,1.0,0.0
-0.8796385326046176,-1.7920407680651336,-0.9964863128951145,1.1792006731487863,0.005571802520152484,-1.668198704194617,-1.1562515639233817,1.0,0.0,0.0,0.0,0.0,0.0,1.0,0.0,1.0,1.0,0.0,1.0,0.0
-1.0705821657780723,-0.6382809524332207,-0.9864149139285516,-1.2252866807654765,-0.36016702957191016,-0.425089743579919,-1.1562515639233817,1.0,0.0,0.0,0.0,0.0,1.0,0.0,1.0,0.0,1.0,0.0,1.0,0.0
0.9343259825432024,1.6201425164632899,1.808473053266045,-0.42379089612738885,0.6456147586812622,-1.6125757226062383,0.9490144415132162,0.0,0.0,1.0,1.0,0.0,0.0,0.0,0.0,1.0,1.0,0.0,1.0,0.0
1.8413082401171124,-1.9743979425723053,-0.07890847223096624,-0.42379089612738885,0.005571802520152484,-1.5504849524610713,-1.1562515639233817,0.0,1.0,0.0,0.0,0.0,1.0,0.0,0.0,1.0,0.0,1.0,1.0,0.0
-1.2137898906581635,-1.5961570998445178,-1.0993817594219204,-0.42379089612738885,-0.45160173759492583,-0.8053957107190671,-1.1562515639233817,1.0,0.0,0.0,1.0,0.0,0.0,0.0,0.0,1.0,1.0,0.0,1.0,0.0
1.1252696157166573,0.1352340954763208,1.0806411846298303,0.3777048885106987,-0.08586290550286318,-0.6385267659539307,-0.10361856120508274,0.0,1.0,0.0,0.0,1.0,0.0,0.0,0.0,1.0,0.0,1.0,0.0,1.0
1.0775337074232936,-0.07066919771721675,0.9059071696310037,-0.42379089612738885,0.4627453426352308,-1.9256166887547888,0.9490144415132162,1.0,0.0,0.0,0.0,1.0,0.0,0.0,0.0,1.0,0.0,1.0,1.0,0.0
1.6026286986502938,-0.37075696565621596,1.1235771486451767,-0.42379089612738885,1.1027882987963404,-0.341008492341672,-0.10361856120508274,0.0,0.0,1.0,1.0,0.0,0.0,0.0,0.0,1.0,1.0,0.0,0.0,1.0
0.31375917472947457,-0.30312449708899564,0.13865956954670328,1.1792006731487863,-0.9087752777100041,-1.3991387002322266,-0.10361856120508274,0.0,1.0,0.0,0.0,1.0,0.0,0.0,0.0,1.0,1.0,0.0,1.0,0.0
-0.4977512662577081,-0.3201578595429624,-0.5170075314606785,-1.2252866807654765,-0.45160173759492583,-0.911467443050394,-0.10361856120508274,1.0,0.0,0.0,0.0,0.0,1.0,0.0,0.0,1.0,1.0,0.0,0.0,1.0
-1.118318074071436,0.5670799318092378,-0.929527140143736,0.3777048885106987,1.1027882987963404,1.29016778168032,0.9490144415132162,0.0,1.0,0.0,1.0,0.0,0.0,0.0,0.0,1.0,0.0,1.0,1.0,0.0
-1.118318074071436,-0.37075696565621596,-0.9881070720545126,-1.2252866807654765,-0.9087752777100041,-0.7601211908215495,-0.10361856120508274,1.0,0.0,0.0,1.0,0.0,0.0,0.0,1.0,0.0,1.0,0.0,1.0,0.0
-1.1660539823647997,-1.241462375803096,-1.0980633711631396,0.3777048885106987,1.1027882987963404,0.5657754633200379,-1.1562515639233817,1.0,0.0,0.0,0.0,1.0,0.0,0.0,0.0,1.0,1.0,0.0,1.0,0.0
-0.6409589911377991,-0.7640272458433857,-0.6755267300396545,-1.2252866807654765,0.5541800506582465,0.3057703633371511,-1.1562515639233817,1.0,0.0,0.0,1.0,0.0,0.0,0.0,1.0,0.0,1.0,0.0,1.0,0.0
2.175459598170658,0.48291508203669736,2.402155518663427,0.3777048885106987,0.09700651054316815,-0.38240233910511656,-0.10361856120508274,0.0,0.0,1.0,1.0,0.0,0.0,0.0,1.0,0.0,0.0,1.0,1.0,0.0
-1.2137898906581635,-1.1397631823279426,-1.0893103604553576,-0.42379089612738885,0.5541800506582465,-0.13403925852444865,-1.1562515639233817,1.0,0.0,0.0,0.0,0.0,1.0,0.0,1.0,0.0,1.0,0.0,1.0,0.0
-0.1635999082041623,-1.3226213380837601,-0.5494779391949812,-1.2252866807654765,-0.08586290550286318,1.6627124025513218,-1.1562515639233817,0.0,1.0,0.0,0.0,1.0,0.0,0.0,1.0,0.0,1.0,0.0,1.0,0.0
0.12281554155601981,2.3500721957406223,0.9901684893249384,-1.2252866807654765,-0.9087752777100041,0.6666729648059345,2.0016474442315153,1.0,0.0,0.0,0.0,0.0,1.0,0.0,0.0,1.0,1.0,0.0,1.0,0.0
-0.7364308077245265,0.43331793842073607,-0.6113130668581084,-1.2252866807654765,0.5541800506582465,1.1672797991013435,-0.10361856120508274,0.0,0.0,1.0,0.0,0.0,1.0,0.0,1.0,0.0,1.0,0.0,1.0,0.0
0.1705514498493835,-1.5440550499853258,-0.47430942099717394,-1.2252866807654765,-0.08586290550286318,1.2190221075556493,-1.1562515639233817,1.0,0.0,0.0,0.0,0.0,0.0,1.0,0.0,1.0,0.0,1.0,1.0,0.0
1.3639491571834756,2.0239334028720273,2.755272901727912,-1.2252866807654765,-0.36016702957191016,2.425911452252333,2.0016474442315153,0.0,1.0,0.0,0.0,0.0,0.0,1.0,1.0,0.0,0.0,1.0,0.0,1.0
-0.4977512662577081,1.6767533975602962,-0.07575521371511926,-0.42379089612738885,-0.5430364456179415,-0.1547361819061709,0.9490144415132162,0.0,1.0,0.0,0.0,1.0,0.0,0.0,0.0,1.0,0.0,1.0,0.0,1.0
-0.8796385326046176,1.6051130790039077,-0.6265288983602231,-1.2252866807654765,2.4743089191415755,0.7378186389306051,0.9490144415132162,1.0,0.0,0.0,1.0,0.0,0.0,0.0,1.0,0.0,1.0,0.0,1.0,0.0
1.9845159649972033,-1.750960305676155,0.15088524211137694,1.1792006731487863,-0.17729761352587883,-0.8972383082254599,-1.1562515639233817,1.0,0.0,0.0,0.0,1.0,0.0,0.0,0.0,1.0,0.0,1.0,1.0,0.0
-0.020392183324071236,0.5891231067496657,0.22651587578133422,0.3777048885106987,1.1027882987963404,-1.7328765897624994,-0.10361856120508274,0.0,1.0,0.0,1.0,0.0,0.0,0.0,0.0,1.0,1.0,0.0,0.0,1.0
-1.0228462574847086,-0.9619148390585858,-0.9688409343553187,-0.42379089612738885,-0.17729761352587883,-0.05254512270891677,-1.1562515639233817,1.0,0.0,0.0,0.0,0.0,1.0,0.0,0.0,1.0,1.0,0.0,0.0,1.0
0.12281554155601981,0.7694763562622527,0.3759898435745512,-1.2252866807654765,-0.9087752777100041,0.7352315235078895,0.9490144415132162,0.0,1.0,0.0,0.0,0.0,1.0,0.0,1.0,0.0,1.0,0.0,1.0,0.0
0.12281554155601981,0.37320018858320686,0.28688310723880855,1.1792006731487863,-0.36016702957191016,1.925304617956924,0.9490144415132162,0.0,1.0,0.0,0.0,1.0,0.0,0.0,1.0,0.0,1.0,0.0,1.0,0.0
-0.7364308077245265,-0.1798831099220613,-0.6887921624166656,-1.2252866807654765,-0.9087752777100041,1.8153522124915242,-0.10361856120508274,1.0,0.0,0.0,0.0,0.0,0.0,1.0,0.0,1.0,0.0,1.0,1.0,0.0
0.5047028079029293,-0.7810606082973524,0.04268905928638003,-1.2252866807654765,0.005571802520152484,-1.1391336002493397,-1.1562515639233817,0.0,0.0,1.0,0.0,0.0,1.0,0.0,0.0,1.0,0.0,1.0,1.0,0.0
0.8388541659564751,0.6692801065330375,1.168898443994709,1.1792006731487863,0.8284841747272934,1.3535521095368446,0.9490144415132162,0.0,1.0,0.0,0.0,0.0,1.0,0.0,1.0,0.0,1.0,0.0,0.0,1.0
-1.2137898906581635,-0.5866798838226748,-1.0878016893551032,1.980696457786874,0.005571802520152484,-0.3733474351256132,-1.1562515639233817,1.0,0.0,0.0,1.0,0.0,0.0,0.0,0.0,1.0,0.0,1.0,0.0,1.0
1.9367800567038396,-1.6743101746333056,0.19070872250547785,1.980696457786874,0.09700651054316815,-0.6967368629650248,-1.1562515639233817,0.0,1.0,0.0,0.0,0.0,1.0,0.0,1.0,0.0,0.0,1.0,1.0,0.0
-0.5932230828444355,1.0966171116281402,-0.35255558571718887,0.3777048885106987,1.9257006710034816,0.3704482489050334,0.9490144415132162,0.0,1.0,0.0,1.0,0.0,0.0,0.0,0.0,1.0,0.0,1.0,0.0,1.0
-0.9273744408979813,-0.6132318900009169,-0.865163969015318,-1.2252866807654765,-0.5430364456179415,1.9718726955657997,-0.10361856120508274,1.0,0.0,0.0,0.0,0.0,1.0,0.0,0.0,1.0,0.0,1.0,1.0,0.0
-0.06812809161743492,-0.43738747172614434,-0.17067916834733818,0.3777048885106987,-1.0002099857330198,-0.4380253206934955,-0.10361856120508274,0.0,1.0,0.0,0.0,0.0,1.0,0.0,1.0,0.0,0.0,1.0,0.0,1.0
-0.5454871745510718,0.45636307585845526,-0.40741141058769775,-1.2252866807654765,-0.6344711536409572,-0.2853855107532931,-0.10361856120508274,1.0,0.0,0.0,0.0,0.0,1.0,0.0,1.0,0.0,1.0,0.0,1.0,0.0
-0.9273744408979813,-0.8772490080373987,-0.8892143610144174,-0.42379089612738885,-1.0002099857330198,-0.9088803276276788,-1.1562515639233817,0.0,1.0,0.0,1.0,0.0,0.0,0.0,1.0,0.0,1.0,0.0,1.0,0.0
-1.2137898906581635,0.9598492307477614,-1.0682025566833309,-0.42379089612738885,-0.08586290550286318,-0.1922493555355427,0.9490144415132162,0.0,1.0,0.0,1.0,0.0,0.0,0.0,0.0,1.0,1.0,0.0,1.0,0.0
0.26602326643611085,1.3636401171564987,0.8625770483011763,-0.42379089612738885,-0.9087752777100041,1.279819319989459,0.9490144415132162,1.0,0.0,0.0,0.0,0.0,1.0,0.0,1.0,0.0,1.0,0.0,1.0,0.0
-0.9273744408979813,-0.15683797248434175,-0.8250278810959389,0.3777048885106987,-0.9087752777100041,1.8593331746776844,-1.1562515639233817,1.0,0.0,0.0,0.0,0.0,1.0,0.0,0.0,1.0,0.0,1.0,1.0,0.0
1.2684773405967482,-0.5295680214770221,0.7787710482636248,-0.42379089612738885,-0.9087752777100041,0.8348354672824285,-1.1562515639233817,0.0,1.0,0.0,1.0,0.0,0.0,0.0,0.0,1.0,1.0,0.0,1.0,0.0
-0.020392183324071236,0.39674630726957233,0.11271994076440228,0.3777048885106987,0.4627453426352308,-0.8377346535030082,-0.10361856120508274,0.0,0.0,1.0,0.0,0.0,1.0,0.0,0.0,1.0,0.0,1.0,1.0,0.0
-1.0705821657780723,-1.5696050936662758,-1.0300032762575215,-0.42379089612738885,-0.2687323215488945,0.8425968135505743,-1.1562515639233817,1.0,0.0,0.0,0.0,0.0,0.0,1.0,0.0,1.0,1.0,0.0,1.0,0.0
0.31375917472947457,-0.5871808650713208,0.021173506568338385,-1.2252866807654765,1.0113535907733249,1.7235096149851317,-0.10361856120508274,1.0,0.0,0.0,0.0,0.0,1.0,0.0,1.0,0.0,1.0,0.0,1.0,0.0
-0.11586399991079861,0.3621786011129932,0.029743030250413787,-1.2252866807654765,-0.2687323215488945,-0.47424493661150957,-0.10361856120508274,0.0,1.0,0.0,0.0,1.0,0.0,0.0,1.0,0.0,1.0,0.0,0.0,1.0
1.2207414323033845,1.1963123801087092,1.9576344135339836,-0.42379089612738885,-0.2687323215488945,0.21651488125347343,0.9490144415132162,0.0,1.0,0.0,1.0,0.0,0.0,0.0,0.0,1.0,0.0,1.0,0.0,1.0
-0.5454871745510718,-0.08920550391712144,-0.5042381936346519,-0.42379089612738885,1.194223006819356,-0.14826839334938266,-0.10361856120508274,0.0,1.0,0.0,0.0,0.0,0.0,1.0,1.0,0.0,1.0,0.0,1.0,0.0
1.5071568820635666,0.8586510185212543,2.0096427915981567,-1.2252866807654765,0.4627453426352308,-0.2013042595150461,0.9490144415132162,1.0,0.0,0.0,0.0,1.0,0.0,0.0,1.0,0.0,1.0,0.0,1.0,0.0
2.175459598170658,0.7529439750569323,2.668334030621814,0.3777048885106987,-0.9087752777100041,-1.9256166887547888,0.9490144415132162,0.0,0.0,1.0,0.0,0.0,0.0,1.0,0.0,1.0,0.0,1.0,1.0,0.0
-0.4022794496709807,0.16930082038425356,-0.28340816028886506,0.3777048885106987,-0.9087752777100041,-0.381108781393759,0.9490144415132162,1.0,0.0,0.0,0.0,0.0,1.0,0.0,0.0,1.0,0.0,1.0,1.0,0.0
-0.21133581649752597,0.6597614628087622,0.012767082464669021,-1.2252866807654765,-0.45160173759492583,0.10009468723128527,-0.10361856120508274,0.0,1.0,0.0,0.0,0.0,1.0,0.0,1.0,0.0,0.0,1.0,0.0,1.0
-1.118318074071436,-0.7214438397084691,-1.0419095454811504,1.1792006731487863,-0.45160173759492583,-0.46001580178657553,-1.1562515639233817,1.0,0.0,0.0,0.0,0.0,1.0,0.0,0.0,1.0,0.0,1.0,0.0,1.0
-0.4022794496709807,-1.7905378243191954,-0.7633014864850826,-1.2252866807654765,-0.9087752777100041,-0.9929615788659258,-1.1562515639233817,0.0,1.0,0.0,0.0,0.0,1.0,0.0,0.0,1.0,1.0,0.0,1.0,0.0
-0.7841667160178902,-1.0616101075391546,-0.8469239994969276,0.3777048885106987,0.37131063461221514,2.0805315433198417,-1.1562515639233817,1.0,0.0,0.0,1.0,0.0,0.0,0.0,0.0,1.0,1.0,0.0,1.0,0.0
0.26602326643611085,0.5330132069013049,0.441460732672976,-0.42379089612738885,-1.0002099857330198,-1.1973436972604339,0.9490144415132162,0.0,1.0,0.0,0.0,1.0,0.0,0.0,0.0,1.0,1.0,0.0,1.0,0.0
-0.06812809161743492,-0.9198324141723152,-0.37907285883967723,-0.42379089612738885,-0.7259058616639729,0.07292997529277477,-1.1562515639233817,0.0,1.0,0.0,0.0,1.0,0.0,0.0,0.0,1.0,1.0,0.0,1.0,0.0
-0.7364308077245265,-1.2053917259005786,-0.8340187453555629,1.1792006731487863,-1.0002099857330198,-0.37593455054832836,-1.1562515639233817,1.0,0.0,0.0,0.0,0.0,1.0,0.0,1.0,0.0,0.0,1.0,1.0,0.0
-0.7841667160178902,0.8346039185862425,-0.5865830932823177,-1.2252866807654765,-0.7259058616639729,-0.857138019173373,-0.10361856120508274,1.0,0.0,0.0,0.0,0.0,1.0,0.0,0.0,1.0,0.0,1.0,0.0,1.0
0.3614950830228382,1.0650552929634378,0.7905074220930808,0.3777048885106987,0.9199188827503091,1.3315616284437648,0.9490144415132162,1.0,0.0,0.0,0.0,0.0,0.0,1.0,0.0,1.0,1.0,0.0,1.0,0.0
-1.118318074071436,-0.7965910270053805,-1.0418823622180828,-1.2252866807654765,-1.0002099857330198,0.7714511394259037,-1.1562515639233817,1.0,0.0,0.0,1.0,0.0,0.0,0.0,1.0,0.0,1.0,0.0,1.0,0.0
1.2207414323033845,-0.5806681088389221,0.6962970281163876,-0.42379089612738885,0.27987592658919946,0.10526891807671593,-1.1562515639233817,1.0,0.0,0.0,0.0,1.0,0.0,0.0,0.0,1.0,0.0,1.0,0.0,1.0
-1.0705821657780723,0.7489361250677637,-0.9532581288017908,-0.42379089612738885,0.18844121856618382,2.215061545301037,0.9490144415132162,1.0,0.0,0.0,0.0,0.0,1.0,0.0,0.0,1.0,0.0,1.0,1.0,0.0
0.40923099131620194,0.025018220774183933,0.3591226288410769,-0.42379089612738885,-0.36016702957191016,-0.05383868042027471,-0.10361856120508274,0.0,1.0,0.0,0.0,0.0,1.0,0.0,1.0,0.0,1.0,0.0,1.0,0.0
-0.21133581649752597,-1.3957646003860873,-0.5988155616627583,-0.42379089612738885,1.3770924228653874,-1.5530720678837866,-1.1562515639233817,1.0,0.0,0.0,0.0,0.0,1.0,0.0,1.0,0.0,0.0,1.0,0.0,1.0
1.316213248890112,0.31208047624838564,1.421655219813446,-0.42379089612738885,2.7486130432106224,0.25014738174877216,-0.10361856120508274,1.0,0.0,0.0,0.0,0.0,1.0,0.0,1.0,0.0,0.0,1.0,0.0,1.0
1.6026286986502938,-0.28058034089992245,1.175510772735914,-0.42379089612738885,-0.45160173759492583,0.6019950792380522,-0.10361856120508274,0.0,1.0,0.0,1.0,0.0,0.0,0.0,0.0,1.0,0.0,1.0,0.0,1.0
-0.11586399991079861,-0.6738506210870921,-0.33719704208396895,-1.2252866807654765,0.005571802520152484,-0.7161402286353894,-1.1562515639233817,1.0,0.0,0.0,0.0,0.0,1.0,0.0,0.0,1.0,0.0,1.0,0.0,1.0
1.316213248890112,-0.8987912017291799,0.5264220213909027,0.3777048885106987,-1.0002099857330198,-0.34876983860981786,-1.1562515639233817,0.0,0.0,1.0,1.0,0.0,0.0,0.0,0.0,1.0,1.0,0.0,0.0,1.0
-1.1660539823647997,1.4277657169831965,-0.9860003691667701,-0.42379089612738885,-0.08586290550286318,2.4957635686656463,-0.10361856120508274,1.0,0.0,0.0,1.0,0.0,0.0,0.0,0.0,1.0,1.0,0.0,0.0,1.0
-0.7841667160178902,1.509926641761153,-0.4964298013184707,-0.42379089612738885,0.37131063461221514,-1.9256166887547888,2.0016474442315153,1.0,0.0,0.0,0.0,1.0,0.0,0.0,1.0,0.0,0.0,1.0,1.0,0.0
-0.8796385326046176,-0.5896857713145514,-0.8855582121318192,-0.42379089612738885,0.6456147586812622,-0.22846897145355696,-1.1562515639233817,0.0,1.0,0.0,0.0,0.0,0.0,1.0,1.0,0.0,1.0,0.0,1.0,0.0
-0.4977512662577081,-0.7870723832811052,-0.5978913307184583,-1.2252866807654765,-0.36016702957191016,-0.19742358638097338,-1.1562515639233817,0.0,0.0,1.0,1.0,0.0,0.0,0.0,1.0,0.0,1.0,0.0,0.0,1.0
-0.4977512662577081,-0.16785955995455537,-0.466868002732406,-1.2252866807654765,-0.5430364456179415,0.44547459616377705,-0.10361856120508274,1.0,0.0,0.0,0.0,1.0,0.0,0.0,1.0,0.0,0.0,1.0,1.0,0.0
-0.7364308077245265,-0.4879865778393979,-0.7122037477336755,0.3777048885106987,-1.0002099857330198,-0.2905597415987238,-1.1562515639233817,1.0,0.0,0.0,0.0,0.0,1.0,0.0,1.0,0.0,1.0,0.0,0.0,1.0
0.9820618908365661,-0.687377114800536,0.42472263843907304,0.3777048885106987,-0.7259058616639729,0.31482526731665444,-0.10361856120508274,0.0,1.0,0.0,0.0,0.0,1.0,0.0,1.0,0.0,0.0,1.0,0.0,1.0
-0.354543541377617,-0.17938212867341496,-0.35268470621676007,-1.2252866807654765,-0.5430364456179415,-0.25304656796935193,-0.10361856120508274,0.0,0.0,1.0,0.0,0.0,0.0,1.0,1.0,0.0,1.0,0.0,0.0,1.0
-0.7841667160178902,-0.9393706828695122,-0.8398087803889713,-0.42379089612738885,-0.2687323215488945,1.7442065383668537,-0.10361856120508274,1.0,0.0,0.0,1.0,0.0,0.0,0.0,1.0,0.0,0.0,1.0,0.0,1.0
1.8413082401171124,0.15827923291403995,1.7615547412112884,-1.2252866807654765,-0.2687323215488945,1.3263873975983338,-0.10361856120508274,0.0,0.0,1.0,1.0,0.0,0.0,0.0,0.0,1.0,0.0,1.0,1.0,0.0
1.1730055240100208,-2.071588304809644,-0.3816824520941712,-0.42379089612738885,-0.08586290550286318,2.0559539468040464,-1.1562515639233817,1.0,0.0,0.0,0.0,1.0,0.0,0.0,1.0,0.0,0.0,1.0,0.0,1.0
-0.9273744408979813,2.0394638215800547,-0.6680785159591196,-0.42379089612738885,0.37131063461221514,-0.9683839823501305,2.0016474442315153,1.0,0.0,0.0,1.0,0.0,0.0,0.0,0.0,1.0,1.0,0.0,1.0,0.0
-1.1660539823647997,1.212343780065384,-0.9781240186929199,0.3777048885106987,-0.7259058616639729,-0.6863884012741637,0.9490144415132162,1.0,0.0,0.0,0.0,0.0,1.0,0.0,0.0,1.0,1.0,0.0,1.0,0.0
-0.21133581649752597,-0.8376714893943588,-0.43751007861934854,2.7821922424249617,-0.9087752777100041,0.38855805686404055,-1.1562515639233817,0.0,0.0,1.0,0.0,1.0,0.0,0.0,0.0,1.0,0.0,1.0,1.0,0.0
0.4569668996095656,-0.7985949519999648,0.03560781925725827,0.3777048885106987,-1.0002099857330198,-0.6359396505312154,-1.1562515639233817,0.0,0.0,1.0,1.0,0.0,0.0,0.0,1.0,0.0,0.0,1.0,1.0,0.0
1.2684773405967482,0.5480426443606871,1.4997799178698599,0.3777048885106987,0.6456147586812622,-0.06289358439977809,-0.10361856120508274,0.0,1.0,0.0,1.0,0.0,0.0,0.0,1.0,0.0,0.0,1.0,1.0,0.0
-1.118318074071436,0.2654892201243002,-0.9572880475515693,1.1792006731487863,-1.0002099857330198,1.3328551861551219,0.9490144415132162,0.0,1.0,0.0,0.0,0.0,1.0,0.0,0.0,1.0,1.0,0.0,0.0,1.0
0.7911182576631114,0.011491727060739726,0.7298411747418625,-0.42379089612738885,0.5541800506582465,-0.3927508007959779,-0.10361856120508274,0.0,0.0,1.0,0.0,0.0,1.0,0.0,1.0,0.0,0.0,1.0,0.0,1.0
1.0297977991299299,0.18032240785446718,1.0533831675887486,0.3777048885106987,-1.0002099857330198,0.2993025747803629,-0.10361856120508274,0.0,1.0,0.0,0.0,0.0,1.0,0.0,0.0,1.0,1.0,0.0,1.0,0.0
-0.8319026243112538,0.22941857022178283,-0.6806711625752064,0.3777048885106987,-0.17729761352587883,0.19969863100582425,-0.10361856120508274,1.0,0.0,0.0,0.0,0.0,1.0,0.0,0.0,1.0,0.0,1.0,1.0,0.0
-0.020392183324071236,-0.12227026632776228,-0.040063589307300446,-0.42379089612738885,-0.6344711536409572,0.711947484703452,-0.10361856120508274,0.0,1.0,0.0,0.0,1.0,0.0,0.0,0.0,1.0,1.0,0.0,1.0,0.0
0.26602326643611085,1.2419016737355026,0.7763653294821381,-0.42379089612738885,-0.17729761352587883,-0.17284598986517802,2.0016474442315153,1.0,0.0,0.0,0.0,0.0,1.0,0.0,0.0,1.0,0.0,1.0,0.0,1.0
1.316213248890112,0.23342642021095134,1.3416888556841993,1.1792006731487863,0.27987592658919946,0.7611026777350425,-0.10361856120508274,0.0,0.0,1.0,0.0,1.0,0.0,0.0,0.0,1.0,1.0,0.0,1.0,0.0
1.9845159649972033,2.3495712144919763,3.957568239762581,1.1792006731487863,0.9199188827503091,-1.8130771678666737,2.0016474442315153,0.0,1.0,0.0,0.0,1.0,0.0,0.0,0.0,1.0,1.0,0.0,1.0,0.0
-0.6409589911377991,-0.7810606082973524,-0.7168045150078745,-0.42379089612738885,0.18844121856618382,-1.1650047544764928,-1.1562515639233817,0.0,1.0,0.0,0.0,0.0,0.0,1.0,1.0,0.0,0.0,1.0,1.0,0.0
-0.7364308077245265,-0.5190474152554545,-0.7042594391021559,0.3777048885106987,-0.9087752777100041,-0.037022430172625166,-0.10361856120508274,1.0,0.0,0.0,0.0,1.0,0.0,0.0,0.0,1.0,1.0,0.0,0.0,1.0
-1.0705821657780723,-1.1613053760197238,-1.0488344817476332,-0.42379089612738885,0.4627453426352308,0.25273449717148766,-1.1562515639233817,1.0,0.0,0.0,0.0,0.0,0.0,1.0,0.0,1.0,0.0,1.0,0.0,1.0
-0.354543541377617,-1.519506968801668,-0.675254897408978,0.3777048885106987,0.5541800506582465,-1.4728714897796125,-1.1562515639233817,0.0,1.0,0.0,0.0,0.0,1.0,0.0,0.0,1.0,1.0,0.0,1.0,0.0
-0.7364308077245265,1.8851615969970636,-0.39895061995789316,0.3777048885106987,-0.2687323215488945,-0.8972383082254599,2.0016474442315153,1.0,0.0,0.0,0.0,1.0,0.0,0.0,1.0,0.0,1.0,0.0,0.0,1.0
0.9820618908365661,0.18182535160040547,0.9833318986634255,0.3777048885106987,-0.6344711536409572,-1.796260917619024,-0.10361856120508274,0.0,1.0,0.0,0.0,1.0,0.0,0.0,0.0,1.0,0.0,1.0,1.0,0.0
-0.7841667160178902,1.7143269912087518,-0.4347985481283509,-0.42379089612738885,0.4627453426352308,2.789401169143832,0.9490144415132162,0.0,1.0,0.0,0.0,1.0,0.0,0.0,1.0,0.0,1.0,0.0,0.0,1.0
-1.0228462574847086,-1.115716082392931,-1.0167990062224126,-1.2252866807654765,-0.8173405696869884,1.8153522124915242,-1.1562515639233817,1.0,0.0,0.0,0.0,0.0,0.0,1.0,0.0,1.0,1.0,0.0,1.0,0.0
-1.0228462574847086,0.07211045814691495,-0.9182732692337308,-1.2252866807654765,0.005571802520152484,-0.999429367422714,-0.10361856120508274,1.0,0.0,0.0,0.0,0.0,1.0,0.0,0.0,1.0,1.0,0.0,1.0,0.0
-0.30680763308425335,-0.6903830022924126,-0.43268504942484143,-0.42379089612738885,0.8284841747272934,0.6964247921671601,-1.1562515639233817,1.0,0.0,0.0,0.0,0.0,1.0,0.0,1.0,0.0,0.0,1.0,1.0,0.0
-0.1635999082041623,1.0520297804986396,0.1822343402441393,-1.2252866807654765,-0.8173405696869884,-0.3190180112485922,2.0016474442315153,1.0,0.0,0.0,0.0,0.0,1.0,0.0,0.0,1.0,1.0,0.0,0.0,1.0
-0.6409589911377991,1.78095749727868,-0.22170894894107604,0.3777048885106987,-0.7259058616639729,0.8477710443960049,2.0016474442315153,0.0,1.0,0.0,0.0,0.0,0.0,1.0,0.0,1.0,0.0,1.0,0.0,1.0
0.6956464410763841,1.0410081930284258,1.1906518502645926,1.1792006731487863,0.09700651054316815,0.2721378628418524,0.9490144415132162,1.0,0.0,0.0,1.0,0.0,0.0,0.0,0.0,1.0,1.0,0.0,0.0,1.0
-0.020392183324071236,-0.44590415295312735,-0.1341312711528885,-0.42379089612738885,-0.5430364456179415,-1.277544275364608,-0.10361856120508274,1.0,0.0,0.0,1.0,0.0,0.0,0.0,0.0,1.0,1.0,0.0,1.0,0.0
0.9343259825432024,1.6697396600792511,1.8865026099017217,-1.2252866807654765,-0.7259058616639729,-0.6488752276447918,2.0016474442315153,0.0,0.0,1.0,0.0,0.0,0.0,1.0,0.0,1.0,0.0,1.0,1.0,0.0
0.07507963326265613,0.34464425741038013,0.2195569604360169,0.3777048885106987,0.18844121856618382,0.30318324791443596,-0.10361856120508274,0.0,0.0,1.0,0.0,0.0,1.0,0.0,0.0,1.0,0.0,1.0,1.0,0.0
0.07507963326265613,-0.9328579266371131,-0.2596771716308103,1.980696457786874,0.005571802520152484,0.12079161061300753,-1.1562515639233817,0.0,1.0,0.0,0.0,1.0,0.0,0.0,0.0,1.0,1.0,0.0,0.0,1.0
-0.5932230828444355,-0.6367780086872824,-0.6309393827929486,-1.2252866807654765,-0.8173405696869884,0.649856714558285,-1.1562515639233817,0.0,1.0,0.0,1.0,0.0,0.0,0.0,0.0,1.0,0.0,1.0,1.0,0.0
-0.9273744408979813,-0.8196361644431001,-0.9094998710786482,0.3777048885106987,-0.2687323215488945,-1.8130771678666737,-1.1562515639233817,0.0,1.0,0.0,0.0,0.0,1.0,0.0,1.0,0.0,0.0,1.0,1.0,0.0
-0.6409589911377991,0.2755088450972219,-0.48910391192174013,-0.42379089612738885,0.4627453426352308,-0.3474762808984603,0.9490144415132162,0.0,1.0,0.0,0.0,0.0,1.0,0.0,0.0,1.0,0.0,1.0,1.0,0.0
0.6479105327830204,0.10768012680078674,0.659497685738562,-1.2252866807654765,-1.0002099857330198,-0.6579301316242954,-0.10361856120508274,0.0,0.0,1.0,0.0,0.0,1.0,0.0,0.0,1.0,0.0,1.0,0.0,1.0
0.2182873581427472,-1.5620903749365846,-0.4324607875045334,1.1792006731487863,-0.8173405696869884,-1.4172485081912338,-1.1562515639233817,0.0,1.0,0.0,1.0,0.0,0.0,0.0,1.0,0.0,1.0,0.0,1.0,0.0
-0.11586399991079861,-1.2099005571383932,-0.4700280570640198,-0.42379089612738885,-0.8173405696869884,1.0353369125428638,-1.1562515639233817,1.0,0.0,0.0,0.0,0.0,1.0,0.0,0.0,1.0,0.0,1.0,0.0,1.0
-1.0705821657780723,0.045057470720026895,-0.9126735170417957,-0.42379089612738885,0.6456147586812622,-0.7006175360990976,-0.10361856120508274,1.0,0.0,0.0,0.0,0.0,1.0,0.0,0.0,1.0,1.0,0.0,1.0,0.0
2.175459598170658,0.21789600150292288,2.167937728256825,-1.2252866807654765,-0.7259058616639729,0.3199994981620851,-0.10361856120508274,0.0,0.0,1.0,0.0,0.0,1.0,0.0,0.0,1.0,1.0,0.0,1.0,0.0
-0.7841667160178902,0.512472975706816,-0.5947244805710776,1.1792006731487863,0.5541800506582465,0.5644819056086804,0.9490144415132162,1.0,0.0,0.0,0.0,1.0,0.0,0.0,0.0,1.0,1.0,0.0,1.0,0.0
-0.8796385326046176,0.41327868847489274,-0.7482419587456068,-0.42379089612738885,1.3770924228653874,0.5851788289904026,-0.10361856120508274,1.0,0.0,0.0,0.0,0.0,1.0,0.0,1.0,0.0,1.0,0.0,1.0,0.0
1.6026286986502938,1.9547979905588682,3.001804710304158,1.1792006731487863,-0.08586290550286318,0.6692600802286496,0.9490144415132162,1.0,0.0,0.0,0.0,0.0,1.0,0.0,0.0,1.0,0.0,1.0,0.0,1.0
-0.9751103491913449,-0.8832607830211519,-0.9233633352431474,-0.42379089612738885,-1.0002099857330198,-1.0421167718975164,-1.1562515639233817,0.0,0.0,1.0,0.0,0.0,1.0,0.0,1.0,0.0,1.0,0.0,1.0,0.0
2.1277236898772944,0.29805300128629547,2.1886513747143708,-0.42379089612738885,1.0113535907733249,-1.734170147473857,-0.10361856120508274,0.0,1.0,0.0,1.0,0.0,0.0,0.0,1.0,0.0,1.0,0.0,1.0,0.0
1.8890441484104759,0.7128654751652463,2.314455516191435,0.3777048885106987,-1.0002099857330198,-0.7355435943057541,0.9490144415132162,0.0,1.0,0.0,0.0,0.0,1.0,0.0,1.0,0.0,1.0,0.0,0.0,1.0
1.3639491571834756,-1.5445560312339721,0.08228148194440602,-0.42379089612738885,-0.17729761352587883,0.08069132156092057,-1.1562515639233817,0.0,1.0,0.0,0.0,1.0,0.0,0.0,1.0,0.0,1.0,0.0,1.0,0.0
1.316213248890112,1.5034138855287542,2.285301466551385,3.5836880270630487,0.7370494667042777,0.7701575817145462,2.0016474442315153,0.0,1.0,0.0,0.0,0.0,1.0,0.0,0.0,1.0,1.0,0.0,0.0,1.0
-0.9751103491913449,0.21939894524886117,-0.8528499508456744,-0.42379089612738885,-0.7259058616639729,-1.291773410189542,-0.10361856120508274,0.0,1.0,0.0,0.0,1.0,0.0,0.0,0.0,1.0,0.0,1.0,1.0,0.0
1.7935723318237486,-0.3171519720510858,1.2883552935454783,-1.2252866807654765,0.27987592658919946,-0.717433786346747,-0.10361856120508274,0.0,1.0,0.0,0.0,0.0,1.0,0.0,0.0,1.0,1.0,0.0,1.0,0.0
1.6026286986502938,-1.3025820881379173,0.4083719057038842,-1.2252866807654765,2.3828742111185597,0.8037900822098449,-1.1562515639233817,0.0,0.0,1.0,0.0,1.0,0.0,0.0,1.0,0.0,1.0,0.0,1.0,0.0
-0.9751103491913449,-1.2640065319921696,-0.9218886432217277,-0.42379089612738885,-0.36016702957191016,-0.6902690744082365,-1.1562515639233817,1.0,0.0,0.0,0.0,0.0,0.0,1.0,0.0,1.0,0.0,1.0,1.0,0.0
2.0799877815839305,-0.4018178030722729,1.4609214433146602,-1.2252866807654765,1.7428312549574503,0.8115514284779907,-0.10361856120508274,0.0,1.0,0.0,1.0,0.0,0.0,0.0,0.0,1.0,0.0,1.0,1.0,0.0
-1.1660539823647997,1.3491116609457623,-1.0092080800107726,0.3777048885106987,0.09700651054316815,0.031536128529330236,2.0016474442315153,1.0,0.0,0.0,0.0,1.0,0.0,0.0,0.0,1.0,1.0,0.0,1.0,0.0
1.9367800567038396,-0.6402848774278049,1.1911887197101787,-1.2252866807654765,0.37131063461221514,0.9215038339433906,-1.1562515639233817,0.0,1.0,0.0,0.0,0.0,0.0,1.0,1.0,0.0,0.0,1.0,0.0,1.0
-0.8796385326046176,-1.0530934263121716,-0.9042670929381263,1.1792006731487863,-0.9087752777100041,-1.0369425410520856,-1.1562515639233817,1.0,0.0,0.0,0.0,1.0,0.0,0.0,0.0,1.0,0.0,1.0,1.0,0.0
-0.30680763308425335,-1.1187219698848072,-0.5594270134777396,0.3777048885106987,-0.36016702957191016,-0.6773334972946601,-0.10361856120508274,1.0,0.0,0.0,0.0,0.0,1.0,0.0,0.0,1.0,0.0,1.0,1.0,0.0
-0.7841667160178902,-0.523055265244623,-0.7631383869066767,-0.42379089612738885,0.4627453426352308,-0.5453906107361801,-0.10361856120508274,0.0,0.0,1.0,0.0,0.0,1.0,0.0,0.0,1.0,0.0,1.0,1.0,0.0
0.12281554155601981,-1.4779255251640437,-0.4579858715250527,3.5836880270630487,0.005571802520152484,-0.4845933983023707,-1.1562515639233817,0.0,1.0,0.0,0.0,0.0,1.0,0.0,1.0,0.0,0.0,1.0,0.0,1.0
1.459420973770203,-0.647799596157496,0.8130219597288584,-0.42379089612738885,-0.8173405696869884,-1.9256166887547888,-1.1562515639233817,0.0,1.0,0.0,0.0,0.0,1.0,0.0,0.0,1.0,1.0,0.0,1.0,0.0
0.7433823493697477,-0.984458995247659,0.09228492275329966,0.3777048885106987,1.559961838911419,-0.395337916218693,-1.1562515639233817,1.0,0.0,0.0,1.0,0.0,0.0,0.0,0.0,1.0,1.0,0.0,1.0,0.0
1.9367800567038396,0.01299467080667801,1.759115043350967,1.1792006731487863,3.0229171672796693,0.8115514284779907,-0.10361856120508274,0.0,0.0,1.0,0.0,0.0,1.0,0.0,0.0,1.0,1.0,0.0,1.0,0.0
-0.9273744408979813,-0.24000085975959018,-0.8765537562406616,0.3777048885106987,-0.8173405696869884,-1.3486899494892786,-0.10361856120508274,0.0,1.0,0.0,1.0,0.0,0.0,0.0,1.0,0.0,0.0,1.0,1.0,0.0
-0.8319026243112538,2.1481767525362536,-0.505842006155643,-0.42379089612738885,-1.0002099857330198,1.0249884508520024,2.0016474442315153,1.0,0.0,0.0,0.0,0.0,1.0,0.0,0.0,1.0,0.0,1.0,1.0,0.0
-0.21133581649752597,0.2830235638269133,-0.09608829448971831,2.7821922424249617,-1.0002099857330198,-0.35911830030067915,0.9490144415132162,0.0,1.0,0.0,0.0,0.0,1.0,0.0,1.0,0.0,0.0,1.0,1.0,0.0
-0.7364308077245265,-0.4023187843209189,-0.7283030352854887,-0.42379089612738885,-0.6344711536409572,-0.7588276331101917,-1.1562515639233817,1.0,0.0,0.0,1.0,0.0,0.0,0.0,1.0,0.0,0.0,1.0,1.0,0.0
-0.6886948994311628,-0.5005111090555499,-0.7381365807002095,1.1792006731487863,-1.0002099857330198,1.2940484548143925,-0.10361856120508274,0.0,0.0,1.0,0.0,0.0,1.0,0.0,1.0,0.0,1.0,0.0,0.0,1.0
-0.21133581649752597,-0.1523291412465269,-0.2398673686702634,-0.42379089612738885,-0.9087752777100041,0.5166202702884476,-0.10361856120508274,1.0,0.0,0.0,0.0,1.0,0.0,0.0,0.0,1.0,1.0,0.0,1.0,0.0
-0.8319026243112538,-0.09621924139816652,-0.7606239350729194,0.3777048885106987,3.114351875302685,-1.393964469386796,-0.10361856120508274,1.0,0.0,0.0,1.0,0.0,0.0,0.0,0.0,1.0,1.0,0.0,1.0,0.0
-0.6409589911377991,-1.2554898507651862,-0.8331624725689319,-0.42379089612738885,-0.9087752777100041,-1.3810288922732197,-0.10361856120508274,1.0,0.0,0.0,0.0,0.0,1.0,0.0,0.0,1.0,1.0,0.0,1.0,0.0
-0.6409589911377991,2.122626708855304,-0.24948344798044314,1.980696457786874,-0.36016702957191016,-0.32807291522809556,2.0016474442315153,0.0,0.0,1.0,0.0,0.0,0.0,1.0,0.0,1.0,0.0,1.0,1.0,0.0
-0.9273744408979813,0.2669921638702385,-0.7808958535056163,-0.42379089612738885,-0.6344711536409572,0.3549255563687418,-0.10361856120508274,1.0,0.0,0.0,0.0,0.0,1.0,0.0,0.0,1.0,0.0,1.0,1.0,0.0
-1.0705821657780723,-0.1463173662627741,-0.9236623511368915,0.3777048885106987,0.5541800506582465,-0.49623541770458957,-0.10361856120508274,0.0,1.0,0.0,0.0,1.0,0.0,0.0,1.0,0.0,0.0,1.0,1.0,0.0
-0.8319026243112538,-1.4859412251423811,-0.9231254816913056,-0.42379089612738885,-0.6344711536409572,-0.30996310726908843,-1.1562515639233817,0.0,0.0,1.0,0.0,0.0,0.0,1.0,1.0,0.0,0.0,1.0,1.0,0.0
0.8388541659564751,-1.0420718388419576,0.14699803549270357,-1.2252866807654765,0.5541800506582465,0.3588062295028145,-1.1562515639233817,0.0,1.0,0.0,0.0,0.0,1.0,0.0,0.0,1.0,1.0,0.0,0.0,1.0
-0.7841667160178902,-0.23699497226771396,-0.7128969209419004,1.1792006731487863,0.18844121856618382,-0.1780202207106087,-0.10361856120508274,0.0,1.0,0.0,0.0,0.0,1.0,0.0,0.0,1.0,0.0,1.0,1.0,0.0
-0.8319026243112538,-0.5175444715095162,-0.7814734978458037,1.1792006731487863,0.005571802520152484,0.6847827727649416,-0.10361856120508274,1.0,0.0,0.0,0.0,0.0,1.0,0.0,1.0,0.0,0.0,1.0,0.0,1.0
-1.2137898906581635,-1.0145178701664237,-1.089976350400515,-1.2252866807654765,-0.08586290550286318,-1.233563313178448,-1.1562515639233817,1.0,0.0,0.0,1.0,0.0,0.0,0.0,1.0,0.0,1.0,0.0,0.0,1.0
-0.4500153579643444,-1.3171105443486535,-0.7066243829890411,0.3777048885106987,-1.0002099857330198,0.06775574444734411,-1.1562515639233817,0.0,1.0,0.0,1.0,0.0,0.0,0.0,0.0,1.0,1.0,0.0,0.0,1.0
-0.7364308077245265,0.82859214360249,-0.5059711266552143,0.3777048885106987,-0.8173405696869884,-0.34876983860981786,0.9490144415132162,1.0,0.0,0.0,0.0,0.0,1.0,0.0,0.0,1.0,0.0,1.0,1.0,0.0
-0.25907172479088963,1.180280980152035,0.1335083411953843,0.3777048885106987,0.18844121856618382,0.6847827727649416,2.0016474442315153,1.0,0.0,0.0,1.0,0.0,0.0,0.0,0.0,1.0,1.0,0.0,1.0,0.0
1.8413082401171124,-1.4749196376721672,0.318381713318443,-1.2252866807654765,0.37131063461221514,1.0456853742337247,-1.1562515639233817,0.0,0.0,1.0,0.0,0.0,1.0,0.0,0.0,1.0,0.0,1.0,0.0,1.0
1.459420973770203,-0.9203333954209612,0.5740199150223503,-0.42379089612738885,-0.7259058616639729,-0.21294627891726498,-1.1562515639233817,0.0,0.0,1.0,0.0,0.0,0.0,1.0,0.0,1.0,0.0,1.0,1.0,0.0
-0.7841667160178902,1.146715236492748,-0.5318224098325454,1.1792006731487863,-0.2687323215488945,-0.30866954955773085,0.9490144415132162,1.0,0.0,0.0,0.0,1.0,0.0,0.0,0.0,1.0,1.0,0.0,0.0,1.0
0.31375917472947457,1.6682367163333127,1.0532880261680118,-0.42379089612738885,-0.17729761352587883,1.0146399891611413,0.9490144415132162,0.0,1.0,0.0,0.0,1.0,0.0,0.0,1.0,0.0,0.0,1.0,1.0,0.0
1.316213248890112,-0.6653339398601087,0.702243366912435,0.3777048885106987,0.09700651054316815,0.6809020996308685,-1.1562515639233817,0.0,0.0,1.0,0.0,1.0,0.0,0.0,1.0,0.0,1.0,0.0,1.0,0.0
-1.118318074071436,-1.8962448677835173,-1.087135699409946,-0.42379089612738885,0.5541800506582465,-1.3111767758599067,-1.1562515639233817,1.0,0.0,0.0,0.0,0.0,1.0,0.0,0.0,1.0,1.0,0.0,1.0,0.0
-0.8319026243112538,1.1331887427793041,-0.6389448537663702,-0.42379089612738885,0.005571802520152484,0.14666276484016047,-0.10361856120508274,1.0,0.0,0.0,0.0,0.0,1.0,0.0,1.0,0.0,0.0,1.0,0.0,1.0
-0.30680763308425335,0.5460387193661032,-0.09459321502099777,-0.42379089612738885,1.3770924228653874,0.08974622554042432,0.9490144415132162,0.0,1.0,0.0,0.0,0.0,1.0,0.0,0.0,1.0,1.0,0.0,1.0,0.0
-0.5932230828444355,0.04956630195784175,-0.5310272993878168,-1.2252866807654765,-0.8173405696869884,-0.27374349135107456,-0.10361856120508274,1.0,0.0,0.0,0.0,1.0,0.0,0.0,0.0,1.0,1.0,0.0,1.0,0.0
1.3639491571834756,0.06259181442263963,1.222925179341655,1.1792006731487863,0.09700651054316815,-0.12886502767901797,-0.10361856120508274,0.0,0.0,1.0,0.0,0.0,0.0,1.0,0.0,1.0,1.0,0.0,1.0,0.0
-1.118318074071436,-0.5440964776877583,-0.9680118448317555,-0.42379089612738885,0.37131063461221514,-0.17543310528789316,-0.10361856120508274,0.0,1.0,0.0,1.0,0.0,0.0,0.0,0.0,1.0,0.0,1.0,0.0,1.0
0.07507963326265613,1.776448666040865,0.7226444058447031,-0.42379089612738885,-0.8173405696869884,-1.5776496643995819,2.0016474442315153,1.0,0.0,0.0,0.0,1.0,0.0,0.0,0.0,1.0,0.0,1.0,0.0,1.0
-1.118318074071436,-0.22697534729479232,-1.0443560391572384,-1.2252866807654765,-0.36016702957191016,1.3755425906299243,-0.10361856120508274,1.0,0.0,0.0,0.0,0.0,1.0,0.0,1.0,0.0,0.0,1.0,0.0,1.0
-0.9751103491913449,-0.018567147858024543,-0.8628873707334026,0.3777048885106987,1.1027882987963404,0.07551709071548991,-0.10361856120508274,1.0,0.0,0.0,0.0,0.0,1.0,0.0,1.0,0.0,0.0,1.0,1.0,0.0
-0.8796385326046176,-0.7469938833894192,-0.8748548022989338,-0.42379089612738885,-1.0002099857330198,0.8037900822098449,-1.1562515639233817,1.0,0.0,0.0,1.0,0.0,0.0,0.0,0.0,1.0,1.0,0.0,0.0,1.0
-0.354543541377617,-0.10523690387379588,-0.34124734828104814,-0.42379089612738885,-0.7259058616639729,-0.12239723912222975,-0.10361856120508274,0.0,1.0,0.0,0.0,0.0,1.0,0.0,0.0,1.0,1.0,0.0,0.0,1.0
0.5524387161962929,-0.1282820413115154,0.41806273898749974,0.3777048885106987,-0.5430364456179415,0.3264672867188734,0.9490144415132162,0.0,1.0,0.0,1.0,0.0,0.0,0.0,0.0,1.0,1.0,0.0,1.0,0.0
-0.9751103491913449,-0.47345812162866174,-0.9110697045208047,-1.2252866807654765,0.18844121856618382,-0.8429088843484387,-0.10361856120508274,0.0,1.0,0.0,0.0,0.0,1.0,0.0,0.0,1.0,1.0,0.0,0.0,1.0
-1.0228462574847086,-0.7715419645730767,-0.9637304808986014,-0.42379089612738885,-0.08586290550286318,0.7067732538580215,-0.10361856120508274,1.0,0.0,0.0,0.0,1.0,0.0,0.0,0.0,1.0,1.0,0.0,1.0,0.0
-1.0228462574847086,-0.16685759745726306,-0.9406179114753356,-0.42379089612738885,0.7370494667042777,2.040431254267755,-0.10361856120508274,1.0,0.0,0.0,1.0,0.0,0.0,0.0,1.0,0.0,0.0,1.0,1.0,0.0
-0.354543541377617,-0.5220533027473311,-0.45236573188581697,0.3777048885106987,0.6456147586812622,0.6007015215266945,-0.10361856120508274,0.0,1.0,0.0,0.0,0.0,1.0,0.0,1.0,0.0,1.0,0.0,1.0,0.0
-1.0705821657780723,-1.7209014307573907,-1.0764730644716618,0.3777048885106987,-0.5430364456179415,1.2345448000919412,-1.1562515639233817,1.0,0.0,0.0,0.0,1.0,0.0,0.0,0.0,1.0,0.0,1.0,1.0,0.0
1.2684773405967482,-1.1793407009709824,0.28258135585835337,-1.2252866807654765,-0.8173405696869884,-1.697950531555843,-1.1562515639233817,0.0,0.0,1.0,0.0,1.0,0.0,0.0,1.0,0.0,0.0,1.0,1.0,0.0
-0.9273744408979813,-0.6973967397734576,-0.8747732525097307,-1.2252866807654765,0.09700651054316815,-0.977438886329634,-0.10361856120508274,0.0,1.0,0.0,0.0,0.0,0.0,1.0,1.0,0.0,1.0,0.0,1.0,0.0
0.2182873581427472,0.5846142755118509,0.42383918238937446,1.980696457786874,0.7370494667042777,-1.8583516877641912,0.9490144415132162,1.0,0.0,0.0,0.0,0.0,1.0,0.0,1.0,0.0,0.0,1.0,1.0,0.0
-0.4022794496709807,-0.8251469581782068,-0.5603852235008742,1.1792006731487863,-0.5430364456179415,-0.6747463818719447,-1.1562515639233817,0.0,1.0,0.0,0.0,1.0,0.0,0.0,1.0,0.0,0.0,1.0,1.0,0.0
-1.0228462574847086,0.5535534380957939,-0.8827039695097164,-0.42379089612738885,-0.6344711536409572,1.3108647050620421,-0.10361856120508274,1.0,0.0,0.0,0.0,0.0,1.0,0.0,1.0,0.0,1.0,0.0,1.0,0.0
-0.8796385326046176,-0.3121421595646254,-0.8230027279973994,0.3777048885106987,-0.36016702957191016,-1.5828238952450124,-0.10361856120508274,1.0,0.0,0.0,0.0,0.0,1.0,0.0,1.0,0.0,1.0,0.0,1.0,0.0
0.26602326643611085,0.5335141881499513,0.5171389370533015,-0.42379089612738885,-0.36016702957191016,-1.013658502247648,0.9490144415132162,0.0,1.0,0.0,0.0,0.0,0.0,1.0,0.0,1.0,1.0,0.0,1.0,0.0
0.1705514498493835,-0.6953928147788734,-0.11451854684958204,-0.42379089612738885,-0.9087752777100041,0.49851046232944046,-1.1562515639233817,0.0,1.0,0.0,0.0,0.0,1.0,0.0,1.0,0.0,1.0,0.0,1.0,0.0
1.0297977991299299,0.5826103505172662,1.3014848096071514,0.3777048885106987,1.0113535907733249,0.10397536036535836,-0.10361856120508274,0.0,0.0,1.0,0.0,1.0,0.0,0.0,0.0,1.0,1.0,0.0,1.0,0.0
-0.8319026243112538,1.4608304793938374,-0.5700080986268208,-1.2252866807654765,0.27987592658919946,0.6317469065992778,0.9490144415132162,1.0,0.0,0.0,1.0,0.0,0.0,0.0,0.0,1.0,0.0,1.0,0.0,1.0
1.4116850654768394,-0.7875733645297511,0.6840033973940447,-0.42379089612738885,1.0113535907733249,-1.1055010997540409,-1.1562515639233817,0.0,1.0,0.0,0.0,0.0,1.0,0.0,1.0,0.0,0.0,1.0,1.0,0.0
1.7935723318237486,-0.04361621029032834,1.5905788123315634,0.3777048885106987,0.7370494667042777,0.12208516832436547,-1.1562515639233817,0.0,0.0,1.0,1.0,0.0,0.0,0.0,1.0,0.0,0.0,1.0,0.0,1.0
-0.4977512662577081,2.051487371547561,-0.010365874405897462,-1.2252866807654765,1.2856577148423718,0.41572276880255105,2.0016474442315153,1.0,0.0,0.0,0.0,0.0,1.0,0.0,0.0,1.0,1.0,0.0,0.0,1.0
-1.2137898906581635,-0.3396961282401594,-1.0448045629978546,-1.2252866807654765,0.09700651054316815,1.2979291279484657,-1.1562515639233817,1.0,0.0,0.0,1.0,0.0,0.0,0.0,0.0,1.0,1.0,0.0,1.0,0.0
-0.06812809161743492,-0.7164340272220083,-0.2774414340455167,1.1792006731487863,-0.17729761352587883,2.4634246258817054,-0.10361856120508274,0.0,1.0,0.0,0.0,0.0,0.0,1.0,0.0,1.0,1.0,0.0,0.0,1.0
-1.0228462574847086,-1.0470816513284185,-0.9962008886329041,1.1792006731487863,-0.6344711536409572,-1.0964461957745375,-1.1562515639233817,1.0,0.0,0.0,0.0,0.0,1.0,0.0,0.0,1.0,1.0,0.0,0.0,1.0
1.7935723318237486,-0.14331147877089756,1.4592428768202332,-0.42379089612738885,-0.17729761352587883,-1.850590341496045,-0.10361856120508274,0.0,1.0,0.0,0.0,0.0,1.0,0.0,0.0,1.0,0.0,1.0,0.0,1.0
-1.118318074071436,-1.6783180246224743,-1.0843630065770462,0.3777048885106987,-1.0002099857330198,1.480320765249894,-1.1562515639233817,1.0,0.0,0.0,0.0,0.0,1.0,0.0,0.0,1.0,0.0,1.0,0.0,1.0
-0.7841667160178902,-0.8852647080157361,-0.7979669427120977,0.3777048885106987,-0.17729761352587883,0.6330404643106358,-0.10361856120508274,1.0,0.0,0.0,0.0,0.0,1.0,0.0,0.0,1.0,1.0,0.0,1.0,0.0
1.6981005152370212,-0.3452069219752662,1.239500173997152,-1.2252866807654765,0.5541800506582465,1.4143493219706538,-0.10361856120508274,0.0,1.0,0.0,0.0,0.0,1.0,0.0,1.0,0.0,1.0,0.0,1.0,0.0
-0.1635999082041623,-0.9033000329669948,-0.4290424921737769,0.3777048885106987,-0.7259058616639729,0.4131356533798359,-1.1562515639233817,0.0,1.0,0.0,0.0,0.0,1.0,0.0,0.0,1.0,1.0,0.0,1.0,0.0
-1.0228462574847086,0.17831848285988328,-0.876281923609985,-1.2252866807654765,-0.9087752777100041,-0.36299897343475185,-0.10361856120508274,1.0,0.0,0.0,0.0,0.0,1.0,0.0,0.0,1.0,1.0,0.0,0.0,1.0
-0.11586399991079861,0.45936896335033184,0.015702874875974715,-1.2252866807654765,-0.45160173759492583,-0.40956705104362745,0.9490144415132162,1.0,0.0,0.0,0.0,0.0,1.0,0.0,1.0,0.0,0.0,1.0,1.0,0.0
-1.118318074071436,1.7654270785706514,-0.9174034048155661,0.3777048885106987,-0.17729761352587883,-0.21423983662862256,2.0016474442315153,1.0,0.0,0.0,0.0,1.0,0.0,0.0,1.0,0.0,1.0,0.0,1.0,0.0
0.6956464410763841,1.0635523492174994,1.2708356804983805,0.3777048885106987,-0.36016702957191016,0.05093949419969493,0.9490144415132162,0.0,0.0,1.0,1.0,0.0,0.0,0.0,0.0,1.0,1.0,0.0,1.0,0.0
-0.7364308077245265,-0.5626327838876634,-0.7609501342297311,-1.2252866807654765,-0.08586290550286318,1.0055850851816377,-0.10361856120508274,1.0,0.0,0.0,0.0,1.0,0.0,0.0,0.0,1.0,1.0,0.0,1.0,0.0
0.12281554155601981,0.9448197932883793,0.5052190761981388,0.3777048885106987,0.37131063461221514,0.47005219267957205,-0.10361856120508274,0.0,0.0,1.0,0.0,1.0,0.0,0.0,0.0,1.0,1.0,0.0,0.0,1.0
-0.21133581649752597,-0.12126830383047033,-0.18420963753925887,-1.2252866807654765,1.0113535907733249,0.7171217155488827,-0.10361856120508274,0.0,0.0,1.0,0.0,0.0,0.0,1.0,1.0,0.0,0.0,1.0,0.0,1.0
0.3614950830228382,1.0780808054282354,0.820782781334671,-0.42379089612738885,0.7370494667042777,-0.2905597415987238,0.9490144415132162,0.0,1.0,0.0,0.0,1.0,0.0,0.0,0.0,1.0,1.0,0.0,0.0,1.0
-0.9751103491913449,2.1566934337632366,-0.6724550213130105,1.980696457786874,-0.6344711536409572,-1.3629190843142125,2.0016474442315153,1.0,0.0,0.0,0.0,0.0,1.0,0.0,1.0,0.0,1.0,0.0,1.0,0.0
-0.1635999082041623,-1.076138563749891,-0.49613758124049345,-1.2252866807654765,0.09700651054316815,2.206006641321533,-1.1562515639233817,1.0,0.0,0.0,0.0,1.0,0.0,0.0,1.0,0.0,0.0,1.0,1.0,0.0
-1.0705821657780723,0.3426403324157962,-0.9051981196981932,-0.42379089612738885,1.9257006710034816,1.3238002821756185,-0.10361856120508274,1.0,0.0,0.0,0.0,1.0,0.0,0.0,0.0,1.0,1.0,0.0,1.0,0.0
-0.25907172479088963,-1.2159123321221463,-0.5415064473003942,1.1792006731487863,0.005571802520152484,1.1970316264625693,-0.10361856120508274,0.0,1.0,0.0,0.0,1.0,0.0,0.0,0.0,1.0,1.0,0.0,1.0,0.0
0.31375917472947457,0.7719812625054829,0.6112677812407918,0.3777048885106987,4.485872495647921,0.16477257279916757,0.9490144415132162,0.0,0.0,1.0,0.0,0.0,1.0,0.0,0.0,1.0,1.0,0.0,1.0,0.0
1.459420973770203,0.7835038312243429,1.89469156790085,1.1792006731487863,0.8284841747272934,0.44547459616377705,-0.10361856120508274,0.0,1.0,0.0,1.0,0.0,0.0,0.0,1.0,0.0,0.0,1.0,0.0,1.0
1.2684773405967482,-1.1843505134574435,0.3098733519782699,-1.2252866807654765,1.1027882987963404,-0.17931377842196625,-1.1562515639233817,1.0,0.0,0.0,1.0,0.0,0.0,0.0,1.0,0.0,1.0,0.0,0.0,1.0
0.12281554155601981,-0.19641549112738171,0.008234273348139047,-1.2252866807654765,0.6456147586812622,-1.5388429330588524,-0.10361856120508274,1.0,0.0,0.0,0.0,0.0,1.0,0.0,0.0,1.0,0.0,1.0,1.0,0.0
2.032251873290567,-0.772543927070369,1.0815450281268295,-1.2252866807654765,-0.7259058616639729,0.06258151360191345,-1.1562515639233817,0.0,0.0,1.0,0.0,0.0,1.0,0.0,0.0,1.0,1.0,0.0,1.0,0.0
1.2207414323033845,-0.26404795969460204,0.9260227843010616,0.3777048885106987,-0.36016702957191016,0.3756224797504641,-0.10361856120508274,0.0,0.0,1.0,1.0,0.0,0.0,0.0,0.0,1.0,0.0,1.0,1.0,0.0
-1.1660539823647997,0.3566678073778864,-1.0248112730116012,0.3777048885106987,0.005571802520152484,-1.8816357265686285,-0.10361856120508274,1.0,0.0,0.0,0.0,0.0,1.0,0.0,0.0,1.0,0.0,1.0,0.0,1.0
-0.7841667160178902,0.044556489471380925,-0.7246400905871234,-0.42379089612738885,-0.17729761352587883,0.8309547941483554,-1.1562515639233817,0.0,1.0,0.0,1.0,0.0,0.0,0.0,0.0,1.0,1.0,0.0,1.0,0.0
0.2182873581427472,-1.4418548752615263,-0.35665346262463643,0.3777048885106987,1.194223006819356,1.4699723035590326,-1.1562515639233817,1.0,0.0,0.0,1.0,0.0,0.0,0.0,0.0,1.0,0.0,1.0,1.0,0.0
0.2182873581427472,1.5009089792855232,0.8532124141743725,1.980696457786874,-0.08586290550286318,-1.0938590803518222,2.0016474442315153,0.0,0.0,1.0,0.0,1.0,0.0,0.0,1.0,0.0,1.0,0.0,1.0,0.0
-0.8796385326046176,-1.5420511249907416,-0.9067407698772821,0.3777048885106987,-0.5430364456179415,-0.5544455147156837,-1.1562515639233817,1.0,0.0,0.0,0.0,0.0,1.0,0.0,1.0,0.0,0.0,1.0,1.0,0.0
-0.4022794496709807,2.208795483622429,0.16181970968033738,-1.2252866807654765,1.4685271308884031,0.9202102762320331,2.0016474442315153,0.0,1.0,0.0,0.0,0.0,1.0,0.0,0.0,1.0,1.0,0.0,0.0,1.0
0.3614950830228382,1.3516165671889933,0.9927441035005978,1.980696457786874,0.27987592658919946,0.6977183498785181,-0.10361856120508274,0.0,1.0,0.0,0.0,1.0,0.0,0.0,0.0,1.0,0.0,1.0,1.0,0.0
1.8890441484104759,-0.9478873640964955,0.8175004023192528,1.1792006731487863,-0.8173405696869884,-1.7781511096600169,-1.1562515639233817,0.0,1.0,0.0,0.0,1.0,0.0,0.0,0.0,1.0,0.0,1.0,0.0,1.0
0.40923099131620194,-0.15834091623028004,0.29877578483090356,-0.42379089612738885,-0.7259058616639729,-1.1895823509922878,-0.10361856120508274,1.0,0.0,0.0,0.0,1.0,0.0,0.0,0.0,1.0,1.0,0.0,1.0,0.0
-0.9273744408979813,-1.0200286639015304,-0.9222284340100733,-1.2252866807654765,-0.36016702957191016,1.6135572095197317,-1.1562515639233817,1.0,0.0,0.0,0.0,0.0,1.0,0.0,0.0,1.0,0.0,1.0,1.0,0.0
0.6956464410763841,0.6447320253493801,0.9801990275948796,0.3777048885106987,-0.8173405696869884,-1.8014351484644546,0.9490144415132162,1.0,0.0,0.0,1.0,0.0,0.0,0.0,0.0,1.0,1.0,0.0,1.0,0.0
-0.8319026243112538,0.47239447581512933,-0.696824816653155,-1.2252866807654765,-0.8173405696869884,-0.9903744634432105,0.9490144415132162,0.0,1.0,0.0,0.0,0.0,0.0,1.0,1.0,0.0,1.0,0.0,0.0,1.0
-0.8796385326046176,1.801998709721815,-0.5901780798230138,-1.2252866807654765,1.4685271308884031,-1.0550523490110928,2.0016474442315153,1.0,0.0,0.0,0.0,0.0,0.0,1.0,1.0,0.0,1.0,0.0,1.0,0.0
-1.2137898906581635,-0.5656386713795395,-1.0589534514245642,-0.42379089612738885,1.0113535907733249,-1.6733729350400477,-0.10361856120508274,1.0,0.0,0.0,0.0,1.0,0.0,0.0,0.0,1.0,1.0,0.0,0.0,1.0
-0.9273744408979813,-1.3907547878996265,-0.9844169440930798,-1.2252866807654765,-0.8173405696869884,0.16477257279916757,-1.1562515639233817,1.0,0.0,0.0,0.0,0.0,1.0,0.0,0.0,1.0,0.0,1.0,0.0,1.0
-1.118318074071436,-1.8145849242542067,-1.0844037814716476,-1.2252866807654765,-1.0002099857330198,0.22168911209890407,-1.1562515639233817,0.0,1.0,0.0,0.0,0.0,0.0,1.0,0.0,1.0,1.0,0.0,0.0,1.0
-0.11586399991079861,-0.5255601714878536,-0.2698437120181098,-1.2252866807654765,-0.6344711536409572,-0.020206179924975615,-0.10361856120508274,0.0,1.0,0.0,0.0,0.0,1.0,0.0,0.0,1.0,1.0,0.0,1.0,0.0
-1.118318074071436,0.04004765823356607,-0.9815083349448417,-1.2252866807654765,-0.8173405696869884,1.6368412483241688,0.9490144415132162,1.0,0.0,0.0,0.0,0.0,1.0,0.0,1.0,0.0,1.0,0.0,1.0,0.0
0.9343259825432024,0.1106860142926626,0.9421492551159424,0.3777048885106987,4.485872495647921,0.580004598144972,-0.10361856120508274,1.0,0.0,0.0,1.0,0.0,0.0,0.0,1.0,0.0,0.0,1.0,1.0,0.0
-1.118318074071436,-1.7058719932980086,-1.065266764272025,-0.42379089612738885,-0.17729761352587883,-0.7846987873373447,-1.1562515639233817,0.0,1.0,0.0,0.0,0.0,0.0,1.0,1.0,0.0,1.0,0.0,1.0,0.0
-1.1660539823647997,0.49243372576097266,-1.0424124358479019,-1.2252866807654765,-0.8173405696869884,1.5786311513130746,0.9490144415132162,1.0,0.0,0.0,0.0,0.0,1.0,0.0,0.0,1.0,0.0,1.0,0.0,1.0
-0.11586399991079861,0.6231898316575984,0.09517314445423702,0.3777048885106987,-0.7259058616639729,-0.11463589285408395,0.9490144415132162,0.0,0.0,1.0,0.0,0.0,0.0,1.0,0.0,1.0,1.0,0.0,0.0,1.0
-1.1660539823647997,-1.5345364062610505,-1.0558001929087175,0.3777048885106987,-0.5430364456179415,-1.2464988902920244,-1.1562515639233817,0.0,1.0,0.0,0.0,0.0,1.0,0.0,1.0,0.0,0.0,1.0,1.0,0.0
-0.30680763308425335,0.46838662582596086,-0.16856566964382877,0.3777048885106987,0.8284841747272934,-0.9903744634432105,0.9490144415132162,0.0,1.0,0.0,0.0,1.0,0.0,0.0,1.0,0.0,0.0,1.0,0.0,1.0
-0.5454871745510718,1.4392882857020564,-0.18054669284089356,0.3777048885106987,0.37131063461221514,-0.8247990763894318,2.0016474442315153,1.0,0.0,0.0,0.0,0.0,1.0,0.0,1.0,0.0,1.0,0.0,0.0,1.0
-1.0705821657780723,1.303021386070324,-0.8935364998421732,0.3777048885106987,-0.08586290550286318,0.4894555583499367,0.9490144415132162,0.0,1.0,0.0,0.0,0.0,1.0,0.0,0.0,1.0,0.0,1.0,0.0,1.0
2.032251873290567,-1.5811276623851356,0.3318985908788297,0.3777048885106987,-0.2687323215488945,-0.5311614759112461,-1.1562515639233817,0.0,0.0,1.0,0.0,0.0,0.0,1.0,0.0,1.0,1.0,0.0,0.0,1.0
-1.2137898906581635,-0.5876818463199671,-1.0891948315873201,1.1792006731487863,0.9199188827503091,-0.23234964458762966,-0.10361856120508274,1.0,0.0,0.0,1.0,0.0,0.0,0.0,0.0,1.0,0.0,1.0,1.0,0.0
-0.5454871745510718,-0.627760346211653,-0.6196855118829433,-1.2252866807654765,-0.7259058616639729,-1.101620426619968,-1.1562515639233817,0.0,1.0,0.0,0.0,1.0,0.0,0.0,1.0,0.0,1.0,0.0,1.0,0.0
-0.020392183324071236,-0.6538113711412488,-0.2450050053900484,-0.42379089612738885,-1.0002099857330198,1.7739583657280795,-0.10361856120508274,0.0,1.0,0.0,1.0,0.0,0.0,0.0,0.0,1.0,0.0,1.0,0.0,1.0
-0.8319026243112538,0.038544714487627786,-0.730205863700224,0.3777048885106987,1.194223006819356,-1.0317683102066553,-0.10361856120508274,0.0,0.0,1.0,0.0,0.0,0.0,1.0,1.0,0.0,1.0,0.0,1.0,0.0
0.8865900742498387,-0.1548340474897575,0.7232424376321914,-1.2252866807654765,-0.45160173759492583,0.539904309092885,-0.10361856120508274,1.0,0.0,0.0,0.0,0.0,0.0,1.0,0.0,1.0,0.0,1.0,1.0,0.0
-0.25907172479088963,-2.211362073181899,-0.8754256508233542,-1.2252866807654765,0.37131063461221514,-1.0058971559795022,-1.1562515639233817,1.0,0.0,0.0,0.0,0.0,0.0,1.0,0.0,1.0,1.0,0.0,1.0,0.0
1.2684773405967482,-0.7149310834760704,0.6432828693187114,0.3777048885106987,-0.5430364456179415,-0.8765413848437377,-0.10361856120508274,0.0,0.0,1.0,0.0,0.0,1.0,0.0,0.0,1.0,0.0,1.0,0.0,1.0
-0.354543541377617,0.272001976356699,-0.23074058809530146,-0.42379089612738885,-0.9087752777100041,-0.6152427271494931,-0.10361856120508274,0.0,1.0,0.0,0.0,1.0,0.0,0.0,1.0,0.0,1.0,0.0,0.0,1.0
-0.1635999082041623,-0.23048221603531485,-0.22426417566943474,-0.42379089612738885,-0.17729761352587883,0.7960287359416991,-0.10361856120508274,1.0,0.0,0.0,0.0,0.0,1.0,0.0,0.0,1.0,0.0,1.0,1.0,0.0
0.31375917472947457,-0.7499997708812954,-0.04463037750266494,0.3777048885106987,-0.17729761352587883,-0.3694667619915401,-0.10361856120508274,0.0,1.0,0.0,0.0,0.0,0.0,1.0,0.0,1.0,0.0,1.0,0.0,1.0
-1.0705821657780723,-0.12477517257099287,-0.9364928513048203,-0.42379089612738885,-0.36016702957191016,0.28895411308950153,-1.1562515639233817,1.0,0.0,0.0,1.0,0.0,0.0,0.0,0.0,1.0,0.0,1.0,1.0,0.0
1.745836423530385,0.6196829629170763,2.0854365248465196,-1.2252866807654765,-0.17729761352587883,0.15183699568559111,-0.10361856120508274,0.0,1.0,0.0,1.0,0.0,0.0,0.0,0.0,1.0,0.0,1.0,1.0,0.0
0.6001746244896566,0.7915195312026799,0.9764817163703788,1.1792006731487863,-0.2687323215488945,-1.7445186091647182,0.9490144415132162,1.0,0.0,0.0,0.0,0.0,1.0,0.0,1.0,0.0,1.0,0.0,0.0,1.0
0.5524387161962929,1.2168526113031988,1.1312224413829521,-0.42379089612738885,0.005571802520152484,-0.04607733415212854,2.0016474442315153,0.0,0.0,1.0,0.0,1.0,0.0,0.0,1.0,0.0,1.0,0.0,0.0,1.0
2.032251873290567,0.8947216684237717,2.6378887759860508,0.3777048885106987,-1.0002099857330198,-0.2996146455782275,2.0016474442315153,0.0,1.0,0.0,0.0,0.0,1.0,0.0,0.0,1.0,1.0,0.0,0.0,1.0
-0.5932230828444355,-0.39680799058581206,-0.6053871155093616,-0.42379089612738885,0.18844121856618382,-0.07582916151335455,-0.10361856120508274,0.0,1.0,0.0,0.0,1.0,0.0,0.0,1.0,0.0,1.0,0.0,0.0,1.0
-0.7841667160178902,0.5270014319175518,-0.6542490308734549,1.1792006731487863,-0.36016702957191016,1.6045023055402277,0.9490144415132162,1.0,0.0,0.0,0.0,0.0,1.0,0.0,0.0,1.0,0.0,1.0,1.0,0.0
-1.0705821657780723,-0.5215523214986851,-0.9754464672807567,-0.42379089612738885,-0.17729761352587883,-0.5298679181998883,-1.1562515639233817,1.0,0.0,0.0,1.0,0.0,0.0,0.0,0.0,1.0,1.0,0.0,1.0,0.0
1.0297977991299299,-1.0831523012309359,0.22301603066137476,-0.42379089612738885,0.09700651054316815,0.06258151360191345,-0.10361856120508274,0.0,0.0,1.0,0.0,1.0,0.0,0.0,1.0,0.0,1.0,0.0,0.0,1.0
0.5524387161962929,-0.9143216204372084,-0.0025846653527839985,-0.42379089612738885,-0.7259058616639729,1.030162681697433,-1.1562515639233817,0.0,1.0,0.0,0.0,0.0,1.0,0.0,0.0,1.0,0.0,1.0,0.0,1.0
-1.2137898906581635,-0.6017093212820569,-1.0888074700886061,0.3777048885106987,0.37131063461221514,-0.26727570279428636,-1.1562515639233817,1.0,0.0,0.0,0.0,0.0,1.0,0.0,0.0,1.0,0.0,1.0,1.0,0.0
0.6479105327830204,0.12421250800610717,0.611852221396746,0.3777048885106987,4.485872495647921,0.0716364175814172,-1.1562515639233817,0.0,1.0,0.0,0.0,0.0,0.0,1.0,1.0,0.0,0.0,1.0,0.0,1.0
1.316213248890112,0.4227973321991681,1.510367798834708,-0.42379089612738885,1.7428312549574503,0.2139277658307583,-0.10361856120508274,1.0,0.0,0.0,1.0,0.0,0.0,0.0,0.0,1.0,0.0,1.0,1.0,0.0
-1.0705821657780723,-0.5000101278069038,-1.0159495292515488,0.3777048885106987,4.485872495647921,1.947295099050004,-1.1562515639233817,1.0,0.0,0.0,1.0,0.0,0.0,0.0,0.0,1.0,1.0,0.0,1.0,0.0
0.2182873581427472,2.105593346401337,1.0588605950968795,0.3777048885106987,-0.45160173759492583,-0.4380253206934955,2.0016474442315153,0.0,0.0,1.0,0.0,1.0,0.0,0.0,0.0,1.0,0.0,1.0,0.0,1.0
-0.06812809161743492,1.2038270988384006,0.3307093231196202,1.1792006731487863,-0.2687323215488945,-1.9126811116412121,0.9490144415132162,0.0,1.0,0.0,0.0,1.0,0.0,0.0,0.0,1.0,0.0,1.0,1.0,0.0
-1.2137898906581635,-0.29811468460253515,-1.0852668500740454,0.3777048885106987,-0.2687323215488945,0.3329350752756616,-0.10361856120508274,1.0,0.0,0.0,0.0,0.0,1.0,0.0,1.0,0.0,0.0,1.0,0.0,1.0
-0.21133581649752597,1.3175498422810596,0.17227847014561412,2.7821922424249617,-0.36016702957191016,-0.20259781722640402,2.0016474442315153,0.0,1.0,0.0,1.0,0.0,0.0,0.0,1.0,0.0,1.0,0.0,1.0,0.0
-0.6409589911377991,0.157277270416748,-0.5128824712901632,-0.42379089612738885,2.2914395030955443,-0.6682785933151565,-0.10361856120508274,1.0,0.0,0.0,0.0,1.0,0.0,0.0,1.0,0.0,1.0,0.0,0.0,1.0
-0.1635999082041623,0.8055470061647702,0.13046381573180812,-1.2252866807654765,-0.36016702957191016,-1.7160603395148502,-0.10361856120508274,0.0,0.0,1.0,0.0,0.0,0.0,1.0,0.0,1.0,1.0,0.0,1.0,0.0
-0.5454871745510718,0.13272918923309054,-0.4508570607855626,1.980696457786874,1.3770924228653874,-0.5660875341179026,-1.1562515639233817,0.0,1.0,0.0,0.0,0.0,1.0,0.0,1.0,0.0,0.0,1.0,0.0,1.0
-1.0705821657780723,1.6116258352363064,-0.8863465267607809,-0.42379089612738885,-1.0002099857330198,1.8916721174616258,0.9490144415132162,0.0,1.0,0.0,0.0,0.0,1.0,0.0,0.0,1.0,1.0,0.0,1.0,0.0
-0.6886948994311628,-0.05263387276595769,-0.6138411103233995,0.3777048885106987,-0.2687323215488945,0.990062392645346,-0.10361856120508274,0.0,1.0,0.0,0.0,0.0,1.0,0.0,0.0,1.0,1.0,0.0,1.0,0.0
-0.5932230828444355,0.2219038514920914,-0.47452009128594824,-0.42379089612738885,0.8284841747272934,2.313371931364218,-0.10361856120508274,0.0,1.0,0.0,1.0,0.0,0.0,0.0,0.0,1.0,0.0,1.0,1.0,0.0
-0.30680763308425335,-1.3371497942944963,-0.657157640021693,1.1792006731487863,-0.7259058616639729,-1.0240069639385092,-1.1562515639233817,1.0,0.0,0.0,0.0,0.0,1.0,0.0,1.0,0.0,0.0,1.0,1.0,0.0
2.032251873290567,-1.855164405394539,0.06287942792987392,1.1792006731487863,-0.2687323215488945,-0.13145214310173348,-1.1562515639233817,1.0,0.0,0.0,1.0,0.0,0.0,0.0,0.0,1.0,0.0,1.0,1.0,0.0
2.175459598170658,0.6266967003981214,2.526471376487538,-1.2252866807654765,-0.8173405696869884,1.0909598941312422,0.9490144415132162,1.0,0.0,0.0,1.0,0.0,0.0,0.0,1.0,0.0,1.0,0.0,0.0,1.0
-0.9751103491913449,-0.8366695268970668,-0.9403868537392606,-0.42379089612738885,-0.8173405696869884,-0.242698106278491,-0.10361856120508274,1.0,0.0,0.0,1.0,0.0,0.0,0.0,1.0,0.0,1.0,0.0,1.0,0.0
-0.6886948994311628,0.8476294310510407,-0.4585906991283078,-0.42379089612738885,-0.9087752777100041,0.9848881617999153,0.9490144415132162,0.0,1.0,0.0,0.0,0.0,1.0,0.0,1.0,0.0,1.0,0.0,1.0,0.0
1.2207414323033845,0.9257825058398287,1.7352685258248748,1.1792006731487863,1.2856577148423718,0.2863669976667864,-0.10361856120508274,0.0,1.0,0.0,0.0,0.0,0.0,1.0,0.0,1.0,1.0,0.0,1.0,0.0
1.1730055240100208,1.5174413604908443,2.101121267636551,0.3777048885106987,-0.7259058616639729,0.22556978523297716,0.9490144415132162,0.0,0.0,1.0,0.0,0.0,1.0,0.0,1.0,0.0,0.0,1.0,1.0,0.0
-1.1660539823647997,0.7268929501273366,-1.0407474609850085,0.3777048885106987,-0.8173405696869884,1.6782350950876141,-0.10361856120508274,0.0,1.0,0.0,0.0,0.0,1.0,0.0,1.0,0.0,0.0,1.0,0.0,1.0
-0.7841667160178902,-1.1938691571817186,-0.871151082705967,-0.42379089612738885,-0.08586290550286318,0.7171217155488827,-1.1562515639233817,1.0,0.0,0.0,0.0,0.0,1.0,0.0,0.0,1.0,0.0,1.0,1.0,0.0
-1.0228462574847086,-0.0401093415498058,-0.8942092856030974,-1.2252866807654765,-0.45160173759492583,2.2719780846007733,-0.10361856120508274,1.0,0.0,0.0,0.0,0.0,0.0,1.0,0.0,1.0,0.0,1.0,0.0,1.0
1.6026286986502938,-1.3732204441970142,0.31068884987029916,-0.42379089612738885,-0.45160173759492583,0.13372718772658398,-1.1562515639233817,0.0,1.0,0.0,0.0,0.0,0.0,1.0,0.0,1.0,0.0,1.0,0.0,1.0
0.12281554155601981,-0.5871808650713208,-0.11812032920604522,1.1792006731487863,3.205786583325701,-0.9761453286182763,-0.10361856120508274,0.0,1.0,0.0,0.0,0.0,1.0,0.0,0.0,1.0,1.0,0.0,0.0,1.0
1.6503646069436575,-1.2549888695165399,0.42245283597292455,-0.42379089612738885,0.18844121856618382,-0.7898730181827753,-1.1562515639233817,0.0,0.0,1.0,0.0,0.0,1.0,0.0,0.0,1.0,0.0,1.0,0.0,1.0
1.9367800567038396,0.8210774248727986,2.473076652006915,-1.2252866807654765,-0.8173405696869884,0.5657754633200379,0.9490144415132162,0.0,1.0,0.0,1.0,0.0,0.0,0.0,1.0,0.0,1.0,0.0,0.0,1.0
-0.9273744408979813,-1.3892518441536885,-0.9399179424513437,0.3777048885106987,-0.2687323215488945,0.4907491160612947,-1.1562515639233817,0.0,1.0,0.0,0.0,0.0,1.0,0.0,0.0,1.0,0.0,1.0,1.0,0.0
2.0799877815839305,-1.1653132260088923,0.7510984864607613,1.1792006731487863,-0.36016702957191016,-1.833774091248396,-1.1562515639233817,0.0,0.0,1.0,0.0,0.0,1.0,0.0,1.0,0.0,0.0,1.0,1.0,0.0
2.032251873290567,0.5620701193227773,2.328685954407348,-0.42379089612738885,-0.6344711536409572,0.3536319986573839,-0.10361856120508274,0.0,0.0,1.0,0.0,1.0,0.0,0.0,1.0,0.0,1.0,0.0,1.0,0.0
0.07507963326265613,1.251420317459778,0.5290587979084641,1.1792006731487863,-0.5430364456179415,0.3562191140800994,2.0016474442315153,0.0,1.0,0.0,0.0,1.0,0.0,0.0,0.0,1.0,0.0,1.0,0.0,1.0
-0.06812809161743492,0.7078556626787852,0.21593479063225315,1.1792006731487863,-0.8173405696869884,-1.5259073559452758,0.9490144415132162,0.0,0.0,1.0,0.0,1.0,0.0,0.0,0.0,1.0,1.0,0.0,1.0,0.0
-0.7364308077245265,-1.242464338300388,-0.8456803652115829,0.3777048885106987,0.005571802520152484,-0.35782474258932156,-1.1562515639233817,1.0,0.0,0.0,0.0,0.0,1.0,0.0,0.0,1.0,0.0,1.0,1.0,0.0
1.1252696157166573,0.5705868005497606,1.3696128626704385,0.3777048885106987,-0.8173405696869884,1.4867885538066823,-0.10361856120508274,0.0,0.0,1.0,1.0,0.0,0.0,0.0,1.0,0.0,1.0,0.0,1.0,0.0
0.6956464410763841,-0.9924746952259964,0.08208440328716561,-0.42379089612738885,1.4685271308884031,-0.4354382052707802,-1.1562515639233817,0.0,1.0,0.0,0.0,1.0,0.0,0.0,0.0,1.0,1.0,0.0,0.0,1.0
-1.1660539823647997,-0.10573788512244185,-1.0465986583603193,2.7821922424249617,1.1027882987963404,0.2721378628418524,-0.10361856120508274,1.0,0.0,0.0,1.0,0.0,0.0,0.0,1.0,0.0,1.0,0.0,1.0,0.0
1.459420973770203,-0.4078295780560257,0.9627133936266165,-1.2252866807654765,-0.8173405696869884,-0.5984264769018437,-1.1562515639233817,0.0,1.0,0.0,0.0,1.0,0.0,0.0,0.0,1.0,1.0,0.0,0.0,1.0
-0.25907172479088963,1.1071377178497077,0.09454792940368112,-0.42379089612738885,-0.2687323215488945,1.2293705692465107,0.9490144415132162,0.0,1.0,0.0,0.0,0.0,1.0,0.0,1.0,0.0,0.0,1.0,0.0,1.0
-0.9751103491913449,-0.5916896963091356,-0.9381986010623151,-0.42379089612738885,-0.36016702957191016,-0.9386321549889046,-1.1562515639233817,1.0,0.0,0.0,0.0,1.0,0.0,0.0,0.0,1.0,1.0,0.0,0.0,1.0
2.0799877815839305,0.5265004506689062,2.3336197166541255,0.3777048885106987,-1.0002099857330198,-0.8558444614620152,2.0016474442315153,0.0,1.0,0.0,1.0,0.0,0.0,0.0,0.0,1.0,0.0,1.0,0.0,1.0
1.1252696157166573,0.4573650383557472,1.3174006101332576,-1.2252866807654765,0.18844121856618382,-0.8105699415644976,0.9490144415132162,0.0,1.0,0.0,0.0,0.0,0.0,1.0,0.0,1.0,0.0,1.0,0.0,1.0
-0.4500153579643444,0.5590642318309007,-0.2573054319281582,1.1792006731487863,3.114351875302685,-0.472951378900152,0.9490144415132162,1.0,0.0,0.0,1.0,0.0,0.0,0.0,0.0,1.0,1.0,0.0,1.0,0.0
-0.6886948994311628,0.6562545940682393,-0.5334873846954387,-0.42379089612738885,0.7370494667042777,-0.013738391368187384,-0.10361856120508274,0.0,1.0,0.0,1.0,0.0,0.0,0.0,0.0,1.0,1.0,0.0,1.0,0.0
2.0799877815839305,-1.6928464808332104,0.2403997273931343,-1.2252866807654765,-0.7259058616639729,0.5166202702884476,-1.1562515639233817,1.0,0.0,0.0,1.0,0.0,0.0,0.0,0.0,1.0,0.0,1.0,1.0,0.0
-0.30680763308425335,-0.18439194115987578,-0.34419673232388764,0.3777048885106987,4.028698955532842,-0.013738391368187384,-0.10361856120508274,1.0,0.0,0.0,0.0,1.0,0.0,0.0,0.0,1.0,0.0,1.0,0.0,1.0
0.2182873581427472,-0.7379762209137899,-0.11100511009808893,0.3777048885106987,-0.9087752777100041,-0.33195358836216865,-1.1562515639233817,0.0,0.0,1.0,0.0,1.0,0.0,0.0,0.0,1.0,1.0,0.0,1.0,0.0
0.5047028079029293,-0.8131234082107013,0.07459541431202922,0.3777048885106987,-0.8173405696869884,1.059914509058659,-1.1562515639233817,0.0,0.0,1.0,0.0,1.0,0.0,0.0,1.0,0.0,1.0,0.0,1.0,0.0
-0.7841667160178902,0.6196829629170763,-0.6291588790620178,-0.42379089612738885,-0.17729761352587883,0.07681064842684786,0.9490144415132162,1.0,0.0,0.0,1.0,0.0,0.0,0.0,0.0,1.0,1.0,0.0,0.0,1.0
-0.8796385326046176,-0.905303957961579,-0.842907672378683,-0.42379089612738885,-0.36016702957191016,1.1957380687512118,-1.1562515639233817,1.0,0.0,0.0,1.0,0.0,0.0,0.0,0.0,1.0,0.0,1.0,0.0,1.0
-1.2137898906581635,0.03654078949304352,-1.0711247574631027,-0.42379089612738885,1.0113535907733249,2.06500885078355,-0.10361856120508274,0.0,1.0,0.0,0.0,0.0,1.0,0.0,1.0,0.0,1.0,0.0,0.0,1.0
0.6001746244896566,0.8351048998348888,0.9736546570113438,-1.2252866807654765,-0.36016702957191016,1.5475857662404915,0.9490144415132162,0.0,1.0,0.0,1.0,0.0,0.0,0.0,0.0,1.0,1.0,0.0,1.0,0.0
1.4116850654768394,0.20436950778947902,1.4201533445289587,2.7821922424249617,0.09700651054316815,0.7856802742508378,-0.10361856120508274,0.0,1.0,0.0,0.0,0.0,1.0,0.0,0.0,1.0,1.0,0.0,1.0,0.0
-0.06812809161743492,0.06259181442263963,-0.050753407508652135,0.3777048885106987,-0.9087752777100041,-0.46389647492064845,-0.10361856120508274,0.0,1.0,0.0,0.0,0.0,1.0,0.0,0.0,1.0,1.0,0.0,1.0,0.0
-0.11586399991079861,1.602107191512031,0.45599018678263237,-0.42379089612738885,0.7370494667042777,0.9784203732431271,2.0016474442315153,0.0,1.0,0.0,0.0,0.0,1.0,0.0,1.0,0.0,0.0,1.0,1.0,0.0
1.1252696157166573,1.6176376102200596,2.0901868000675914,1.980696457786874,0.005571802520152484,0.3471642101005956,0.9490144415132162,1.0,0.0,0.0,0.0,0.0,0.0,1.0,1.0,0.0,1.0,0.0,0.0,1.0
-0.25907172479088963,0.9879041806719417,0.057001047291495466,1.1792006731487863,-0.17729761352587883,-0.14309416250395202,0.9490144415132162,0.0,1.0,0.0,0.0,0.0,1.0,0.0,0.0,1.0,1.0,0.0,0.0,1.0
-0.4977512662577081,0.8716765309860525,-0.27795791604380193,0.3777048885106987,-0.7259058616639729,-1.1210237922903328,0.9490144415132162,0.0,1.0,0.0,0.0,0.0,1.0,0.0,1.0,0.0,1.0,0.0,1.0,0.0
-0.9273744408979813,-0.6588211836277096,-0.9040904017281867,-1.2252866807654765,-0.9087752777100041,0.39502584542082875,-1.1562515639233817,1.0,0.0,0.0,0.0,0.0,1.0,0.0,0.0,1.0,0.0,1.0,0.0,1.0
1.1252696157166573,1.392697029577971,1.9687183890498159,0.3777048885106987,1.3770924228653874,0.42607123049341233,0.9490144415132162,0.0,1.0,0.0,0.0,1.0,0.0,0.0,0.0,1.0,1.0,0.0,1.0,0.0
-1.1660539823647997,-0.7109232334869015,-1.0615290656002239,-0.42379089612738885,-1.0002099857330198,0.09103978325178189,-1.1562515639233817,0.0,1.0,0.0,0.0,0.0,1.0,0.0,1.0,0.0,1.0,0.0,1.0,0.0
-0.8796385326046176,1.2303791050166426,-0.6407797240234363,-0.42379089612738885,-0.45160173759492583,-0.7458920559966152,0.9490144415132162,0.0,1.0,0.0,1.0,0.0,0.0,0.0,1.0,0.0,1.0,0.0,1.0,0.0
-1.2137898906581635,-0.8672293830644774,-1.0929868967852567,-0.42379089612738885,0.4627453426352308,1.3186260513301882,-0.10361856120508274,0.0,1.0,0.0,1.0,0.0,0.0,0.0,1.0,0.0,0.0,1.0,1.0,0.0
0.3614950830228382,0.42329831344781443,0.537431242933299,0.3777048885106987,-0.08586290550286318,0.5825917135676875,-0.10361856120508274,0.0,0.0,1.0,1.0,0.0,0.0,0.0,0.0,1.0,0.0,1.0,1.0,0.0
-0.1635999082041623,-0.36123832193194066,-0.25983347539344925,1.1792006731487863,1.3770924228653874,-1.4728714897796125,-1.1562515639233817,0.0,1.0,0.0,0.0,1.0,0.0,0.0,0.0,1.0,1.0,0.0,1.0,0.0
1.8413082401171124,0.6677771627870992,2.233211538698009,0.3777048885106987,-0.7259058616639729,0.8270741210142827,0.9490144415132162,1.0,0.0,0.0,1.0,0.0,0.0,0.0,0.0,1.0,1.0,0.0,0.0,1.0
0.6479105327830204,-1.9578655613669849,-0.47484629044276,0.3777048885106987,-1.0002099857330198,0.653737387692358,-1.1562515639233817,0.0,0.0,1.0,0.0,1.0,0.0,0.0,0.0,1.0,0.0,1.0,1.0,0.0
0.027343724969292445,0.02852508951470648,0.01956289823158045,-1.2252866807654765,0.5541800506582465,2.011972984617886,-0.10361856120508274,0.0,0.0,1.0,0.0,0.0,0.0,1.0,0.0,1.0,1.0,0.0,1.0,0.0
-0.9751103491913449,-1.1643112635116004,-0.967440996307335,1.980696457786874,-0.5430364456179415,-1.5621269718632902,-1.1562515639233817,1.0,0.0,0.0,0.0,0.0,1.0,0.0,1.0,0.0,1.0,0.0,1.0,0.0
1.2207414323033845,-0.3381931844942211,0.846504944012431,-0.42379089612738885,-0.08586290550286318,0.8581195060868659,-0.10361856120508274,0.0,0.0,1.0,0.0,0.0,1.0,0.0,0.0,1.0,1.0,0.0,1.0,0.0
0.3614950830228382,-1.7709995556219984,-0.4790325129551774,-0.42379089612738885,-0.2687323215488945,0.20357930413989697,-1.1562515639233817,1.0,0.0,0.0,0.0,0.0,1.0,0.0,0.0,1.0,1.0,0.0,0.0,1.0
-1.0705821657780723,-0.2089400223435336,-0.9510087137829432,0.3777048885106987,0.37131063461221514,1.283699993123532,-0.10361856120508274,1.0,0.0,0.0,1.0,0.0,0.0,0.0,1.0,0.0,0.0,1.0,1.0,0.0
1.5071568820635666,-0.8842627455184437,0.6064427520462847,0.3777048885106987,-0.36016702957191016,-0.8687800385755917,-0.10361856120508274,0.0,1.0,0.0,0.0,0.0,0.0,1.0,0.0,1.0,1.0,0.0,0.0,1.0
-1.118318074071436,-0.04411719153897467,-0.9993949220433526,-1.2252866807654765,-0.9087752777100041,-0.8558444614620152,-0.10361856120508274,0.0,1.0,0.0,0.0,0.0,1.0,0.0,1.0,0.0,1.0,0.0,1.0,0.0
-0.9751103491913449,-0.25302637222438806,-0.9192314792568653,3.5836880270630487,0.09700651054316815,-1.5517785101724288,-1.1562515639233817,1.0,0.0,0.0,0.0,1.0,0.0,0.0,1.0,0.0,1.0,0.0,0.0,1.0
0.8865900742498387,2.0209275153801505,2.0201831018526364,0.3777048885106987,-0.6344711536409572,-1.3771482191391466,2.0016474442315153,0.0,1.0,0.0,0.0,1.0,0.0,0.0,1.0,0.0,1.0,0.0,0.0,1.0
1.2207414323033845,-1.2519829820246637,0.17464341403249933,-0.42379089612738885,-0.7259058616639729,-1.5569527410178594,-1.1562515639233817,0.0,1.0,0.0,0.0,0.0,1.0,0.0,0.0,1.0,1.0,0.0,0.0,1.0
-1.118318074071436,0.42931008843156687,-0.9412839014204929,0.3777048885106987,0.27987592658919946,-0.46907070576607907,-0.10361856120508274,1.0,0.0,0.0,0.0,0.0,1.0,0.0,0.0,1.0,0.0,1.0,0.0,1.0
-1.0705821657780723,-0.4078295780560257,-0.9611344792756412,-1.2252866807654765,-0.08586290550286318,-0.7911665758941329,-0.10361856120508274,1.0,0.0,0.0,0.0,0.0,0.0,1.0,1.0,0.0,0.0,1.0,0.0,1.0
0.07507963326265613,-1.7629838556436612,-0.59914176081957,1.1792006731487863,2.657178335187607,-0.4768320520342249,-1.1562515639233817,0.0,0.0,1.0,0.0,0.0,0.0,1.0,0.0,1.0,0.0,1.0,1.0,0.0
-0.020392183324071236,0.9423148870451491,0.2880044168403487,-1.2252866807654765,-0.9087752777100041,0.5334365205360968,-0.10361856120508274,1.0,0.0,0.0,0.0,1.0,0.0,0.0,0.0,1.0,0.0,1.0,0.0,1.0
-0.7364308077245265,-0.8942823704913655,-0.7991901895501418,-1.2252866807654765,-0.2687323215488945,-1.0395296564748011,-1.1562515639233817,1.0,0.0,0.0,1.0,0.0,0.0,0.0,0.0,1.0,0.0,1.0,1.0,0.0
-0.4977512662577081,-1.722905355751975,-0.798632932657255,0.3777048885106987,0.9199188827503091,0.3471642101005956,-1.1562515639233817,0.0,1.0,0.0,0.0,0.0,1.0,0.0,0.0,1.0,1.0,0.0,1.0,0.0
2.1277236898772944,0.473396438312422,2.346470604269355,0.3777048885106987,-0.9087752777100041,-1.8467096683619724,-0.10361856120508274,0.0,0.0,1.0,0.0,1.0,0.0,0.0,0.0,1.0,1.0,0.0,1.0,0.0
1.1730055240100208,-0.0035377103986424093,1.007253170162954,-0.42379089612738885,0.8284841747272934,-1.5388429330588524,-0.10361856120508274,0.0,0.0,1.0,1.0,0.0,0.0,0.0,1.0,0.0,0.0,1.0,1.0,0.0
-0.1635999082041623,1.303021386070324,0.2806037734701822,-0.42379089612738885,1.2856577148423718,1.4583302841568142,0.9490144415132162,0.0,1.0,0.0,1.0,0.0,0.0,0.0,0.0,1.0,0.0,1.0,0.0,1.0
-0.7364308077245265,-1.13625631358742,-0.8395573352055957,1.980696457786874,-0.08586290550286318,0.9538427767273318,-1.1562515639233817,1.0,0.0,0.0,1.0,0.0,0.0,0.0,0.0,1.0,0.0,1.0,0.0,1.0
1.6503646069436575,0.809053874905293,2.150275403078622,1.980696457786874,-0.9087752777100041,-1.3098832181485491,-0.10361856120508274,0.0,1.0,0.0,1.0,0.0,0.0,0.0,0.0,1.0,1.0,0.0,1.0,0.0
-1.0228462574847086,-0.5245582089905613,-0.9424188026535671,1.1792006731487863,1.559961838911419,0.7960287359416991,-0.10361856120508274,1.0,0.0,0.0,1.0,0.0,0.0,0.0,0.0,1.0,1.0,0.0,1.0,0.0
-0.020392183324071236,0.2689960888648231,0.0810106643959935,-1.2252866807654765,-0.08586290550286318,0.6446824837128543,0.9490144415132162,0.0,1.0,0.0,0.0,1.0,0.0,0.0,0.0,1.0,0.0,1.0,0.0,1.0
-0.8319026243112538,-1.011011001425901,-0.8699550191309905,-0.42379089612738885,-0.8173405696869884,0.28248632453271333,-1.1562515639233817,1.0,0.0,0.0,0.0,1.0,0.0,0.0,0.0,1.0,1.0,0.0,1.0,0.0
-0.7841667160178902,-0.4689492903908469,-0.7655644931354639,2.7821922424249617,0.005571802520152484,-1.9256166887547888,-0.10361856120508274,1.0,0.0,0.0,0.0,0.0,1.0,0.0,1.0,0.0,1.0,0.0,1.0,0.0
-0.6409589911377991,-0.8907755017508429,-0.7553843611166307,1.1792006731487863,-0.17729761352587883,0.6317469065992778,-1.1562515639233817,1.0,0.0,0.0,0.0,0.0,1.0,0.0,1.0,0.0,0.0,1.0,1.0,0.0
0.12281554155601981,-0.6913849647897045,-0.15513034187264474,0.3777048885106987,-0.7259058616639729,0.6964247921671601,-0.10361856120508274,1.0,0.0,0.0,0.0,0.0,1.0,0.0,1.0,0.0,1.0,0.0,1.0,0.0
-0.4500153579643444,1.502912904280108,-0.08484801521124684,-1.2252866807654765,0.4627453426352308,0.8115514284779907,0.9490144415132162,0.0,1.0,0.0,0.0,0.0,1.0,0.0,0.0,1.0,1.0,0.0,0.0,1.0
-0.9273744408979813,-0.3587334156887104,-0.8832272473237686,1.1792006731487863,-0.8173405696869884,0.4040807494003321,-1.1562515639233817,1.0,0.0,0.0,0.0,0.0,1.0,0.0,0.0,1.0,1.0,0.0,1.0,0.0
-0.4977512662577081,-0.15683797248434175,-0.4248970445559609,-0.42379089612738885,-0.8173405696869884,-1.1145560037335445,-0.10361856120508274,0.0,1.0,0.0,0.0,0.0,1.0,0.0,1.0,0.0,1.0,0.0,1.0,0.0
0.12281554155601981,1.7664290410679442,0.8202051369944836,0.3777048885106987,-0.17729761352587883,1.5036048040543317,0.9490144415132162,0.0,1.0,0.0,1.0,0.0,0.0,0.0,0.0,1.0,1.0,0.0,0.0,1.0
-0.7841667160178902,0.42329831344781443,-0.652162715433013,-1.2252866807654765,-0.5430364456179415,-0.6074813808813471,-0.10361856120508274,1.0,0.0,0.0,0.0,1.0,0.0,0.0,0.0,1.0,1.0,0.0,1.0,0.0
-0.21133581649752597,-0.9989874514583952,-0.4757025632293908,-0.42379089612738885,-0.45160173759492583,-0.907586769916321,-0.10361856120508274,0.0,1.0,0.0,0.0,0.0,0.0,1.0,0.0,1.0,0.0,1.0,1.0,0.0
-0.11586399991079861,2.1456718462930233,0.6003061304087636,-1.2252866807654765,-0.36016702957191016,-1.3435157186438478,2.0016474442315153,0.0,0.0,1.0,1.0,0.0,0.0,0.0,0.0,1.0,1.0,0.0,0.0,1.0
-0.6409589911377991,-1.4082891316022392,-0.8219629681850621,0.3777048885106987,-0.36016702957191016,-1.679840723596836,-1.1562515639233817,1.0,0.0,0.0,0.0,0.0,1.0,0.0,0.0,1.0,1.0,0.0,0.0,1.0
1.4116850654768394,-1.1442720135657574,0.42667983337994364,0.3777048885106987,-0.08586290550286318,-0.48588695601372844,-1.1562515639233817,0.0,0.0,1.0,0.0,0.0,1.0,0.0,0.0,1.0,0.0,1.0,1.0,0.0
-0.020392183324071236,0.7464312188245336,0.22406938210524602,1.1792006731487863,4.028698955532842,0.06258151360191345,0.9490144415132162,0.0,1.0,0.0,0.0,1.0,0.0,0.0,0.0,1.0,1.0,0.0,1.0,0.0
-1.1660539823647997,0.010489764563447773,-1.034726368215525,0.3777048885106987,0.27987592658919946,-1.73805082060793,-0.10361856120508274,1.0,0.0,0.0,0.0,0.0,0.0,1.0,1.0,0.0,0.0,1.0,1.0,0.0
-1.0228462574847086,-0.08269274768472232,-0.9328163149749212,1.1792006731487863,-0.5430364456179415,-1.0731621569700998,-0.10361856120508274,1.0,0.0,0.0,1.0,0.0,0.0,0.0,0.0,1.0,0.0,1.0,0.0,1.0
-0.7364308077245265,-0.13028596630609968,-0.6818128596240476,0.3777048885106987,-0.5430364456179415,0.01860055141575377,-0.10361856120508274,1.0,0.0,0.0,1.0,0.0,0.0,0.0,0.0,1.0,1.0,0.0,1.0,0.0
-0.30680763308425335,-0.3993128968290423,-0.41685079868793784,0.3777048885106987,-0.7259058616639729,-0.2310560868762721,-0.10361856120508274,0.0,1.0,0.0,1.0,0.0,0.0,0.0,0.0,1.0,0.0,1.0,0.0,1.0
0.4569668996095656,0.08964480184952804,0.4681479011896372,-1.2252866807654765,0.9199188827503091,-0.4043928201981968,-0.10361856120508274,0.0,0.0,1.0,0.0,1.0,0.0,0.0,1.0,0.0,1.0,0.0,1.0,0.0
2.0799877815839305,-0.7249507084489917,1.1750010865533955,0.3777048885106987,-0.08586290550286318,-0.381108781393759,-1.1562515639233817,0.0,0.0,1.0,1.0,0.0,0.0,0.0,0.0,1.0,1.0,0.0,0.0,1.0
-1.2137898906581635,0.9473246995316096,-1.056615690800747,-1.2252866807654765,-0.45160173759492583,-1.9256166887547888,0.9490144415132162,1.0,0.0,0.0,0.0,0.0,0.0,1.0,0.0,1.0,1.0,0.0,1.0,0.0
2.032251873290567,0.7754881312460059,2.5667094016434207,0.3777048885106987,-1.0002099857330198,0.9279716225001788,0.9490144415132162,0.0,1.0,0.0,0.0,0.0,1.0,0.0,1.0,0.0,1.0,0.0,1.0,0.0
2.175459598170658,-0.8642234955726008,1.1018033549279924,0.3777048885106987,-0.6344711536409572,0.4920426737726522,-1.1562515639233817,0.0,1.0,0.0,0.0,1.0,0.0,0.0,0.0,1.0,1.0,0.0,1.0,0.0
2.1277236898772944,1.238895786243626,3.1186927414950345,-1.2252866807654765,-0.2687323215488945,1.3005162433711808,0.9490144415132162,0.0,1.0,0.0,0.0,0.0,0.0,1.0,1.0,0.0,1.0,0.0,1.0,0.0
-0.11586399991079861,0.654751650322301,0.08680749524516909,-1.2252866807654765,-0.9087752777100041,0.13502074543794193,-0.10361856120508274,0.0,1.0,0.0,1.0,0.0,0.0,0.0,1.0,0.0,1.0,0.0,1.0,0.0
-1.0705821657780723,-0.8652254580698931,-1.0108934423209666,-0.42379089612738885,0.18844121856618382,-1.9256166887547888,-1.1562515639233817,0.0,1.0,0.0,0.0,0.0,1.0,0.0,0.0,1.0,0.0,1.0,0.0,1.0
0.6956464410763841,-1.531530518769174,-0.25086979439689305,1.1792006731487863,-0.7259058616639729,1.6717673065308258,-1.1562515639233817,0.0,0.0,1.0,0.0,0.0,0.0,1.0,1.0,0.0,1.0,0.0,0.0,1.0
0.9820618908365661,-0.8812568580265676,0.3194146773150135,-1.2252866807654765,-0.7259058616639729,2.0456054851131853,-1.1562515639233817,0.0,1.0,0.0,0.0,0.0,0.0,1.0,0.0,1.0,1.0,0.0,1.0,0.0
0.1705514498493835,0.7855077562189268,0.4877810129402442,-0.42379089612738885,-0.08586290550286318,0.6045821946607673,0.9490144415132162,1.0,0.0,0.0,1.0,0.0,0.0,0.0,0.0,1.0,0.0,1.0,1.0,0.0
-0.7841667160178902,1.821536978419012,-0.4253863432911785,-0.42379089612738885,0.27987592658919946,-1.5867045683790852,2.0016474442315153,0.0,1.0,0.0,0.0,0.0,1.0,0.0,1.0,0.0,1.0,0.0,1.0,0.0
1.5071568820635666,0.9112540496290921,2.102833813209813,-0.42379089612738885,2.7486130432106224,0.5528398862064614,0.9490144415132162,0.0,1.0,0.0,0.0,0.0,1.0,0.0,0.0,1.0,0.0,1.0,1.0,0.0
-0.020392183324071236,2.341555514513639,0.8687136699386975,-0.42379089612738885,1.1027882987963404,0.301889690203078,2.0016474442315153,1.0,0.0,0.0,0.0,1.0,0.0,0.0,1.0,0.0,0.0,1.0,1.0,0.0
2.0799877815839305,0.00798485832021718,1.8619357359043365,-0.42379089612738885,0.37131063461221514,0.9189167185206755,-1.1562515639233817,1.0,0.0,0.0,1.0,0.0,0.0,0.0,0.0,1.0,0.0,1.0,1.0,0.0
-0.4977512662577081,-0.5335758714661907,-0.5423695159027919,1.1792006731487863,-0.5430364456179415,0.07551709071548991,-0.10361856120508274,0.0,1.0,0.0,0.0,0.0,0.0,1.0,0.0,1.0,0.0,1.0,0.0,1.0
0.12281554155601981,0.666274219041161,0.40639432331571274,0.3777048885106987,-0.17729761352587883,-1.3926709116754383,-0.10361856120508274,1.0,0.0,0.0,0.0,1.0,0.0,0.0,1.0,0.0,0.0,1.0,0.0,1.0
-0.5454871745510718,0.09515559558463485,-0.47607633309657094,1.980696457786874,-0.08586290550286318,-0.08359050778150036,-0.10361856120508274,0.0,1.0,0.0,0.0,0.0,1.0,0.0,1.0,0.0,1.0,0.0,1.0,0.0
-0.8319026243112538,0.711362531419308,-0.6355401500671476,-1.2252866807654765,0.005571802520152484,0.8736421986231578,0.9490144415132162,1.0,0.0,0.0,1.0,0.0,0.0,0.0,1.0,0.0,0.0,1.0,1.0,0.0
-1.2137898906581635,-0.7374752396651436,-1.0912267805016267,0.3777048885106987,0.005571802520152484,-1.0860977340836762,-0.10361856120508274,1.0,0.0,0.0,0.0,0.0,0.0,1.0,1.0,0.0,0.0,1.0,1.0,0.0
0.2182873581427472,-1.5074834188341624,-0.44204288773587846,-0.42379089612738885,-0.9087752777100041,1.1013083558221035,-1.1562515639233817,1.0,0.0,0.0,0.0,1.0,0.0,0.0,1.0,0.0,0.0,1.0,1.0,0.0
-1.1660539823647997,-1.0686238450201997,-1.0675569541854741,-1.2252866807654765,-0.7259058616639729,0.8943391220048801,-1.1562515639233817,1.0,0.0,0.0,1.0,0.0,0.0,0.0,1.0,0.0,0.0,1.0,0.0,1.0
-1.118318074071436,-0.5125346590230557,-0.9932515045900646,-1.2252866807654765,-1.0002099857330198,0.26955074741913687,-0.10361856120508274,1.0,0.0,0.0,0.0,0.0,1.0,0.0,1.0,0.0,1.0,0.0,1.0,0.0
0.8865900742498387,-1.4478666502452793,-0.07966960359686025,1.980696457786874,0.09700651054316815,-1.6876020698649816,-1.1562515639233817,0.0,0.0,1.0,0.0,1.0,0.0,0.0,0.0,1.0,0.0,1.0,1.0,0.0
-0.5932230828444355,2.128137502590411,-0.10161329270821723,0.3777048885106987,2.4743089191415755,1.2746450891440277,2.0016474442315153,0.0,1.0,0.0,0.0,0.0,0.0,1.0,1.0,0.0,1.0,0.0,1.0,0.0
2.032251873290567,1.2534242424543618,2.9978835246066504,0.3777048885106987,0.9199188827503091,1.0456853742337247,2.0016474442315153,1.0,0.0,0.0,0.0,1.0,0.0,0.0,1.0,0.0,1.0,0.0,1.0,0.0
1.6981005152370212,0.4062649509938477,1.8477936432933941,1.1792006731487863,-0.6344711536409572,0.2397989200579112,-0.10361856120508274,0.0,0.0,1.0,0.0,0.0,1.0,0.0,0.0,1.0,1.0,0.0,1.0,0.0
-0.7841667160178902,0.4999484444906641,-0.6280783443550788,-0.42379089612738885,-0.08586290550286318,-0.6825077281400908,-0.10361856120508274,1.0,0.0,0.0,0.0,0.0,1.0,0.0,0.0,1.0,1.0,0.0,1.0,0.0
-0.6409589911377991,-1.4122969815914077,-0.8394893770479266,-1.2252866807654765,0.5541800506582465,1.5747504781790023,-1.1562515639233817,0.0,1.0,0.0,0.0,0.0,1.0,0.0,0.0,1.0,0.0,1.0,1.0,0.0
-0.8796385326046176,0.42680518218833663,-0.7722379842185711,2.7821922424249617,-0.7259058616639729,-0.19483647095825785,-0.10361856120508274,1.0,0.0,0.0,0.0,1.0,0.0,0.0,0.0,1.0,1.0,0.0,1.0,0.0
0.4569668996095656,1.1081396803470003,0.9351427690602567,-0.42379089612738885,-0.17729761352587883,-0.5389228221793919,0.9490144415132162,0.0,0.0,1.0,0.0,1.0,0.0,0.0,0.0,1.0,0.0,1.0,1.0,0.0
0.9343259825432024,-0.5506092339201574,0.4598502101382383,0.3777048885106987,-0.7259058616639729,2.5242218383155146,-0.10361856120508274,0.0,0.0,1.0,0.0,0.0,1.0,0.0,0.0,1.0,1.0,0.0,1.0,0.0
1.1730055240100208,-1.2093995758897471,0.18949906729896765,-1.2252866807654765,0.27987592658919946,-0.9373385972775469,-1.1562515639233817,0.0,0.0,1.0,1.0,0.0,0.0,0.0,0.0,1.0,0.0,1.0,0.0,1.0
-1.0228462574847086,0.1928469390706191,-0.9045457213845698,3.5836880270630487,-0.7259058616639729,0.5269687319793085,-0.10361856120508274,0.0,1.0,0.0,0.0,1.0,0.0,0.0,0.0,1.0,0.0,1.0,1.0,0.0
-0.4022794496709807,0.024016258276891623,-0.33212056770608606,-0.42379089612738885,-0.08586290550286318,-0.3138437804031615,-0.10361856120508274,0.0,1.0,0.0,0.0,0.0,1.0,0.0,0.0,1.0,0.0,1.0,1.0,0.0
-0.9751103491913449,0.5154788631986925,-0.8089150019125921,1.1792006731487863,3.9372642475098263,-0.25563368339206743,0.9490144415132162,0.0,1.0,0.0,0.0,0.0,0.0,1.0,0.0,1.0,1.0,0.0,0.0,1.0
-0.9751103491913449,1.6151327039768286,-0.7616976739640914,1.980696457786874,-0.9087752777100041,-1.6720793773286902,0.9490144415132162,1.0,0.0,0.0,0.0,0.0,0.0,1.0,0.0,1.0,0.0,1.0,1.0,0.0
2.1277236898772944,0.36819037609674565,2.284078219713341,0.3777048885106987,0.27987592658919946,-0.38628301223918965,-0.10361856120508274,0.0,1.0,0.0,0.0,0.0,1.0,0.0,1.0,0.0,0.0,1.0,1.0,0.0
-0.25907172479088963,0.1357350767249664,-0.17050927295316537,-1.2252866807654765,-0.5430364456179415,0.06646218673598654,-0.10361856120508274,0.0,1.0,0.0,0.0,1.0,0.0,0.0,0.0,1.0,1.0,0.0,1.0,0.0
-0.7364308077245265,-0.49349737157450474,-0.7423431906599277,0.3777048885106987,-0.36016702957191016,1.951175772184077,-0.10361856120508274,1.0,0.0,0.0,0.0,1.0,0.0,0.0,0.0,1.0,1.0,0.0,0.0,1.0
-0.020392183324071236,-0.9058049392102251,-0.36201536126472944,-1.2252866807654765,-0.5430364456179415,0.6162242140629862,-1.1562515639233817,0.0,1.0,0.0,0.0,1.0,0.0,0.0,0.0,1.0,0.0,1.0,0.0,1.0
-0.354543541377617,-0.20393020985707278,-0.3437414126675047,-0.42379089612738885,1.8342659629804658,-0.5764359958087637,-0.10361856120508274,0.0,1.0,0.0,1.0,0.0,0.0,0.0,0.0,1.0,1.0,0.0,1.0,0.0
-0.354543541377617,-0.5896857713145514,-0.4802013932670862,0.3777048885106987,0.9199188827503091,-0.09523252718371925,-1.1562515639233817,0.0,1.0,0.0,0.0,1.0,0.0,0.0,0.0,1.0,0.0,1.0,0.0,1.0
0.6001746244896566,-0.016563222863440284,0.5359225718330448,1.980696457786874,0.09700651054316815,1.7649034617485762,-0.10361856120508274,1.0,0.0,0.0,1.0,0.0,0.0,0.0,0.0,1.0,1.0,0.0,1.0,0.0
1.6026286986502938,1.7108201224682298,2.8434961820139564,-1.2252866807654765,-0.08586290550286318,0.7714511394259037,2.0016474442315153,0.0,0.0,1.0,0.0,0.0,0.0,1.0,0.0,1.0,0.0,1.0,1.0,0.0
-1.118318074071436,0.23843623269741254,-1.0048519621041825,0.3777048885106987,-0.8173405696869884,-0.7640018639556224,-0.10361856120508274,1.0,0.0,0.0,1.0,0.0,0.0,0.0,0.0,1.0,1.0,0.0,1.0,0.0
-1.118318074071436,2.4622919954373437,-0.8984770579047179,0.3777048885106987,1.0113535907733249,-0.1922493555355427,2.0016474442315153,0.0,1.0,0.0,1.0,0.0,0.0,0.0,1.0,0.0,0.0,1.0,1.0,0.0
0.1705514498493835,2.1426659588011465,1.0488571542879856,-0.42379089612738885,1.559961838911419,-0.1379199316585217,2.0016474442315153,0.0,1.0,0.0,1.0,0.0,0.0,0.0,0.0,1.0,0.0,1.0,1.0,0.0
-0.8796385326046176,-0.12377321007370055,-0.8170224101225173,-1.2252866807654765,-1.0002099857330198,-1.9256166887547888,-1.1562515639233817,1.0,0.0,0.0,0.0,1.0,0.0,0.0,0.0,1.0,0.0,1.0,0.0,1.0
1.8413082401171124,0.2589764638919015,1.8387076376130336,1.1792006731487863,-1.0002099857330198,-0.2504594525466368,-0.10361856120508274,0.0,1.0,0.0,0.0,0.0,1.0,0.0,1.0,0.0,1.0,0.0,0.0,1.0
0.07507963326265613,-0.5015130715528417,-0.1685248947492272,-1.2252866807654765,-0.9087752777100041,-0.06806781524520875,-1.1562515639233817,0.0,1.0,0.0,0.0,0.0,1.0,0.0,0.0,1.0,0.0,1.0,1.0,0.0
-0.020392183324071236,-1.0250384763879912,-0.426269799340877,-0.42379089612738885,1.6513965469344345,1.2190221075556493,-1.1562515639233817,0.0,0.0,1.0,0.0,1.0,0.0,0.0,0.0,1.0,0.0,1.0,0.0,1.0
-0.6886948994311628,-0.2214645535596855,-0.6263386155187496,-0.42379089612738885,-0.5430364456179415,-1.3047089873031186,-1.1562515639233817,0.0,1.0,0.0,0.0,1.0,0.0,0.0,1.0,0.0,1.0,0.0,1.0,0.0
-1.0228462574847086,0.9152618996182607,-0.8335294466203453,-0.42379089612738885,-0.6344711536409572,-0.27374349135107456,0.9490144415132162,1.0,0.0,0.0,1.0,0.0,0.0,0.0,1.0,0.0,0.0,1.0,0.0,1.0
-0.11586399991079861,-1.0330541763663283,-0.474227871207971,-0.42379089612738885,-0.8173405696869884,-0.32807291522809556,-1.1562515639233817,0.0,1.0,0.0,0.0,1.0,0.0,0.0,1.0,0.0,1.0,0.0,1.0,0.0
-0.7364308077245265,1.0129532431042456,-0.47714327617197605,-1.2252866807654765,-0.17729761352587883,1.618731440365162,0.9490144415132162,1.0,0.0,0.0,0.0,1.0,0.0,0.0,0.0,1.0,1.0,0.0,1.0,0.0
-0.7364308077245265,-1.6161963497903606,-0.8718238684668912,-0.42379089612738885,-0.6344711536409572,0.9396136419023977,-1.1562515639233817,0.0,1.0,0.0,0.0,0.0,1.0,0.0,0.0,1.0,1.0,0.0,0.0,1.0
-0.5454871745510718,0.12120662051423059,-0.4899194098137695,0.3777048885106987,-0.45160173759492583,0.8826971026026612,-0.10361856120508274,0.0,1.0,0.0,0.0,1.0,0.0,0.0,1.0,0.0,1.0,0.0,1.0,0.0
-1.1660539823647997,0.6557536128195937,-1.031573109699678,0.3777048885106987,0.4627453426352308,0.7869738319621954,-0.10361856120508274,1.0,0.0,0.0,1.0,0.0,0.0,0.0,1.0,0.0,1.0,0.0,0.0,1.0
0.8388541659564751,0.46988956957189915,1.0420953175999088,-0.42379089612738885,-1.0002099857330198,0.5373171936701698,0.9490144415132162,0.0,0.0,1.0,0.0,1.0,0.0,0.0,0.0,1.0,1.0,0.0,1.0,0.0
0.9343259825432024,0.48441802578263565,1.1452965758362257,1.1792006731487863,-0.08586290550286318,-0.2621014719488557,0.9490144415132162,0.0,0.0,1.0,0.0,0.0,1.0,0.0,0.0,1.0,1.0,0.0,0.0,1.0
-0.30680763308425335,-0.5746563338551689,-0.4269357892860343,1.1792006731487863,-0.8173405696869884,0.2682571897077793,-1.1562515639233817,1.0,0.0,0.0,1.0,0.0,0.0,0.0,0.0,1.0,1.0,0.0,0.0,1.0
0.12281554155601981,-0.8657264393185391,-0.23706749257429596,1.1792006731487863,-0.6344711536409572,0.975833257820412,-0.10361856120508274,1.0,0.0,0.0,0.0,1.0,0.0,0.0,1.0,0.0,1.0,0.0,0.0,1.0
-0.9273744408979813,-1.821097680486606,-1.0325381155385795,-0.42379089612738885,1.2856577148423718,-1.9256166887547888,-1.1562515639233817,1.0,0.0,0.0,0.0,1.0,0.0,0.0,1.0,0.0,0.0,1.0,0.0,1.0
-0.5454871745510718,3.1240882248988093,0.1616973849965329,0.3777048885106987,-0.6344711536409572,0.9292651802115365,2.0016474442315153,0.0,1.0,0.0,0.0,1.0,0.0,0.0,1.0,0.0,1.0,0.0,0.0,1.0
0.40923099131620194,-1.8726987490971518,-0.5312719487554256,-0.42379089612738885,0.005571802520152484,-1.3965515848095114,-1.1562515639233817,0.0,0.0,1.0,0.0,0.0,1.0,0.0,0.0,1.0,1.0,0.0,0.0,1.0
-0.354543541377617,2.223323939833165,0.2839541106432695,1.980696457786874,-1.0002099857330198,1.2617095120304513,2.0016474442315153,1.0,0.0,0.0,0.0,0.0,1.0,0.0,0.0,1.0,1.0,0.0,0.0,1.0
1.4116850654768394,0.2835245450755589,1.4679551126334134,1.1792006731487863,-0.2687323215488945,-0.4043928201981968,-0.10361856120508274,0.0,0.0,1.0,0.0,0.0,1.0,0.0,0.0,1.0,0.0,1.0,0.0,1.0
0.40923099131620194,0.534015169398597,0.6049204893144965,1.1792006731487863,-1.0002099857330198,0.08457199469499366,0.9490144415132162,0.0,1.0,0.0,0.0,0.0,1.0,0.0,1.0,0.0,0.0,1.0,0.0,1.0
1.6981005152370212,-0.9138206391885625,0.7763517378506043,1.1792006731487863,-0.7259058616639729,1.140115087162833,-1.1562515639233817,0.0,1.0,0.0,0.0,0.0,0.0,1.0,1.0,0.0,0.0,1.0,0.0,1.0
-1.118318074071436,0.044556489471380925,-0.9884332712113244,1.1792006731487863,-0.45160173759492583,0.9046875836957414,-0.10361856120508274,1.0,0.0,0.0,0.0,0.0,1.0,0.0,0.0,1.0,1.0,0.0,0.0,1.0
-1.0705821657780723,0.4087698572370779,-0.9284398096210302,0.3777048885106987,-1.0002099857330198,-0.9787324440409916,0.9490144415132162,1.0,0.0,0.0,0.0,0.0,1.0,0.0,1.0,0.0,1.0,0.0,1.0,0.0
-0.7364308077245265,0.7429243500840106,-0.5449859049730528,-0.42379089612738885,0.37131063461221514,-0.2155333943399805,-0.10361856120508274,1.0,0.0,0.0,1.0,0.0,0.0,0.0,0.0,1.0,1.0,0.0,1.0,0.0
-0.11586399991079861,0.15276843917893315,-0.040824720673194606,1.980696457786874,-0.7259058616639729,1.1336472986060446,0.9490144415132162,1.0,0.0,0.0,0.0,0.0,0.0,1.0,0.0,1.0,1.0,0.0,1.0,0.0
-0.354543541377617,-0.48848755908804387,-0.42809107796640933,1.1792006731487863,-0.36016702957191016,1.370368359784494,-0.10361856120508274,0.0,1.0,0.0,0.0,0.0,1.0,0.0,1.0,0.0,1.0,0.0,1.0,0.0
0.027343724969292445,-0.26104207220272546,-0.08777021599101871,0.3777048885106987,-0.7259058616639729,1.0029979697589224,-0.10361856120508274,1.0,0.0,0.0,0.0,0.0,1.0,0.0,1.0,0.0,1.0,0.0,1.0,0.0
1.0297977991299299,1.1186602865685675,1.641547430583399,-0.42379089612738885,-0.8173405696869884,0.9473749881705436,0.9490144415132162,0.0,1.0,0.0,0.0,0.0,1.0,0.0,0.0,1.0,1.0,0.0,0.0,1.0
1.0297977991299299,-1.0721307137607223,0.19392993917899387,-0.42379089612738885,-0.8173405696869884,0.9603105652841201,-1.1562515639233817,0.0,0.0,1.0,0.0,0.0,1.0,0.0,0.0,1.0,0.0,1.0,1.0,0.0
0.12281554155601981,1.0860965054065723,0.5592254240977841,-0.42379089612738885,-0.7259058616639729,0.5166202702884476,2.0016474442315153,1.0,0.0,0.0,1.0,0.0,0.0,0.0,1.0,0.0,0.0,1.0,1.0,0.0
-1.0228462574847086,0.34714916365361037,-0.9013516879741214,-0.42379089612738885,-0.9087752777100041,-0.6967368629650248,-0.10361856120508274,1.0,0.0,0.0,0.0,0.0,0.0,1.0,0.0,1.0,0.0,1.0,1.0,0.0
-0.7364308077245265,1.1136504740821072,-0.4853866006972396,-1.2252866807654765,-0.6344711536409572,-1.035648983340728,0.9490144415132162,1.0,0.0,0.0,0.0,0.0,1.0,0.0,0.0,1.0,0.0,1.0,1.0,0.0
2.1277236898772944,-0.5295680214770221,1.3777270666961303,0.3777048885106987,-0.9087752777100041,-0.33971493463031444,-0.10361856120508274,1.0,0.0,0.0,0.0,0.0,1.0,0.0,0.0,1.0,0.0,1.0,1.0,0.0
-0.4022794496709807,-0.5471023651796348,-0.49262414448900027,-0.42379089612738885,-0.9087752777100041,-0.2310560868762721,-1.1562515639233817,0.0,0.0,1.0,0.0,0.0,1.0,0.0,1.0,0.0,0.0,1.0,1.0,0.0
0.07507963326265613,2.038962840331409,0.8661788306576395,1.1792006731487863,-0.2687323215488945,0.017306993704395833,2.0016474442315153,1.0,0.0,0.0,0.0,0.0,1.0,0.0,0.0,1.0,1.0,0.0,0.0,1.0
-1.0228462574847086,0.10667816430349408,-0.9019361281300757,1.980696457786874,0.9199188827503091,-0.1469748356380251,-0.10361856120508274,0.0,1.0,0.0,0.0,1.0,0.0,0.0,1.0,0.0,0.0,1.0,1.0,0.0
-0.8319026243112538,0.28903533881066573,-0.6988839488305291,-1.2252866807654765,0.09700651054316815,-0.5376292644680343,-0.10361856120508274,0.0,1.0,0.0,0.0,0.0,1.0,0.0,0.0,1.0,1.0,0.0,0.0,1.0
-0.4977512662577081,0.36318056361028517,-0.3644074884146823,-1.2252866807654765,0.005571802520152484,0.14924988026287597,-0.10361856120508274,1.0,0.0,0.0,0.0,0.0,1.0,0.0,1.0,0.0,1.0,0.0,1.0,0.0
-0.8319026243112538,1.7779516097868033,-0.5312855403869594,-1.2252866807654765,0.6456147586812622,1.4609173995795293,2.0016474442315153,1.0,0.0,0.0,0.0,0.0,1.0,0.0,0.0,1.0,0.0,1.0,1.0,0.0
-0.7841667160178902,0.1823263328490518,-0.6986392994629201,-0.42379089612738885,-0.8173405696869884,0.9603105652841201,0.9490144415132162,0.0,1.0,0.0,1.0,0.0,0.0,0.0,0.0,1.0,1.0,0.0,1.0,0.0
-0.30680763308425335,0.5254984881716135,-0.13778062421971987,-0.42379089612738885,-0.36016702957191016,0.5360236359588123,-0.10361856120508274,0.0,1.0,0.0,0.0,0.0,1.0,0.0,1.0,0.0,0.0,1.0,1.0,0.0
-0.7364308077245265,2.529423482755917,-0.2684165907070583,-0.42379089612738885,-0.7259058616639729,-1.7044183201126313,2.0016474442315153,0.0,0.0,1.0,0.0,0.0,0.0,1.0,1.0,0.0,1.0,0.0,1.0,0.0
1.0297977991299299,1.2048290613356927,1.680297172086328,-1.2252866807654765,-1.0002099857330198,0.5489592130723887,0.9490144415132162,0.0,1.0,0.0,0.0,1.0,0.0,0.0,0.0,1.0,0.0,1.0,0.0,1.0
0.26602326643611085,1.0124522618555993,0.6688419324180653,1.1792006731487863,-0.5430364456179415,0.6886634458990143,0.9490144415132162,1.0,0.0,0.0,0.0,1.0,0.0,0.0,1.0,0.0,0.0,1.0,1.0,0.0
0.2182873581427472,-0.8256479394268532,-0.16206207395489444,-1.2252866807654765,-0.8173405696869884,-1.3823224499845772,-1.1562515639233817,0.0,0.0,1.0,0.0,0.0,0.0,1.0,0.0,1.0,1.0,0.0,0.0,1.0
0.9343259825432024,0.020509389536369077,0.8435487641538243,-0.42379089612738885,-0.8173405696869884,-0.25175301025799435,-0.10361856120508274,0.0,0.0,1.0,0.0,1.0,0.0,0.0,0.0,1.0,1.0,0.0,0.0,1.0
-1.1660539823647997,0.2309215139677211,-1.0602990229464127,-1.2252866807654765,0.5541800506582465,-0.9282836932980435,-0.10361856120508274,1.0,0.0,0.0,1.0,0.0,0.0,0.0,1.0,0.0,0.0,1.0,1.0,0.0
1.8413082401171124,0.3311177636969363,1.9523336772357927,1.980696457786874,-0.6344711536409572,-0.9748517709069187,-0.10361856120508274,0.0,1.0,0.0,0.0,0.0,1.0,0.0,1.0,0.0,0.0,1.0,1.0,0.0
0.3614950830228382,-1.0801464137390597,-0.14753261984523788,-0.42379089612738885,0.005571802520152484,0.2669636319964217,-1.1562515639233817,1.0,0.0,0.0,0.0,0.0,1.0,0.0,0.0,1.0,1.0,0.0,1.0,0.0
-0.8319026243112538,0.4473454133828256,-0.66781347914421,0.3777048885106987,-0.7259058616639729,0.05740728275648316,0.9490144415132162,1.0,0.0,0.0,0.0,0.0,1.0,0.0,0.0,1.0,1.0,0.0,0.0,1.0
-1.2137898906581635,-1.0140168889177776,-1.0949780708049617,-0.42379089612738885,0.7370494667042777,-1.2193341783535139,-0.10361856120508274,1.0,0.0,0.0,0.0,1.0,0.0,0.0,0.0,1.0,1.0,0.0,1.0,0.0
-1.0228462574847086,-0.5646367088822476,-0.9478894343459309,-0.42379089612738885,1.8342659629804658,0.9512556613046167,-1.1562515639233817,1.0,0.0,0.0,0.0,0.0,1.0,0.0,0.0,1.0,0.0,1.0,1.0,0.0
-0.21133581649752597,0.48441802578263565,-0.07538144384793917,-1.2252866807654765,-0.8173405696869884,-0.3461827231871027,-0.10361856120508274,1.0,0.0,0.0,0.0,0.0,1.0,0.0,1.0,0.0,1.0,0.0,1.0,0.0
1.0297977991299299,1.297510592335217,1.7988569739558649,2.7821922424249617,-1.0002099857330198,0.16347901508781001,0.9490144415132162,0.0,0.0,1.0,0.0,0.0,1.0,0.0,1.0,0.0,1.0,0.0,1.0,0.0
-1.0228462574847086,-0.9544001203288943,-0.9298669309320816,-0.42379089612738885,-0.17729761352587883,1.0909598941312422,-0.10361856120508274,1.0,0.0,0.0,0.0,1.0,0.0,0.0,0.0,1.0,0.0,1.0,1.0,0.0
-1.0705821657780723,0.7153703814084766,-0.8962548261489378,-0.42379089612738885,1.0113535907733249,-1.393964469386796,0.9490144415132162,1.0,0.0,0.0,0.0,1.0,0.0,0.0,0.0,1.0,1.0,0.0,0.0,1.0
0.5047028079029293,-1.0986827199389644,-0.07239808072626513,-0.42379089612738885,-0.45160173759492583,1.695051345335263,-1.1562515639233817,0.0,1.0,0.0,1.0,0.0,0.0,0.0,1.0,0.0,0.0,1.0,0.0,1.0
-0.9751103491913449,-0.765530189589324,-0.93759377345906,-1.2252866807654765,0.27987592658919946,-0.4406124361162108,-1.1562515639233817,1.0,0.0,0.0,0.0,1.0,0.0,0.0,0.0,1.0,1.0,0.0,0.0,1.0
-0.8319026243112538,1.556016916636592,-0.5424238824289273,-0.42379089612738885,1.4685271308884031,-1.6268048574311724,0.9490144415132162,1.0,0.0,0.0,0.0,0.0,1.0,0.0,0.0,1.0,1.0,0.0,1.0,0.0
-0.354543541377617,0.6998399627004481,-0.14410073288294764,-0.42379089612738885,-0.08586290550286318,-1.5491913947497138,0.9490144415132162,1.0,0.0,0.0,0.0,0.0,0.0,1.0,0.0,1.0,0.0,1.0,1.0,0.0
-0.1635999082041623,0.6522467440790708,0.05908056691617033,-1.2252866807654765,-0.8173405696869884,-0.45096089780707194,0.9490144415132162,0.0,1.0,0.0,1.0,0.0,0.0,0.0,1.0,0.0,1.0,0.0,0.0,1.0
0.3614950830228382,0.8426196185645795,0.7249142083108516,-1.2252866807654765,-0.7259058616639729,0.22427622752161924,0.9490144415132162,1.0,0.0,0.0,0.0,0.0,1.0,0.0,1.0,0.0,1.0,0.0,0.0,1.0
0.8865900742498387,-0.061150553992941066,0.744825948507902,0.3777048885106987,-0.9087752777100041,-0.015031949079545324,0.9490144415132162,0.0,1.0,0.0,1.0,0.0,0.0,0.0,0.0,1.0,0.0,1.0,1.0,0.0
0.07507963326265613,-1.6237110685200522,-0.5219888644178245,-0.42379089612738885,-0.5430364456179415,0.31482526731665444,-1.1562515639233817,1.0,0.0,0.0,0.0,1.0,0.0,0.0,1.0,0.0,0.0,1.0,0.0,1.0
-1.0705821657780723,-1.0080051139340245,-0.9810734027357594,-0.42379089612738885,3.5715254154177636,1.4686787458476749,-1.1562515639233817,1.0,0.0,0.0,0.0,1.0,0.0,0.0,0.0,1.0,1.0,0.0,0.0,1.0
-0.7841667160178902,-0.44289826546125116,-0.7354726209195803,-0.42379089612738885,-0.8173405696869884,-0.410860608754985,-0.10361856120508274,1.0,0.0,0.0,0.0,1.0,0.0,0.0,1.0,0.0,0.0,1.0,1.0,0.0
0.07507963326265613,-1.5465599562285564,-0.5239732426217627,1.1792006731487863,-0.9087752777100041,0.6045821946607673,-1.1562515639233817,0.0,0.0,1.0,0.0,0.0,1.0,0.0,1.0,0.0,0.0,1.0,1.0,0.0
-0.06812809161743492,-1.3637018004727384,-0.5155532268865595,-0.42379089612738885,-1.0002099857330198,-0.15991041275160156,-1.1562515639233817,0.0,1.0,0.0,0.0,1.0,0.0,0.0,0.0,1.0,0.0,1.0,1.0,0.0
0.4569668996095656,0.9763816119530818,0.9347689991930764,-1.2252866807654765,0.18844121856618382,-0.2582207988147826,0.9490144415132162,0.0,0.0,1.0,1.0,0.0,0.0,0.0,0.0,1.0,0.0,1.0,1.0,0.0
-1.118318074071436,-0.9719344640315071,-1.0329934351949626,-0.42379089612738885,0.18844121856618382,0.31094459418258175,-1.1562515639233817,1.0,0.0,0.0,0.0,1.0,0.0,0.0,1.0,0.0,1.0,0.0,1.0,0.0
0.6956464410763841,0.20336754529218706,0.7274014768815411,1.1792006731487863,0.005571802520152484,-0.24528522170120615,0.9490144415132162,1.0,0.0,0.0,0.0,0.0,0.0,1.0,0.0,1.0,1.0,0.0,1.0,0.0
0.027343724969292445,-0.7990959332486111,-0.2988754369743555,0.3777048885106987,0.09700651054316815,-0.5272808027771732,-1.1562515639233817,0.0,1.0,0.0,0.0,1.0,0.0,0.0,1.0,0.0,0.0,1.0,0.0,1.0
-0.06812809161743492,0.41127476348030817,0.05103432104814725,1.1792006731487863,-0.08586290550286318,1.9421208682045736,-0.10361856120508274,0.0,0.0,1.0,0.0,1.0,0.0,0.0,1.0,0.0,0.0,1.0,1.0,0.0
-1.1660539823647997,-0.8822588205238595,-1.0805913288264104,-0.42379089612738885,-0.7259058616639729,-0.5402163798907497,-1.1562515639233817,0.0,1.0,0.0,0.0,0.0,1.0,0.0,0.0,1.0,1.0,0.0,1.0,0.0
1.745836423530385,-1.5600864499420004,0.2278070807770473,-1.2252866807654765,-0.5430364456179415,0.31094459418258175,-1.1562515639233817,0.0,0.0,1.0,0.0,0.0,1.0,0.0,0.0,1.0,0.0,1.0,0.0,1.0
1.4116850654768394,-0.4944993340717967,0.8947892150363366,1.980696457786874,-0.9087752777100041,-1.0744557146814575,-0.10361856120508274,0.0,1.0,0.0,0.0,0.0,1.0,0.0,0.0,1.0,0.0,1.0,1.0,0.0
1.316213248890112,-0.6753535648330304,0.6649683174309259,1.1792006731487863,-0.9087752777100041,-1.5103846634089844,-0.10361856120508274,0.0,0.0,1.0,0.0,0.0,1.0,0.0,1.0,0.0,1.0,0.0,1.0,0.0
-0.25907172479088963,0.8816961559589734,0.04985864492047156,0.3777048885106987,-1.0002099857330198,-0.9800260017523493,-0.10361856120508274,1.0,0.0,0.0,0.0,1.0,0.0,0.0,0.0,1.0,1.0,0.0,1.0,0.0
0.2182873581427472,0.6417261378575035,0.45734934993601467,-0.42379089612738885,-0.08586290550286318,1.2073800881534305,0.9490144415132162,1.0,0.0,0.0,0.0,0.0,0.0,1.0,0.0,1.0,1.0,0.0,0.0,1.0
-0.8319026243112538,0.3832198135561285,-0.6940249405571874,0.3777048885106987,0.005571802520152484,-1.135252927115267,-0.10361856120508274,1.0,0.0,0.0,0.0,1.0,0.0,0.0,0.0,1.0,0.0,1.0,1.0,0.0
-0.25907172479088963,0.704348793938263,-0.06313538383596479,1.1792006731487863,0.27987592658919946,0.4609972887000686,2.0016474442315153,0.0,0.0,1.0,0.0,1.0,0.0,0.0,0.0,1.0,1.0,0.0,1.0,0.0
0.9343259825432024,-0.4574267216719873,0.558294397337717,-1.2252866807654765,-0.6344711536409572,-0.472951378900152,-0.10361856120508274,0.0,0.0,1.0,0.0,0.0,0.0,1.0,0.0,1.0,0.0,1.0,1.0,0.0
1.6503646069436575,-0.5255601714878536,1.0569849499452117,-1.2252866807654765,-0.6344711536409572,1.6122636518083737,-0.10361856120508274,1.0,0.0,0.0,1.0,0.0,0.0,0.0,1.0,0.0,0.0,1.0,1.0,0.0
-1.0705821657780723,1.1817839238979735,-0.8960645433074643,-0.42379089612738885,-0.08586290550286318,1.4492753801773102,2.0016474442315153,1.0,0.0,0.0,0.0,0.0,1.0,0.0,1.0,0.0,1.0,0.0,0.0,1.0
-0.6409589911377991,1.8786488407646649,-0.22302054138409,-0.42379089612738885,-0.9087752777100041,-0.311256664980446,2.0016474442315153,0.0,1.0,0.0,0.0,0.0,1.0,0.0,0.0,1.0,0.0,1.0,1.0,0.0
1.2207414323033845,-0.4649414404016784,0.7444589744564888,1.1792006731487863,-0.08586290550286318,-0.1780202207106087,-1.1562515639233817,0.0,1.0,0.0,0.0,0.0,1.0,0.0,1.0,0.0,0.0,1.0,1.0,0.0
-0.6886948994311628,0.7639655625271459,-0.4661544420768802,-0.42379089612738885,0.9199188827503091,-0.22717541374219902,-0.10361856120508274,1.0,0.0,0.0,1.0,0.0,0.0,0.0,1.0,0.0,0.0,1.0,0.0,1.0
-0.8319026243112538,-1.3110987693649006,-0.8893230940666881,1.1792006731487863,-0.8173405696869884,-0.6437009967993613,-1.1562515639233817,1.0,0.0,0.0,1.0,0.0,0.0,0.0,0.0,1.0,1.0,0.0,0.0,1.0
-1.0228462574847086,0.19034203282738885,-0.878599296786502,-1.2252866807654765,0.09700651054316815,0.1143238220562193,-0.10361856120508274,1.0,0.0,0.0,0.0,0.0,0.0,1.0,1.0,0.0,1.0,0.0,0.0,1.0
-1.2137898906581635,0.14775862669247267,-1.0792185740414943,-0.42379089612738885,-1.0002099857330198,0.13243363001522643,-0.10361856120508274,1.0,0.0,0.0,0.0,0.0,0.0,1.0,1.0,0.0,1.0,0.0,1.0,0.0
-0.4022794496709807,-1.3837410504185814,-0.6734540062307466,-0.42379089612738885,0.6456147586812622,-1.087391291795034,-1.1562515639233817,1.0,0.0,0.0,0.0,0.0,1.0,0.0,1.0,0.0,1.0,0.0,1.0,0.0
-0.9273744408979813,-0.8081135957242405,-0.9243011578189813,0.3777048885106987,2.2000047950725286,-1.4935684131613347,-1.1562515639233817,1.0,0.0,0.0,1.0,0.0,0.0,0.0,1.0,0.0,1.0,0.0,1.0,0.0
-1.1660539823647997,-0.30162155334305774,-1.0796467104348095,0.3777048885106987,0.6456147586812622,0.3562191140800994,-0.10361856120508274,1.0,0.0,0.0,0.0,0.0,1.0,0.0,0.0,1.0,1.0,0.0,1.0,0.0
-1.2137898906581635,-0.46644438414761663,-1.0875502441717277,-0.42379089612738885,0.7370494667042777,-1.1908759087036456,-0.10361856120508274,0.0,1.0,0.0,0.0,0.0,1.0,0.0,0.0,1.0,1.0,0.0,0.0,1.0
-0.5932230828444355,-0.6688408086006313,-0.6638787018151683,2.7821922424249617,0.4627453426352308,1.4311655722183034,-1.1562515639233817,1.0,0.0,0.0,0.0,0.0,1.0,0.0,0.0,1.0,1.0,0.0,1.0,0.0
0.9820618908365661,-0.45391985293146475,0.5952432476624148,1.1792006731487863,1.1027882987963404,-0.8403217689257234,-1.1562515639233817,1.0,0.0,0.0,0.0,1.0,0.0,0.0,0.0,1.0,1.0,0.0,1.0,0.0
1.55489279035693,0.8837000809535581,2.1042745261523983,1.1792006731487863,-0.36016702957191016,1.8554525015436114,-0.10361856120508274,0.0,1.0,0.0,0.0,0.0,1.0,0.0,1.0,0.0,0.0,1.0,1.0,0.0
-1.2137898906581635,-0.7845674770378749,-1.087754118644735,-1.2252866807654765,0.27987592658919946,0.3445770946778805,-1.1562515639233817,1.0,0.0,0.0,0.0,0.0,1.0,0.0,0.0,1.0,0.0,1.0,1.0,0.0
-0.4500153579643444,0.3461472011563184,-0.3318691225227104,-0.42379089612738885,-1.0002099857330198,-1.9256166887547888,0.9490144415132162,1.0,0.0,0.0,0.0,1.0,0.0,0.0,0.0,1.0,1.0,0.0,0.0,1.0
-1.0228462574847086,-0.8562077955942637,-0.984933426091365,-0.42379089612738885,0.09700651054316815,0.1479563225515184,-1.1562515639233817,1.0,0.0,0.0,0.0,0.0,1.0,0.0,0.0,1.0,1.0,0.0,0.0,1.0
-1.2137898906581635,-0.14832129125735838,-1.0800272761177565,0.3777048885106987,-0.08586290550286318,-0.25304656796935193,-0.10361856120508274,1.0,0.0,0.0,0.0,1.0,0.0,0.0,0.0,1.0,0.0,1.0,1.0,0.0
-0.8319026243112538,-0.6092240400117483,-0.8275355371139294,-1.2252866807654765,-0.17729761352587883,0.6602051762491462,-0.10361856120508274,1.0,0.0,0.0,0.0,0.0,0.0,1.0,0.0,1.0,0.0,1.0,1.0,0.0
-0.6886948994311628,-0.32917552201859174,-0.6689823594561188,-0.42379089612738885,-0.6344711536409572,-0.35911830030067915,-0.10361856120508274,0.0,0.0,1.0,0.0,1.0,0.0,0.0,1.0,0.0,0.0,1.0,1.0,0.0
1.6503646069436575,0.2835245450755589,1.6892880363459521,-0.42379089612738885,-1.0002099857330198,-1.053758791299735,-0.10361856120508274,1.0,0.0,0.0,0.0,1.0,0.0,0.0,0.0,1.0,0.0,1.0,1.0,0.0
-0.7364308077245265,0.1427488142060115,-0.6528015221151027,0.3777048885106987,-0.45160173759492583,-1.497449086295408,-0.10361856120508274,1.0,0.0,0.0,0.0,0.0,0.0,1.0,0.0,1.0,0.0,1.0,1.0,0.0
-0.6409589911377991,-0.15132717874923496,-0.5804056967501952,-0.42379089612738885,0.27987592658919946,0.1751210344900289,-1.1562515639233817,1.0,0.0,0.0,0.0,0.0,1.0,0.0,1.0,0.0,1.0,0.0,1.0,0.0
-0.7841667160178902,-0.6357760461899901,-0.7480041051937649,-1.2252866807654765,-0.6344711536409572,-0.4030992624868392,-0.10361856120508274,1.0,0.0,0.0,0.0,1.0,0.0,0.0,0.0,1.0,1.0,0.0,0.0,1.0
-0.5932230828444355,-1.3075919006243781,-0.7667401692631397,0.3777048885106987,-0.36016702957191016,0.2566151703055604,-1.1562515639233817,0.0,1.0,0.0,1.0,0.0,0.0,0.0,1.0,0.0,1.0,0.0,1.0,0.0
1.1730055240100208,0.7734842062514212,1.5740717758337355,1.980696457786874,1.4685271308884031,0.46875863496821446,-0.10361856120508274,0.0,0.0,1.0,1.0,0.0,0.0,0.0,1.0,0.0,1.0,0.0,0.0,1.0
-1.0228462574847086,0.4513532633719948,-0.8883037217016514,2.7821922424249617,2.5657436271645913,1.3199196090415455,-0.10361856120508274,1.0,0.0,0.0,0.0,0.0,0.0,1.0,1.0,0.0,0.0,1.0,0.0,1.0
-0.7364308077245265,0.2735049201026373,-0.6169807772077125,0.3777048885106987,0.7370494667042777,-1.1844081201468575,0.9490144415132162,1.0,0.0,0.0,0.0,0.0,1.0,0.0,0.0,1.0,0.0,1.0,1.0,0.0
-0.9751103491913449,-1.312601713110839,-0.9742096288111787,1.1792006731487863,-0.6344711536409572,-0.15214906648345575,-1.1562515639233817,1.0,0.0,0.0,0.0,0.0,1.0,0.0,1.0,0.0,1.0,0.0,1.0,0.0
-0.8796385326046176,-0.5951965650496582,-0.8681745154000599,0.3777048885106987,-0.8173405696869884,3.7259369521667676,-1.1562515639233817,0.0,1.0,0.0,0.0,0.0,1.0,0.0,0.0,1.0,0.0,1.0,0.0,1.0
1.2684773405967482,1.8641203845539283,2.492016590549297,0.3777048885106987,-0.08586290550286318,1.4945499000748277,2.0016474442315153,0.0,0.0,1.0,0.0,1.0,0.0,0.0,0.0,1.0,0.0,1.0,0.0,1.0
0.3614950830228382,-0.28208328464586074,0.19893845539920768,-0.42379089612738885,0.4627453426352308,-1.7975544753303816,-1.1562515639233817,1.0,0.0,0.0,0.0,0.0,0.0,1.0,0.0,1.0,1.0,0.0,0.0,1.0
0.40923099131620194,0.9909100681638183,0.8700592414605459,0.3777048885106987,-1.0002099857330198,0.2566151703055604,-0.10361856120508274,0.0,0.0,1.0,0.0,0.0,1.0,0.0,0.0,1.0,0.0,1.0,1.0,0.0
1.55489279035693,-1.5926502311039952,0.09504402395466567,-1.2252866807654765,2.931482459256654,-0.5997200346132013,-1.1562515639233817,0.0,0.0,1.0,1.0,0.0,0.0,0.0,0.0,1.0,0.0,1.0,1.0,0.0
-0.7364308077245265,0.6642702940465771,-0.547507152622577,-0.42379089612738885,-1.0002099857330198,0.07034285987005963,0.9490144415132162,1.0,0.0,0.0,1.0,0.0,0.0,0.0,0.0,1.0,0.0,1.0,1.0,0.0
-0.4500153579643444,-0.7274556146922223,-0.5812279904579915,-0.42379089612738885,0.6456147586812622,0.5114460394430169,-1.1562515639233817,0.0,1.0,0.0,1.0,0.0,0.0,0.0,1.0,0.0,0.0,1.0,1.0,0.0
-0.4022794496709807,-0.4013168218236266,-0.46459140445049063,-1.2252866807654765,-0.8173405696869884,-0.18966224011282756,-0.10361856120508274,0.0,1.0,0.0,0.0,0.0,1.0,0.0,1.0,0.0,0.0,1.0,1.0,0.0
0.9820618908365661,0.2990549637835874,1.046607739269138,-0.42379089612738885,1.9257006710034816,-0.3720538774142556,-0.10361856120508274,0.0,0.0,1.0,0.0,0.0,1.0,0.0,0.0,1.0,1.0,0.0,0.0,1.0
1.6503646069436575,-1.1102052886578242,0.5393884378741697,0.3777048885106987,-1.0002099857330198,0.20099218871718183,-1.1562515639233817,0.0,1.0,0.0,0.0,0.0,1.0,0.0,0.0,1.0,1.0,0.0,0.0,1.0
-0.4500153579643444,-0.4514149466882342,-0.4894165194470181,-1.2252866807654765,0.7370494667042777,-1.5453107216156405,-0.10361856120508274,0.0,1.0,0.0,0.0,0.0,1.0,0.0,1.0,0.0,0.0,1.0,1.0,0.0
0.8865900742498387,1.6401817664091325,1.8163290162925942,-1.2252866807654765,-0.6344711536409572,0.7326444080851744,2.0016474442315153,0.0,0.0,1.0,0.0,0.0,1.0,0.0,1.0,0.0,1.0,0.0,1.0,0.0
-1.0228462574847086,1.3085321798054306,-0.7781843230146186,0.3777048885106987,0.37131063461221514,0.24756026632605702,0.9490144415132162,1.0,0.0,0.0,1.0,0.0,0.0,0.0,0.0,1.0,0.0,1.0,0.0,1.0
0.027343724969292445,1.3175498422810596,0.524390072476596,-0.42379089612738885,0.5541800506582465,-0.19871714409233093,2.0016474442315153,0.0,1.0,0.0,1.0,0.0,0.0,0.0,0.0,1.0,1.0,0.0,0.0,1.0
1.8413082401171124,2.500366570334445,3.840170522389186,-0.42379089612738885,0.09700651054316815,1.3341487438664799,0.9490144415132162,1.0,0.0,0.0,0.0,0.0,1.0,0.0,0.0,1.0,1.0,0.0,0.0,1.0
1.0297977991299299,2.1862513274333555,2.390942422648023,1.1792006731487863,-0.17729761352587883,0.42607123049341233,2.0016474442315153,0.0,1.0,0.0,1.0,0.0,0.0,0.0,1.0,0.0,0.0,1.0,1.0,0.0
-0.06812809161743492,-1.1357553323387741,-0.4599906371762916,-0.42379089612738885,-0.8173405696869884,-0.01761906450226047,-1.1562515639233817,0.0,1.0,0.0,1.0,0.0,0.0,0.0,0.0,1.0,0.0,1.0,0.0,1.0
-0.11586399991079861,0.19785675155708027,-0.02520114022506522,-0.42379089612738885,-0.5430364456179415,1.0857856632858118,0.9490144415132162,0.0,1.0,0.0,0.0,0.0,1.0,0.0,0.0,1.0,1.0,0.0,1.0,0.0
-1.118318074071436,1.7048083474844766,-0.9582802366535385,-0.42379089612738885,1.194223006819356,-0.8377346535030082,2.0016474442315153,1.0,0.0,0.0,0.0,0.0,0.0,1.0,0.0,1.0,0.0,1.0,0.0,1.0
0.9820618908365661,-0.37025598440757,0.6334085490093893,0.3777048885106987,0.27987592658919946,-0.47165782118879424,-1.1562515639233817,0.0,0.0,1.0,0.0,0.0,0.0,1.0,1.0,0.0,1.0,0.0,0.0,1.0
-0.9751103491913449,-0.5205503590013928,-0.8776818616579688,-1.2252866807654765,0.4627453426352308,-0.5182258987976696,-0.10361856120508274,1.0,0.0,0.0,1.0,0.0,0.0,0.0,0.0,1.0,1.0,0.0,1.0,0.0
2.0799877815839305,1.9843558842289868,3.762086599227374,-0.42379089612738885,-0.5430364456179415,-0.15861685504024398,2.0016474442315153,0.0,0.0,1.0,0.0,0.0,1.0,0.0,0.0,1.0,1.0,0.0,0.0,1.0
-0.7364308077245265,-0.754007620870464,-0.7470187119075627,-1.2252866807654765,-0.5430364456179415,-1.0291811947839398,-0.10361856120508274,0.0,1.0,0.0,0.0,0.0,0.0,1.0,0.0,1.0,0.0,1.0,1.0,0.0
0.9820618908365661,0.6307045503872899,1.2895241738573868,0.3777048885106987,-0.9087752777100041,-1.4664037012228244,0.9490144415132162,0.0,1.0,0.0,1.0,0.0,0.0,0.0,1.0,0.0,0.0,1.0,1.0,0.0
0.12281554155601981,0.42880910718292126,0.2472702971334817,0.3777048885106987,-0.8173405696869884,0.4351261344729157,-0.10361856120508274,0.0,1.0,0.0,0.0,1.0,0.0,0.0,1.0,0.0,0.0,1.0,1.0,0.0
0.6956464410763841,-1.776510349357105,-0.4008126734780269,0.3777048885106987,0.18844121856618382,-1.4211291813253066,-1.1562515639233817,1.0,0.0,0.0,0.0,0.0,1.0,0.0,1.0,0.0,0.0,1.0,0.0,1.0
1.2207414323033845,-1.0616101075391546,0.3328432092704303,-0.42379089612738885,0.8284841747272934,-0.0732420460906394,-0.10361856120508274,0.0,0.0,1.0,0.0,0.0,1.0,0.0,1.0,0.0,0.0,1.0,1.0,0.0
-0.8319026243112538,0.23593132645418158,-0.6992237396188746,-0.42379089612738885,1.0113535907733249,-1.185701677858215,-0.10361856120508274,1.0,0.0,0.0,0.0,0.0,1.0,0.0,1.0,0.0,0.0,1.0,0.0,1.0
-0.9273744408979813,1.326066523508043,-0.684775835298421,-1.2252866807654765,0.005571802520152484,1.7183353841397007,2.0016474442315153,1.0,0.0,0.0,0.0,0.0,1.0,0.0,0.0,1.0,1.0,0.0,1.0,0.0
1.3639491571834756,0.4688876070746072,1.5940446783726885,0.3777048885106987,-0.8173405696869884,-0.5518583992929683,0.9490144415132162,0.0,1.0,0.0,0.0,0.0,1.0,0.0,1.0,0.0,1.0,0.0,1.0,0.0
0.6956464410763841,-1.261501625748939,-0.0323027677014877,1.1792006731487863,-0.5430364456179415,-0.5389228221793919,-1.1562515639233817,0.0,0.0,1.0,0.0,0.0,0.0,1.0,0.0,1.0,0.0,1.0,1.0,0.0
-1.0228462574847086,1.2599369986867615,-0.8198018987711843,0.3777048885106987,0.4627453426352308,1.7713712503053645,0.9490144415132162,1.0,0.0,0.0,0.0,0.0,1.0,0.0,1.0,0.0,1.0,0.0,1.0,0.0
-0.8319026243112538,-0.1578399349816337,-0.7464002926727739,-1.2252866807654765,0.09700651054316815,-0.14568127792666752,-0.10361856120508274,1.0,0.0,0.0,1.0,0.0,0.0,0.0,1.0,0.0,0.0,1.0,0.0,1.0
-0.25907172479088963,-1.629722843503805,-0.7298592770961113,-0.42379089612738885,-0.5430364456179415,-1.0330618679180128,-1.1562515639233817,0.0,1.0,0.0,0.0,0.0,1.0,0.0,0.0,1.0,0.0,1.0,1.0,0.0
-1.2137898906581635,0.7053507564355549,-1.0716548310929217,-0.42379089612738885,1.559961838911419,0.8891648911594495,0.9490144415132162,0.0,0.0,1.0,1.0,0.0,0.0,0.0,1.0,0.0,1.0,0.0,0.0,1.0
-0.6886948994311628,0.376707057323729,-0.5760020081332365,1.1792006731487863,-1.0002099857330198,1.5514664393745645,-0.10361856120508274,1.0,0.0,0.0,0.0,1.0,0.0,0.0,0.0,1.0,1.0,0.0,0.0,1.0
-0.8319026243112538,-0.5435954964391123,-0.8041647266915211,-0.42379089612738885,1.4685271308884031,0.6796085419195109,-1.1562515639233817,1.0,0.0,0.0,0.0,0.0,0.0,1.0,1.0,0.0,0.0,1.0,1.0,0.0
-0.7841667160178902,-1.0480836138257108,-0.8463395593409733,1.1792006731487863,-0.6344711536409572,-1.9256166887547888,-1.1562515639233817,1.0,0.0,0.0,1.0,0.0,0.0,0.0,1.0,0.0,1.0,0.0,1.0,0.0
-0.7364308077245265,0.25847548264325515,-0.5851967468658678,1.980696457786874,0.8284841747272934,-0.6876819589855212,0.9490144415132162,1.0,0.0,0.0,0.0,0.0,1.0,0.0,0.0,1.0,0.0,1.0,1.0,0.0
-1.1660539823647997,0.618180019171138,-1.0135234230227614,-1.2252866807654765,0.09700651054316815,-0.5078774371068084,0.9490144415132162,1.0,0.0,0.0,0.0,0.0,1.0,0.0,0.0,1.0,1.0,0.0,0.0,1.0
-0.7841667160178902,1.2854870423677107,-0.4740307925507306,-0.42379089612738885,-0.36016702957191016,0.5192073857111628,0.9490144415132162,0.0,1.0,0.0,0.0,0.0,1.0,0.0,1.0,0.0,0.0,1.0,0.0,1.0
-0.020392183324071236,0.5665789505605922,0.17884322817645049,-0.42379089612738885,-0.2687323215488945,2.4181501059841874,0.9490144415132162,0.0,1.0,0.0,0.0,0.0,1.0,0.0,0.0,1.0,0.0,1.0,0.0,1.0
-0.9751103491913449,0.48291508203669736,-0.8111100504053044,-0.42379089612738885,4.028698955532842,0.4816942120817909,-0.10361856120508274,0.0,1.0,0.0,0.0,0.0,1.0,0.0,1.0,0.0,0.0,1.0,0.0,1.0
-1.0705821657780723,-0.9128186766912701,-0.9940737982978608,-1.2252866807654765,0.005571802520152484,0.19064372702632051,-1.1562515639233817,1.0,0.0,0.0,1.0,0.0,0.0,0.0,0.0,1.0,1.0,0.0,1.0,0.0
-0.8796385326046176,1.8681282345430976,-0.5667732903217709,-0.42379089612738885,-0.6344711536409572,1.476440092115821,0.9490144415132162,1.0,0.0,0.0,0.0,0.0,1.0,0.0,0.0,1.0,1.0,0.0,0.0,1.0
0.31375917472947457,0.693828187716695,0.6024604040068746,-1.2252866807654765,-0.8173405696869884,-0.3073759918463733,2.0016474442315153,1.0,0.0,0.0,0.0,1.0,0.0,0.0,0.0,1.0,1.0,0.0,1.0,0.0
-0.8796385326046176,0.638720250365627,-0.7101785946351358,1.1792006731487863,-0.36016702957191016,-1.6125757226062383,0.9490144415132162,1.0,0.0,0.0,1.0,0.0,0.0,0.0,1.0,0.0,0.0,1.0,0.0,1.0
-1.2137898906581635,-0.15633699123569542,-1.0666870897673095,1.1792006731487863,-0.6344711536409572,0.03412324395204538,-0.10361856120508274,1.0,0.0,0.0,0.0,0.0,0.0,1.0,0.0,1.0,1.0,0.0,1.0,0.0
-0.11586399991079861,1.7909771222516015,0.47977554196682237,-0.42379089612738885,-0.5430364456179415,1.0793178747290237,2.0016474442315153,1.0,0.0,0.0,0.0,1.0,0.0,0.0,1.0,0.0,1.0,0.0,1.0,0.0
2.175459598170658,0.25496861390273295,2.20788353333473,1.980696457786874,-0.9087752777100041,-0.5337485913339614,-0.10361856120508274,0.0,0.0,1.0,0.0,0.0,1.0,0.0,0.0,1.0,0.0,1.0,0.0,1.0
1.0775337074232936,-0.9513942328370182,0.353366572886503,0.3777048885106987,-0.8173405696869884,0.8348354672824285,-1.1562515639233817,1.0,0.0,0.0,0.0,0.0,0.0,1.0,0.0,1.0,1.0,0.0,1.0,0.0
-0.7364308077245265,-1.2404604133058037,-0.8273248668251552,-0.42379089612738885,0.5541800506582465,0.1531305533969487,-1.1562515639233817,1.0,0.0,0.0,1.0,0.0,0.0,0.0,1.0,0.0,1.0,0.0,1.0,0.0
0.31375917472947457,0.6021486192144632,0.5298063376428246,-0.42379089612738885,-0.8173405696869884,-0.8118634992758553,0.9490144415132162,0.0,1.0,0.0,0.0,0.0,1.0,0.0,0.0,1.0,1.0,0.0,1.0,0.0
-0.5932230828444355,0.1322282079844442,-0.4817712267092427,0.3777048885106987,1.4685271308884031,0.4829877697931485,-0.10361856120508274,0.0,1.0,0.0,0.0,0.0,1.0,0.0,1.0,0.0,0.0,1.0,1.0,0.0
-0.8319026243112538,-1.1021895886794868,-0.8915113467436336,-0.42379089612738885,2.0171353790264974,0.4002000762662594,-1.1562515639233817,1.0,0.0,0.0,0.0,0.0,1.0,0.0,0.0,1.0,0.0,1.0,1.0,0.0
0.1705514498493835,0.18733614533551227,0.24475584529972444,0.3777048885106987,1.2856577148423718,2.0378441388450392,-0.10361856120508274,1.0,0.0,0.0,0.0,0.0,1.0,0.0,1.0,0.0,0.0,1.0,1.0,0.0
1.8413082401171124,-0.7189389334652388,1.0148780754534286,0.3777048885106987,-0.9087752777100041,0.15959834195373693,-1.1562515639233817,0.0,1.0,0.0,1.0,0.0,0.0,0.0,0.0,1.0,1.0,0.0,0.0,1.0
-0.06812809161743492,-0.9979854889611032,-0.40862786160997505,-1.2252866807654765,-0.9087752777100041,2.2758587577348464,-0.10361856120508274,0.0,0.0,1.0,1.0,0.0,0.0,0.0,0.0,1.0,0.0,1.0,0.0,1.0
0.40923099131620194,-1.5059804750882242,-0.3496673640162515,1.1792006731487863,3.480090707394748,1.846397597564108,-1.1562515639233817,0.0,0.0,1.0,0.0,0.0,0.0,1.0,1.0,0.0,1.0,0.0,1.0,0.0
0.2182873581427472,-1.3441635317755414,-0.3848289147942511,0.3777048885106987,-0.7259058616639729,-0.8209184032553587,-1.1562515639233817,0.0,1.0,0.0,0.0,0.0,1.0,0.0,0.0,1.0,0.0,1.0,1.0,0.0
1.55489279035693,-0.6498035211520803,0.8545919647750554,-1.2252866807654765,0.37131063461221514,1.6264927866333083,-0.10361856120508274,0.0,0.0,1.0,0.0,0.0,1.0,0.0,1.0,0.0,0.0,1.0,1.0,0.0
1.745836423530385,1.9507901405696997,3.2500694519009663,0.3777048885106987,-0.2687323215488945,-0.9722646554842034,2.0016474442315153,0.0,1.0,0.0,0.0,0.0,1.0,0.0,1.0,0.0,0.0,1.0,1.0,0.0
1.8413082401171124,0.24394702643251934,1.8696082119051802,-0.42379089612738885,-0.6344711536409572,-0.2646885873715708,-0.10361856120508274,0.0,0.0,1.0,0.0,1.0,0.0,0.0,1.0,0.0,1.0,0.0,1.0,0.0
-0.8319026243112538,0.7544469188028706,-0.6314898438700685,1.1792006731487863,0.18844121856618382,-0.8480831151938694,-0.10361856120508274,1.0,0.0,0.0,0.0,1.0,0.0,0.0,0.0,1.0,0.0,1.0,0.0,1.0
-0.8319026243112538,0.5455377381174569,-0.6531956794295836,1.1792006731487863,0.27987592658919946,-0.27374349135107456,-0.10361856120508274,1.0,0.0,0.0,1.0,0.0,0.0,0.0,0.0,1.0,0.0,1.0,1.0,0.0
-0.8796385326046176,-0.18088507241935325,-0.7885751253222262,0.3777048885106987,0.7370494667042777,-0.9037060967822481,-1.1562515639233817,1.0,0.0,0.0,0.0,0.0,1.0,0.0,0.0,1.0,1.0,0.0,0.0,1.0
-0.25907172479088963,0.9087491433858619,0.02290643958890077,0.3777048885106987,1.4685271308884031,-0.13403925852444865,0.9490144415132162,1.0,0.0,0.0,0.0,0.0,1.0,0.0,0.0,1.0,0.0,1.0,1.0,0.0
-0.9273744408979813,0.48842587577180413,-0.8159622628628792,-0.42379089612738885,0.7370494667042777,-0.9502741743911234,-0.10361856120508274,0.0,1.0,0.0,0.0,0.0,1.0,0.0,1.0,0.0,0.0,1.0,1.0,0.0
1.6503646069436575,-0.12427419132234689,1.3863305694570405,1.1792006731487863,2.3828742111185597,-0.703204651521813,-0.10361856120508274,0.0,1.0,0.0,0.0,0.0,0.0,1.0,1.0,0.0,1.0,0.0,1.0,0.0
-0.21133581649752597,-0.0661603664794019,-0.15383234106116475,0.3777048885106987,-0.36016702957191016,0.20099218871718183,-0.10361856120508274,0.0,0.0,1.0,1.0,0.0,0.0,0.0,0.0,1.0,1.0,0.0,0.0,1.0
-0.8319026243112538,-1.3687116129591992,-0.9038661398078787,-1.2252866807654765,0.5541800506582465,-0.004683487388684008,-1.1562515639233817,1.0,0.0,0.0,0.0,0.0,1.0,0.0,1.0,0.0,0.0,1.0,0.0,1.0
-0.5454871745510718,0.5600661943281926,-0.3474723155235391,-0.42379089612738885,-0.6344711536409572,-0.3435956077643872,-0.10361856120508274,1.0,0.0,0.0,0.0,0.0,1.0,0.0,0.0,1.0,1.0,0.0,1.0,0.0
0.31375917472947457,-0.5020140528014881,0.041459016632569096,-0.42379089612738885,0.6456147586812622,0.021187666838468917,-0.10361856120508274,1.0,0.0,0.0,0.0,0.0,1.0,0.0,0.0,1.0,0.0,1.0,0.0,1.0
-0.8796385326046176,1.095114167882202,-0.6999916668005357,0.3777048885106987,-0.2687323215488945,1.4065879757025084,0.9490144415132162,1.0,0.0,0.0,0.0,0.0,1.0,0.0,0.0,1.0,0.0,1.0,1.0,0.0
-0.4500153579643444,-0.3882913093588287,-0.5045847802387644,-0.42379089612738885,1.559961838911419,1.731270961253277,-0.10361856120508274,1.0,0.0,0.0,0.0,0.0,1.0,0.0,1.0,0.0,0.0,1.0,0.0,1.0
-0.020392183324071236,0.7804979437324663,0.2646539938652411,-0.42379089612738885,1.8342659629804658,0.20487286185125453,0.9490144415132162,1.0,0.0,0.0,0.0,1.0,0.0,0.0,1.0,0.0,1.0,0.0,1.0,0.0
-0.9751103491913449,-0.3567294906941258,-0.874209199801077,-0.42379089612738885,2.657178335187607,-1.113262446022187,-0.10361856120508274,0.0,1.0,0.0,0.0,0.0,1.0,0.0,0.0,1.0,0.0,1.0,0.0,1.0
-0.9751103491913449,2.2138052961088897,-0.660141003143367,-1.2252866807654765,0.8284841747272934,1.4984305732089007,2.0016474442315153,1.0,0.0,0.0,0.0,0.0,0.0,1.0,0.0,1.0,0.0,1.0,1.0,0.0
-0.354543541377617,1.200821211346524,0.007065393036230263,-0.42379089612738885,-0.6344711536409572,0.7210023886829555,0.9490144415132162,0.0,1.0,0.0,0.0,0.0,1.0,0.0,1.0,0.0,0.0,1.0,1.0,0.0
-1.118318074071436,1.5535120103933617,-0.9150248692971471,1.1792006731487863,-0.2687323215488945,-1.0046035982681445,2.0016474442315153,1.0,0.0,0.0,0.0,0.0,0.0,1.0,0.0,1.0,1.0,0.0,0.0,1.0
-1.0705821657780723,0.39123551353446556,-0.9251574306056121,1.1792006731487863,-0.9087752777100041,0.5334365205360968,-0.10361856120508274,1.0,0.0,0.0,0.0,0.0,1.0,0.0,0.0,1.0,0.0,1.0,1.0,0.0
0.7433823493697477,1.7043073662358301,1.6500422002920383,2.7821922424249617,0.6456147586812622,-0.9101738853390364,0.9490144415132162,0.0,0.0,1.0,0.0,1.0,0.0,0.0,0.0,1.0,1.0,0.0,1.0,0.0
-0.1635999082041623,-0.31765295329973214,-0.23882760885792598,0.3777048885106987,0.27987592658919946,0.9396136419023977,-0.10361856120508274,1.0,0.0,0.0,0.0,0.0,1.0,0.0,1.0,0.0,1.0,0.0,0.0,1.0
1.6503646069436575,-0.05664172275512657,1.3899391476292704,-0.42379089612738885,0.9199188827503091,-0.3746409928369708,-0.10361856120508274,1.0,0.0,0.0,0.0,0.0,1.0,0.0,0.0,1.0,0.0,1.0,0.0,1.0
1.2207414323033845,0.9959198806502788,1.7703757100767392,-0.42379089612738885,-0.5430364456179415,0.6019950792380522,0.9490144415132162,0.0,1.0,0.0,0.0,1.0,0.0,0.0,1.0,0.0,1.0,0.0,1.0,0.0
-0.5932230828444355,-0.5040179777960724,-0.6189107888855154,1.1792006731487863,0.7370494667042777,2.37287558608667,-1.1562515639233817,0.0,1.0,0.0,0.0,0.0,0.0,1.0,0.0,1.0,0.0,1.0,1.0,0.0
0.4569668996095656,1.470850104366759,1.1521399623135056,-0.42379089612738885,-0.8173405696869884,1.0974276826880305,0.9490144415132162,1.0,0.0,0.0,0.0,0.0,1.0,0.0,0.0,1.0,1.0,0.0,1.0,0.0
1.55489279035693,-0.13830166628443671,1.2282327114556126,1.980696457786874,0.4627453426352308,-0.040903103306698246,-1.1562515639233817,0.0,0.0,1.0,0.0,0.0,1.0,0.0,1.0,0.0,0.0,1.0,1.0,0.0
-0.5932230828444355,1.801998709721815,-0.17894288031990252,-0.42379089612738885,1.2856577148423718,-1.3745611037164314,0.9490144415132162,1.0,0.0,0.0,0.0,1.0,0.0,0.0,0.0,1.0,1.0,0.0,1.0,0.0
-0.7841667160178902,-1.2003819134141178,-0.8701113228936295,0.3777048885106987,-0.5430364456179415,-0.39016368537326274,-1.1562515639233817,0.0,1.0,0.0,0.0,0.0,1.0,0.0,0.0,1.0,0.0,1.0,1.0,0.0
1.4116850654768394,0.8771873247211593,1.9326258115117496,0.3777048885106987,4.485872495647921,-0.6126556117267777,0.9490144415132162,0.0,0.0,1.0,1.0,0.0,0.0,0.0,0.0,1.0,1.0,0.0,1.0,0.0
0.26602326643611085,0.43031205092885955,0.4304922860251807,0.3777048885106987,-1.0002099857330198,-1.0498781181656622,0.9490144415132162,0.0,1.0,0.0,0.0,0.0,1.0,0.0,1.0,0.0,1.0,0.0,1.0,0.0
-1.0228462574847086,-1.8506555741567245,-1.0207269877356875,-0.42379089612738885,-0.7259058616639729,-1.0227134062271517,-1.1562515639233817,1.0,0.0,0.0,0.0,1.0,0.0,0.0,0.0,1.0,1.0,0.0,0.0,1.0
-1.118318074071436,-0.22948025353802254,-1.0026705052430038,1.1792006731487863,1.2856577148423718,-0.5686746495406177,-0.10361856120508274,1.0,0.0,0.0,1.0,0.0,0.0,0.0,1.0,0.0,0.0,1.0,1.0,0.0
0.7911182576631114,-0.5085268090338868,0.4394083963113684,-0.42379089612738885,-0.6344711536409572,0.9215038339433906,-0.10361856120508274,0.0,1.0,0.0,0.0,0.0,1.0,0.0,0.0,1.0,1.0,0.0,0.0,1.0
-0.21133581649752597,1.3355851672323185,0.22679450422777764,0.3777048885106987,-0.2687323215488945,-0.03314175703855208,2.0016474442315153,1.0,0.0,0.0,1.0,0.0,0.0,0.0,0.0,1.0,0.0,1.0,1.0,0.0
0.027343724969292445,0.09014578309817366,0.034574855260687744,2.7821922424249617,0.27987592658919946,0.2993025747803629,-0.10361856120508274,0.0,1.0,0.0,1.0,0.0,0.0,0.0,1.0,0.0,1.0,0.0,1.0,0.0
-0.7841667160178902,0.18883908908145056,-0.6484725874715801,-1.2252866807654765,-0.8173405696869884,0.598114406103979,-0.10361856120508274,1.0,0.0,0.0,0.0,1.0,0.0,0.0,0.0,1.0,1.0,0.0,1.0,0.0
-0.06812809161743492,0.20837735777864755,0.01995025973029436,1.1792006731487863,-0.9087752777100041,0.7960287359416991,-0.10361856120508274,0.0,1.0,0.0,0.0,0.0,1.0,0.0,1.0,0.0,0.0,1.0,1.0,0.0
0.3614950830228382,-1.1663151885061847,-0.19033946336101298,-0.42379089612738885,0.4627453426352308,-1.9126811116412121,-1.1562515639233817,1.0,0.0,0.0,0.0,1.0,0.0,0.0,0.0,1.0,1.0,0.0,1.0,0.0
1.316213248890112,-1.2124054633816237,0.3032406357897642,1.980696457786874,-0.8173405696869884,1.6122636518083737,-1.1562515639233817,0.0,0.0,1.0,0.0,0.0,1.0,0.0,1.0,0.0,1.0,0.0,1.0,0.0
0.3614950830228382,-0.5796661463416297,0.08049418239770824,-0.42379089612738885,0.4627453426352308,-0.6708657087378719,-1.1562515639233817,1.0,0.0,0.0,0.0,0.0,1.0,0.0,1.0,0.0,1.0,0.0,1.0,0.0
-0.9273744408979813,-1.142268088571173,-0.9144879998515612,1.1792006731487863,-0.5430364456179415,-0.23623031772170275,-1.1562515639233817,1.0,0.0,0.0,1.0,0.0,0.0,0.0,1.0,0.0,1.0,0.0,1.0,0.0
0.3614950830228382,2.0048961154234757,1.229136554952612,-0.42379089612738885,-0.8173405696869884,1.4453947070432378,2.0016474442315153,1.0,0.0,0.0,1.0,0.0,0.0,0.0,0.0,1.0,0.0,1.0,1.0,0.0
-0.9751103491913449,0.7970303249377868,-0.8060539634747224,-1.2252866807654765,0.7370494667042777,1.1465828757196213,0.9490144415132162,1.0,0.0,0.0,0.0,1.0,0.0,0.0,0.0,1.0,0.0,1.0,0.0,1.0
-0.4500153579643444,-0.3857864031155985,-0.5347378147965505,1.980696457786874,3.480090707394748,-0.4574286863638602,-0.10361856120508274,1.0,0.0,0.0,0.0,1.0,0.0,0.0,0.0,1.0,1.0,0.0,1.0,0.0
-0.7841667160178902,-0.07617999145232356,-0.7065088541210037,0.3777048885106987,1.9257006710034816,1.5812182667357906,-0.10361856120508274,1.0,0.0,0.0,0.0,0.0,1.0,0.0,0.0,1.0,1.0,0.0,0.0,1.0
0.9820618908365661,-0.04562013528491296,0.8627877185899505,-0.42379089612738885,-0.45160173759492583,1.3535521095368446,-0.10361856120508274,0.0,0.0,1.0,0.0,0.0,1.0,0.0,0.0,1.0,1.0,0.0,0.0,1.0
-1.0228462574847086,0.4919327445123263,-0.8762887194257519,0.3777048885106987,0.37131063461221514,-1.2464988902920244,0.9490144415132162,1.0,0.0,0.0,0.0,0.0,0.0,1.0,0.0,1.0,1.0,0.0,1.0,0.0
-0.4500153579643444,-0.06766331022534018,-0.4441767738866887,1.980696457786874,-0.5430364456179415,-1.2969476410349727,-0.10361856120508274,0.0,0.0,1.0,0.0,0.0,1.0,0.0,0.0,1.0,1.0,0.0,1.0,0.0
-0.5932230828444355,-1.3827390879212895,-0.769866244515919,-0.42379089612738885,1.4685271308884031,-0.18707512469011206,-1.1562515639233817,0.0,0.0,1.0,0.0,0.0,0.0,1.0,1.0,0.0,1.0,0.0,1.0,0.0
-1.0705821657780723,0.28252258257826696,-0.9417935876030112,1.1792006731487863,1.3770924228653874,-0.37593455054832836,0.9490144415132162,0.0,1.0,0.0,1.0,0.0,0.0,0.0,0.0,1.0,1.0,0.0,1.0,0.0
-0.5932230828444355,0.42379929469646005,-0.45292978459447064,-0.42379089612738885,0.4627453426352308,-0.6372332082425731,-0.10361856120508274,0.0,1.0,0.0,0.0,1.0,0.0,0.0,0.0,1.0,0.0,1.0,0.0,1.0
-1.2137898906581635,-0.20743707859759533,-1.0730275858778378,-0.42379089612738885,0.7370494667042777,-1.6306855305652455,-0.10361856120508274,1.0,0.0,0.0,0.0,1.0,0.0,0.0,0.0,1.0,1.0,0.0,1.0,0.0
-1.2137898906581635,0.9864012369260035,-1.0678423784476845,-0.42379089612738885,0.7370494667042777,-1.1326658116925516,0.9490144415132162,1.0,0.0,0.0,0.0,0.0,1.0,0.0,1.0,0.0,0.0,1.0,0.0,1.0
1.3639491571834756,1.1462142552441017,2.0817531927008535,-0.42379089612738885,-1.0002099857330198,-1.0731621569700998,0.9490144415132162,0.0,0.0,1.0,0.0,0.0,1.0,0.0,0.0,1.0,0.0,1.0,1.0,0.0
0.26602326643611085,-0.2961107596079509,0.07863892469334141,-0.42379089612738885,-0.36016702957191016,-0.40956705104362745,-0.10361856120508274,0.0,1.0,0.0,0.0,0.0,1.0,0.0,0.0,1.0,1.0,0.0,1.0,0.0
-0.1635999082041623,0.17731652036259132,-0.11416516442970266,2.7821922424249617,-0.6344711536409572,-1.0990333111972526,0.9490144415132162,1.0,0.0,0.0,0.0,1.0,0.0,0.0,0.0,1.0,1.0,0.0,0.0,1.0
-1.2137898906581635,-0.08169078518743036,-1.0823310576627396,0.3777048885106987,-0.36016702957191016,-1.6125757226062383,0.9490144415132162,1.0,0.0,0.0,0.0,1.0,0.0,0.0,1.0,0.0,1.0,0.0,1.0,0.0
2.032251873290567,-0.5315719464716064,1.2880630734675012,0.3777048885106987,-0.45160173759492583,-0.09911320031779233,-0.10361856120508274,1.0,0.0,0.0,0.0,0.0,1.0,0.0,0.0,1.0,0.0,1.0,1.0,0.0
0.07507963326265613,-1.1137121573983468,-0.36098919308392585,-1.2252866807654765,-0.08586290550286318,2.120631832371929,-0.10361856120508274,0.0,1.0,0.0,0.0,1.0,0.0,0.0,0.0,1.0,1.0,0.0,1.0,0.0
1.6026286986502938,-0.22346847855426977,1.270794905603779,0.3777048885106987,-0.45160173759492583,-1.873874380300483,-0.10361856120508274,0.0,0.0,1.0,0.0,0.0,0.0,1.0,0.0,1.0,0.0,1.0,1.0,0.0
-0.8796385326046176,-0.8897735392535506,-0.9034719824933977,1.1792006731487863,1.3770924228653874,-1.0265940793612245,-1.1562515639233817,0.0,1.0,0.0,1.0,0.0,0.0,0.0,0.0,1.0,1.0,0.0,0.0,1.0
2.175459598170658,-0.8557068143456175,1.0941988370848188,1.1792006731487863,-0.6344711536409572,-1.361625526602855,-1.1562515639233817,0.0,0.0,1.0,1.0,0.0,0.0,0.0,0.0,1.0,1.0,0.0,0.0,1.0
-0.5454871745510718,0.21388815151375434,-0.45420060214288305,1.1792006731487863,-0.5430364456179415,0.781799601116765,-0.10361856120508274,0.0,1.0,0.0,0.0,1.0,0.0,0.0,0.0,1.0,0.0,1.0,1.0,0.0
1.0297977991299299,-0.33518729700234456,0.7289916977709985,0.3777048885106987,0.18844121856618382,2.0844122164539147,-0.10361856120508274,1.0,0.0,0.0,0.0,0.0,0.0,1.0,0.0,1.0,0.0,1.0,1.0,0.0
-1.0228462574847086,0.8862049871967883,-0.84643470076171,1.1792006731487863,0.18844121856618382,-0.3461827231871027,-0.10361856120508274,1.0,0.0,0.0,1.0,0.0,0.0,0.0,0.0,1.0,0.0,1.0,1.0,0.0
-0.11586399991079861,-0.5135366215203476,-0.26057421931204255,-0.42379089612738885,1.8342659629804658,1.2992226856598235,-0.10361856120508274,0.0,0.0,1.0,0.0,0.0,0.0,1.0,0.0,1.0,0.0,1.0,0.0,1.0
-0.1635999082041623,-0.5285660589797299,-0.3284780104550216,1.980696457786874,-0.5430364456179415,0.6951312344558025,-1.1562515639233817,0.0,1.0,0.0,0.0,0.0,1.0,0.0,1.0,0.0,1.0,0.0,0.0,1.0
0.07507963326265613,-0.05664172275512657,0.07060627045685214,1.1792006731487863,0.27987592658919946,0.2604958434396335,0.9490144415132162,0.0,1.0,0.0,1.0,0.0,0.0,0.0,1.0,0.0,1.0,0.0,1.0,0.0
1.0297977991299299,-0.7875733645297511,0.4058234747912924,1.1792006731487863,-0.17729761352587883,-0.2621014719488557,-1.1562515639233817,1.0,0.0,0.0,1.0,0.0,0.0,0.0,1.0,0.0,1.0,0.0,1.0,0.0
0.8388541659564751,-1.0601071637932167,0.108363822857812,-0.42379089612738885,-0.17729761352587883,0.9396136419023977,-1.1562515639233817,0.0,0.0,1.0,0.0,1.0,0.0,0.0,0.0,1.0,0.0,1.0,0.0,1.0
-1.1660539823647997,-0.45091396543958817,-1.0456404483371848,-0.42379089612738885,-0.9087752777100041,-0.1198101236995146,-0.10361856120508274,0.0,0.0,1.0,0.0,1.0,0.0,0.0,0.0,1.0,1.0,0.0,0.0,1.0
0.6001746244896566,-1.00349628269621,-0.04067521272632253,0.3777048885106987,0.5541800506582465,-1.9256166887547888,-0.10361856120508274,0.0,0.0,1.0,0.0,1.0,0.0,0.0,1.0,0.0,1.0,0.0,1.0,0.0
-0.5454871745510718,-0.27557052841346164,-0.541057923459778,-0.42379089612738885,1.559961838911419,-0.4884740714364438,-1.1562515639233817,1.0,0.0,0.0,0.0,0.0,1.0,0.0,0.0,1.0,1.0,0.0,1.0,0.0
-1.2137898906581635,1.5910856040418175,-1.0533469034168623,-0.42379089612738885,-0.17729761352587883,0.2902476708008595,0.9490144415132162,1.0,0.0,0.0,0.0,0.0,1.0,0.0,0.0,1.0,0.0,1.0,1.0,0.0
0.26602326643611085,-0.7975929895026728,-0.095266000781922,0.3777048885106987,-0.45160173759492583,-0.6178298425722084,-1.1562515639233817,0.0,1.0,0.0,0.0,0.0,1.0,0.0,0.0,1.0,1.0,0.0,1.0,0.0
-0.020392183324071236,-0.41534429678571677,-0.18093405433960746,0.3777048885106987,0.4627453426352308,0.9810074886658423,-0.10361856120508274,0.0,1.0,0.0,1.0,0.0,0.0,0.0,1.0,0.0,1.0,0.0,1.0,0.0
-0.4977512662577081,0.14475273920059611,-0.39764582333064613,-1.2252866807654765,-1.0002099857330198,0.583885271279045,-0.10361856120508274,1.0,0.0,0.0,0.0,0.0,1.0,0.0,0.0,1.0,0.0,1.0,1.0,0.0
-0.5932230828444355,0.6858124877383579,-0.3889607707805333,0.3777048885106987,-0.2687323215488945,-0.6514623430675072,0.9490144415132162,0.0,1.0,0.0,1.0,0.0,0.0,0.0,0.0,1.0,0.0,1.0,1.0,0.0
-1.1660539823647997,-0.42636588425593036,-1.0508868181092406,1.980696457786874,-0.9087752777100041,-0.030554641615836934,-1.1562515639233817,1.0,0.0,0.0,0.0,0.0,1.0,0.0,0.0,1.0,1.0,0.0,0.0,1.0
-0.5932230828444355,-0.014559297868856022,-0.5224781631530422,-0.42379089612738885,-0.17729761352587883,1.4246977836615151,-0.10361856120508274,0.0,1.0,0.0,0.0,0.0,0.0,1.0,0.0,1.0,1.0,0.0,0.0,1.0
-0.1635999082041623,-0.2329871222785451,-0.23508311437035778,0.3777048885106987,-1.0002099857330198,1.8554525015436114,-1.1562515639233817,0.0,1.0,0.0,0.0,0.0,0.0,1.0,1.0,0.0,1.0,0.0,0.0,1.0
-0.7364308077245265,0.1948508640652037,-0.612114973118604,-0.42379089612738885,-0.5430364456179415,0.039297474797476036,-0.10361856120508274,0.0,1.0,0.0,0.0,1.0,0.0,0.0,1.0,0.0,1.0,0.0,1.0,0.0
0.3614950830228382,0.06810260815774644,0.33800802925328327,0.3777048885106987,0.6456147586812622,1.2358383578032985,-0.10361856120508274,0.0,0.0,1.0,0.0,0.0,1.0,0.0,0.0,1.0,1.0,0.0,1.0,0.0
-0.7364308077245265,-0.5516111964174494,-0.7403724040875234,-0.42379089612738885,-0.5430364456179415,1.66918019110811,-0.10361856120508274,1.0,0.0,0.0,1.0,0.0,0.0,0.0,0.0,1.0,1.0,0.0,1.0,0.0
-0.4022794496709807,-1.5410491624934495,-0.7548135125922101,-1.2252866807654765,-0.9087752777100041,-1.3331672569529867,-1.1562515639233817,1.0,0.0,0.0,1.0,0.0,0.0,0.0,0.0,1.0,1.0,0.0,1.0,0.0
0.26602326643611085,0.10116737056838727,0.27815048397832715,0.3777048885106987,-0.8173405696869884,-0.9282836932980435,0.9490144415132162,0.0,1.0,0.0,0.0,0.0,1.0,0.0,0.0,1.0,1.0,0.0,0.0,1.0
-1.2137898906581635,-0.522554283995977,-1.0883113755376217,0.3777048885106987,-0.6344711536409572,-0.8778349425550952,-0.10361856120508274,1.0,0.0,0.0,0.0,1.0,0.0,0.0,1.0,0.0,0.0,1.0,1.0,0.0
0.1705514498493835,-0.1352957787925605,0.09590029674129649,-0.42379089612738885,0.27987592658919946,0.13890141857201466,-0.10361856120508274,0.0,1.0,0.0,0.0,0.0,1.0,0.0,1.0,0.0,1.0,0.0,0.0,1.0
-0.8796385326046176,0.45085228212334844,-0.7223906755682759,-1.2252866807654765,-0.8173405696869884,1.5967409592720823,-0.10361856120508274,1.0,0.0,0.0,0.0,1.0,0.0,0.0,0.0,1.0,0.0,1.0,0.0,1.0
-0.11586399991079861,-0.9007951267237646,-0.38263386630153884,-1.2252866807654765,-1.0002099857330198,0.6356275797333509,-1.1562515639233817,0.0,1.0,0.0,0.0,0.0,1.0,0.0,0.0,1.0,1.0,0.0,1.0,0.0
1.459420973770203,1.3425989047133635,2.3572963387860444,-0.42379089612738885,-0.2687323215488945,-0.7407178251511848,0.9490144415132162,0.0,1.0,0.0,0.0,0.0,1.0,0.0,0.0,1.0,1.0,0.0,1.0,0.0
-0.020392183324071236,-0.667337864854693,-0.27023786933259064,0.3777048885106987,-0.2687323215488945,0.15701122653102179,-1.1562515639233817,0.0,0.0,1.0,0.0,0.0,0.0,1.0,0.0,1.0,1.0,0.0,1.0,0.0
-0.6409589911377991,-0.45892966541792557,-0.6489958652856322,2.7821922424249617,-0.8173405696869884,-0.9929615788659258,-0.10361856120508274,1.0,0.0,0.0,1.0,0.0,0.0,0.0,0.0,1.0,0.0,1.0,0.0,1.0
-0.21133581649752597,0.36618645110216175,-0.06403243151719705,-1.2252866807654765,0.9199188827503091,1.2151414344215765,-0.10361856120508274,0.0,1.0,0.0,1.0,0.0,0.0,0.0,0.0,1.0,1.0,0.0,0.0,1.0
0.2182873581427472,-1.2895565756731193,-0.36465893359805807,-0.42379089612738885,0.4627453426352308,0.6226920026197744,-1.1562515639233817,0.0,1.0,0.0,0.0,0.0,0.0,1.0,1.0,0.0,0.0,1.0,1.0,0.0
1.316213248890112,1.2088369113248612,2.0281749811945247,-0.42379089612738885,-0.08586290550286318,1.1310601831833296,0.9490144415132162,0.0,1.0,0.0,0.0,0.0,1.0,0.0,0.0,1.0,1.0,0.0,1.0,0.0
-0.8796385326046176,-1.1608043947710778,-0.9417732001557105,-0.42379089612738885,1.9257006710034816,-0.7445984982852577,-0.10361856120508274,1.0,0.0,0.0,0.0,0.0,1.0,0.0,1.0,0.0,1.0,0.0,1.0,0.0
-0.5454871745510718,-0.6302652524548833,-0.568064495317484,1.1792006731487863,1.4685271308884031,-0.297027530155512,-1.1562515639233817,1.0,0.0,0.0,0.0,1.0,0.0,0.0,0.0,1.0,0.0,1.0,1.0,0.0
-0.6409589911377991,2.9607683378401886,-0.025058428093960056,1.1792006731487863,0.005571802520152484,1.388478167743501,2.0016474442315153,1.0,0.0,0.0,0.0,1.0,0.0,0.0,1.0,0.0,1.0,0.0,1.0,0.0
0.31375917472947457,-0.03860639780386787,0.2601551638275458,-0.42379089612738885,3.388655999371732,1.3406165324232682,-0.10361856120508274,0.0,1.0,0.0,0.0,0.0,1.0,0.0,0.0,1.0,1.0,0.0,1.0,0.0
0.8865900742498387,-0.5445974589364042,0.4518379433490497,-0.42379089612738885,0.4627453426352308,-1.631979088276603,-0.10361856120508274,0.0,1.0,0.0,0.0,0.0,1.0,0.0,1.0,0.0,1.0,0.0,1.0,0.0
1.0775337074232936,2.407184058086275,2.5889724940958225,-0.42379089612738885,-0.6344711536409572,1.4544496110227412,2.0016474442315153,0.0,0.0,1.0,0.0,0.0,1.0,0.0,1.0,0.0,1.0,0.0,0.0,1.0
0.7433823493697477,0.16178610165456286,0.7889239970193904,0.3777048885106987,-0.2687323215488945,-0.13015858539037556,-0.10361856120508274,0.0,0.0,1.0,0.0,1.0,0.0,0.0,0.0,1.0,1.0,0.0,1.0,0.0
1.2684773405967482,0.026020183271475886,1.140376405220982,-1.2252866807654765,1.3770924228653874,-0.47424493661150957,-0.10361856120508274,1.0,0.0,0.0,1.0,0.0,0.0,0.0,0.0,1.0,1.0,0.0,0.0,1.0
-1.0228462574847086,1.5444943479177322,-0.8201009146649282,1.1792006731487863,0.18844121856618382,-0.7006175360990976,0.9490144415132162,1.0,0.0,0.0,1.0,0.0,0.0,0.0,1.0,0.0,0.0,1.0,0.0,1.0
0.1705514498493835,1.7694349285598199,0.8582481136576539,1.1792006731487863,-0.08586290550286318,-0.6165362848608507,2.0016474442315153,0.0,1.0,0.0,0.0,1.0,0.0,0.0,1.0,0.0,0.0,1.0,1.0,0.0
-0.7364308077245265,0.057582001936178795,-0.6290909209043487,-0.42379089612738885,-0.45160173759492583,0.4816942120817909,-0.10361856120508274,1.0,0.0,0.0,0.0,0.0,1.0,0.0,0.0,1.0,1.0,0.0,0.0,1.0
0.2182873581427472,-1.1708240197439992,-0.31589215965470163,-0.42379089612738885,-0.2687323215488945,-0.14438772021530996,-1.1562515639233817,0.0,0.0,1.0,0.0,0.0,1.0,0.0,0.0,1.0,0.0,1.0,1.0,0.0
0.40923099131620194,1.4082274482859996,1.026566878572516,-0.42379089612738885,0.7370494667042777,-0.8558444614620152,0.9490144415132162,1.0,0.0,0.0,0.0,0.0,1.0,0.0,0.0,1.0,1.0,0.0,0.0,1.0
-0.5454871745510718,-0.3958060280885198,-0.5789038214657078,-1.2252866807654765,2.657178335187607,-0.42120907044584593,-0.10361856120508274,1.0,0.0,0.0,0.0,1.0,0.0,0.0,0.0,1.0,1.0,0.0,1.0,0.0
-0.25907172479088963,1.2694556424110366,0.12256707781065695,-0.42379089612738885,-1.0002099857330198,-0.2957339724441544,2.0016474442315153,0.0,1.0,0.0,0.0,1.0,0.0,0.0,0.0,1.0,1.0,0.0,0.0,1.0
1.55489279035693,-1.273024194467799,0.34196998984539256,0.3777048885106987,0.37131063461221514,-1.0951526380631798,-1.1562515639233817,0.0,0.0,1.0,0.0,0.0,1.0,0.0,0.0,1.0,1.0,0.0,0.0,1.0
0.6001746244896566,1.7058103099817685,1.4427086570593377,0.3777048885106987,0.27987592658919946,1.3781297060526396,0.9490144415132162,0.0,0.0,1.0,0.0,1.0,0.0,0.0,1.0,0.0,1.0,0.0,1.0,0.0
-0.9273744408979813,1.0314895493041507,-0.7206305592846457,-0.42379089612738885,1.3770924228653874,2.2797394308689194,0.9490144415132162,1.0,0.0,0.0,0.0,0.0,1.0,0.0,0.0,1.0,0.0,1.0,1.0,0.0
-0.4500153579643444,0.19034203282738885,-0.37974564460060145,0.3777048885106987,1.0113535907733249,-0.42767685900263436,0.9490144415132162,1.0,0.0,0.0,0.0,0.0,0.0,1.0,1.0,0.0,0.0,1.0,0.0,1.0
-0.6886948994311628,0.006982895822925228,-0.6465153925307097,-0.42379089612738885,-0.36016702957191016,0.583885271279045,-0.10361856120508274,0.0,1.0,0.0,1.0,0.0,0.0,0.0,1.0,0.0,1.0,0.0,1.0,0.0
0.027343724969292445,1.3751626858753587,0.5313082129273117,-0.42379089612738885,0.005571802520152484,0.14278209170608774,0.9490144415132162,1.0,0.0,0.0,1.0,0.0,0.0,0.0,0.0,1.0,0.0,1.0,1.0,0.0
0.9343259825432024,-0.6803633773194909,0.4058982287647282,1.980696457786874,0.18844121856618382,0.02248122454982649,-0.10361856120508274,0.0,1.0,0.0,0.0,1.0,0.0,0.0,1.0,0.0,1.0,0.0,1.0,0.0
-1.0228462574847086,-0.6207466087306079,-0.9261835987864158,0.3777048885106987,0.5541800506582465,-0.5169323410863118,-0.10361856120508274,0.0,1.0,0.0,0.0,0.0,0.0,1.0,0.0,1.0,1.0,0.0,1.0,0.0
-1.2137898906581635,-0.5771612400983995,-1.0820388375847625,0.3777048885106987,0.09700651054316815,0.031536128529330236,-1.1562515639233817,1.0,0.0,0.0,0.0,1.0,0.0,0.0,1.0,0.0,0.0,1.0,1.0,0.0
-0.9273744408979813,-0.35572752819683384,-0.8784226055765622,-0.42379089612738885,-0.7259058616639729,0.009545647436250028,-0.10361856120508274,1.0,0.0,0.0,0.0,1.0,0.0,0.0,1.0,0.0,1.0,0.0,0.0,1.0
-0.9751103491913449,-1.0535944075608177,-0.9566900157640812,-0.42379089612738885,-0.17729761352587883,1.472559418981748,-1.1562515639233817,1.0,0.0,0.0,0.0,1.0,0.0,0.0,1.0,0.0,1.0,0.0,1.0,0.0
0.31375917472947457,-2.211362073181899,-0.6918774627748434,0.3777048885106987,0.8284841747272934,1.4647980727136025,-1.1562515639233817,1.0,0.0,0.0,0.0,0.0,1.0,0.0,0.0,1.0,1.0,0.0,0.0,1.0
-1.118318074071436,-1.1026905699281329,-1.0157728380416091,-0.42379089612738885,-0.9087752777100041,1.209967203576146,-0.10361856120508274,1.0,0.0,0.0,0.0,1.0,0.0,0.0,1.0,0.0,1.0,0.0,1.0,0.0
-0.9751103491913449,2.0003872841856607,-0.7093291176642719,2.7821922424249617,-1.0002099857330198,1.9964502920815945,2.0016474442315153,1.0,0.0,0.0,0.0,0.0,1.0,0.0,1.0,0.0,1.0,0.0,1.0,0.0
1.0297977991299299,0.7469322000731792,1.410523673587245,-0.42379089612738885,-0.45160173759492583,-0.5428034953134647,-0.10361856120508274,0.0,1.0,0.0,0.0,0.0,1.0,0.0,1.0,0.0,0.0,1.0,0.0,1.0
-1.118318074071436,-1.300578163143333,-1.0670948387133241,-0.42379089612738885,0.7370494667042777,0.5463720976496732,-1.1562515639233817,0.0,0.0,1.0,0.0,1.0,0.0,0.0,1.0,0.0,1.0,0.0,0.0,1.0
1.6981005152370212,-0.8557068143456175,0.7910782706175011,0.3777048885106987,-0.8173405696869884,-0.12886502767901797,-1.1562515639233817,0.0,1.0,0.0,0.0,1.0,0.0,0.0,0.0,1.0,1.0,0.0,1.0,0.0
-0.8319026243112538,1.192805511368187,-0.5917547090809373,1.1792006731487863,-0.7259058616639729,0.12079161061300753,0.9490144415132162,1.0,0.0,0.0,1.0,0.0,0.0,0.0,0.0,1.0,1.0,0.0,0.0,1.0
1.4116850654768394,-0.745991920892127,0.7385941854496442,-0.42379089612738885,-0.9087752777100041,1.6122636518083737,-1.1562515639233817,0.0,1.0,0.0,0.0,1.0,0.0,0.0,1.0,0.0,1.0,0.0,1.0,0.0
-0.354543541377617,-0.32516767202942326,-0.3787602513143993,-1.2252866807654765,1.4685271308884031,-0.8817156156891681,-0.10361856120508274,0.0,1.0,0.0,1.0,0.0,0.0,0.0,1.0,0.0,1.0,0.0,1.0,0.0
1.6981005152370212,0.4558620946098089,1.917607058666875,1.1792006731487863,-0.7259058616639729,0.3588062295028145,-0.10361856120508274,0.0,0.0,1.0,0.0,1.0,0.0,0.0,1.0,0.0,0.0,1.0,1.0,0.0
-0.6409589911377991,1.700800497495308,-0.26297993809352915,0.3777048885106987,-1.0002099857330198,-0.5259872450658154,2.0016474442315153,1.0,0.0,0.0,1.0,0.0,0.0,0.0,1.0,0.0,1.0,0.0,1.0,0.0
-0.7841667160178902,0.17230670787613014,-0.6826011742530093,-1.2252866807654765,2.4743089191415755,-0.29444041473279686,-0.10361856120508274,0.0,1.0,0.0,1.0,0.0,0.0,0.0,1.0,0.0,0.0,1.0,1.0,0.0
-0.6886948994311628,0.790517568705388,-0.46064303548991503,-0.42379089612738885,-0.45160173759492583,-1.7587477439896522,0.9490144415132162,0.0,1.0,0.0,1.0,0.0,0.0,0.0,0.0,1.0,1.0,0.0,0.0,1.0
-0.8319026243112538,-0.7580154708596328,-0.845449307475508,1.1792006731487863,-0.2687323215488945,2.3806369323548155,-1.1562515639233817,1.0,0.0,0.0,0.0,1.0,0.0,0.0,1.0,0.0,0.0,1.0,0.0,1.0
1.316213248890112,0.7188772501489988,1.7680923159790571,-0.42379089612738885,0.37131063461221514,-1.9256166887547888,-0.10361856120508274,0.0,1.0,0.0,0.0,1.0,0.0,0.0,0.0,1.0,0.0,1.0,0.0,1.0
-0.06812809161743492,-0.3692540219102777,-0.1820553639411479,0.3777048885106987,-0.36016702957191016,0.41960344193662413,-0.10361856120508274,0.0,0.0,1.0,1.0,0.0,0.0,0.0,0.0,1.0,1.0,0.0,1.0,0.0
0.7911182576631114,-0.8141253707079932,0.21226505011812094,0.3777048885106987,0.18844121856618382,-0.9645033092160575,-1.1562515639233817,0.0,1.0,0.0,0.0,0.0,1.0,0.0,0.0,1.0,0.0,1.0,1.0,0.0
2.0799877815839305,-0.05463779776054231,1.7849867139755986,-1.2252866807654765,-1.0002099857330198,-0.6230040734176389,-0.10361856120508274,0.0,0.0,1.0,0.0,0.0,1.0,0.0,0.0,1.0,1.0,0.0,1.0,0.0
-1.118318074071436,-0.6442927274169735,-1.0104041435857491,1.1792006731487863,1.6513965469344345,0.2708443051304948,-1.1562515639233817,0.0,1.0,0.0,0.0,0.0,1.0,0.0,0.0,1.0,0.0,1.0,1.0,0.0
-0.25907172479088963,1.7919790847488934,0.3254085868214292,-1.2252866807654765,1.6513965469344345,0.06516862902462896,2.0016474442315153,0.0,0.0,1.0,0.0,1.0,0.0,0.0,1.0,0.0,1.0,0.0,1.0,0.0
-1.2137898906581635,0.7273939313759822,-1.0673123048178654,-0.42379089612738885,-0.9087752777100041,-0.6398203236652883,-0.10361856120508274,1.0,0.0,0.0,1.0,0.0,0.0,0.0,0.0,1.0,0.0,1.0,1.0,0.0
1.316213248890112,-0.5310709652229604,0.8016729473981161,0.3777048885106987,0.9199188827503091,0.058700840467840736,-0.10361856120508274,0.0,1.0,0.0,0.0,1.0,0.0,0.0,1.0,0.0,1.0,0.0,1.0,0.0
-0.8319026243112538,1.7584133410896063,-0.5347785896911519,-0.42379089612738885,-0.2687323215488945,-0.5544455147156837,2.0016474442315153,1.0,0.0,0.0,0.0,0.0,1.0,0.0,0.0,1.0,0.0,1.0,1.0,0.0
1.8413082401171124,-0.35272164070495726,1.301783825500895,-0.42379089612738885,-0.8173405696869884,0.07422353300413234,-1.1562515639233817,0.0,0.0,1.0,0.0,0.0,0.0,1.0,0.0,1.0,1.0,0.0,1.0,0.0
2.0799877815839305,-1.2900575569217654,0.6369015983135816,0.3777048885106987,-0.6344711536409572,-0.1198101236995146,-1.1562515639233817,0.0,0.0,1.0,0.0,0.0,1.0,0.0,0.0,1.0,1.0,0.0,1.0,0.0
-0.6886948994311628,-0.0105514478796875,-0.5878267275676625,-0.42379089612738885,-0.9087752777100041,1.1918573956171388,-0.10361856120508274,1.0,0.0,0.0,1.0,0.0,0.0,0.0,0.0,1.0,1.0,0.0,1.0,0.0
1.316213248890112,1.2003202300978777,2.03879004542244,0.3777048885106987,0.09700651054316815,1.3742490329185673,2.0016474442315153,0.0,1.0,0.0,0.0,1.0,0.0,0.0,0.0,1.0,0.0,1.0,0.0,1.0
0.12281554155601981,0.36618645110216175,0.2502808435182235,2.7821922424249617,-0.7259058616639729,-1.5983465877813041,-0.10361856120508274,0.0,1.0,0.0,0.0,0.0,1.0,0.0,0.0,1.0,0.0,1.0,0.0,1.0
0.26602326643611085,0.4017561197560328,0.44339074435077863,-1.2252866807654765,-0.8173405696869884,-1.013658502247648,-0.10361856120508274,0.0,0.0,1.0,0.0,0.0,1.0,0.0,1.0,0.0,1.0,0.0,0.0,1.0
-0.8796385326046176,1.1111455678388762,-0.6603176943533067,-1.2252866807654765,0.27987592658919946,1.5954474015607243,0.9490144415132162,1.0,0.0,0.0,0.0,0.0,1.0,0.0,0.0,1.0,1.0,0.0,1.0,0.0
1.2684773405967482,-1.598161024839102,-0.02725347658667246,-0.42379089612738885,-0.8173405696869884,0.18158882304681712,-1.1562515639233817,0.0,0.0,1.0,0.0,1.0,0.0,0.0,1.0,0.0,1.0,0.0,1.0,0.0
0.5047028079029293,-0.9323569453884671,-0.019152864192513986,-1.2252866807654765,-0.5430364456179415,-1.3693868728710008,-0.10361856120508274,0.0,1.0,0.0,0.0,0.0,0.0,1.0,0.0,1.0,1.0,0.0,1.0,0.0
-0.6886948994311628,-1.0646159950310312,-0.7890440366101431,-0.42379089612738885,0.6456147586812622,-0.1650846435970322,-1.1562515639233817,0.0,1.0,0.0,0.0,0.0,0.0,1.0,0.0,1.0,0.0,1.0,1.0,0.0
0.40923099131620194,-1.7930427305624255,-0.4555121945858969,-1.2252866807654765,-0.2687323215488945,0.3626869026368876,-1.1562515639233817,0.0,0.0,1.0,0.0,0.0,0.0,1.0,0.0,1.0,1.0,0.0,0.0,1.0
-0.06812809161743492,-0.26755482843512457,-0.14716564579382468,1.1792006731487863,-0.9087752777100041,0.7093603692807365,-1.1562515639233817,0.0,1.0,0.0,0.0,1.0,0.0,0.0,0.0,1.0,1.0,0.0,0.0,1.0
0.8865900742498387,-0.6377799711845747,0.45155931490260615,-0.42379089612738885,-1.0002099857330198,0.025068339972542004,-1.1562515639233817,0.0,0.0,1.0,1.0,0.0,0.0,0.0,1.0,0.0,0.0,1.0,0.0,1.0
1.9367800567038396,-0.9243412454101301,0.8865390946953062,1.1792006731487863,-0.36016702957191016,0.91632960309796,-1.1562515639233817,0.0,1.0,0.0,0.0,1.0,0.0,0.0,0.0,1.0,0.0,1.0,1.0,0.0
2.175459598170658,-0.3662481344184015,1.599991017168736,0.3777048885106987,-0.17729761352587883,2.2564553920644816,-0.10361856120508274,0.0,0.0,1.0,0.0,1.0,0.0,0.0,0.0,1.0,0.0,1.0,1.0,0.0
-1.118318074071436,-0.9764432952693219,-1.0432143421083975,0.3777048885106987,-0.36016702957191016,0.3807967105958947,-1.1562515639233817,1.0,0.0,0.0,0.0,0.0,1.0,0.0,1.0,0.0,1.0,0.0,1.0,0.0
-1.118318074071436,-0.42235803426676183,-0.9969416325514975,-1.2252866807654765,-0.36016702957191016,1.4014137448570774,-0.10361856120508274,1.0,0.0,0.0,1.0,0.0,0.0,0.0,0.0,1.0,0.0,1.0,1.0,0.0
0.12281554155601981,-1.367208669213261,-0.4619614237486959,-0.42379089612738885,-0.8173405696869884,0.4778135389477182,-1.1562515639233817,0.0,0.0,1.0,1.0,0.0,0.0,0.0,0.0,1.0,1.0,0.0,1.0,0.0
-0.8319026243112538,1.1326877615306579,-0.580650346117804,-1.2252866807654765,-0.5430364456179415,1.816645770202882,2.0016474442315153,1.0,0.0,0.0,0.0,0.0,1.0,0.0,0.0,1.0,1.0,0.0,1.0,0.0
-1.2137898906581635,-0.19942137861925827,-1.0524770389986977,-0.42379089612738885,-0.9087752777100041,0.03412324395204538,-0.10361856120508274,1.0,0.0,0.0,0.0,0.0,1.0,0.0,1.0,0.0,1.0,0.0,0.0,1.0
-1.1660539823647997,-0.10974573511161037,-0.9951203539259653,0.3777048885106987,-1.0002099857330198,-0.6825077281400908,-0.10361856120508274,1.0,0.0,0.0,1.0,0.0,0.0,0.0,0.0,1.0,1.0,0.0,1.0,0.0
0.6479105327830204,-0.7414830896543121,0.18075964822271962,-0.42379089612738885,-0.7259058616639729,-0.49364830228187423,-0.10361856120508274,0.0,1.0,0.0,0.0,0.0,1.0,0.0,0.0,1.0,0.0,1.0,1.0,0.0
-1.0705821657780723,0.07912419562796004,-0.9709476372430612,0.3777048885106987,-0.36016702957191016,-1.6888956275763394,-0.10361856120508274,0.0,1.0,0.0,0.0,0.0,1.0,0.0,0.0,1.0,1.0,0.0,1.0,0.0
-0.7364308077245265,0.560567175576839,-0.6005824737621552,-1.2252866807654765,-0.7259058616639729,-0.3190180112485922,-0.10361856120508274,1.0,0.0,0.0,1.0,0.0,0.0,0.0,0.0,1.0,0.0,1.0,0.0,1.0
-0.9273744408979813,-0.5951965650496582,-0.8580215666442941,0.3777048885106987,0.09700651054316815,0.5334365205360968,-1.1562515639233817,1.0,0.0,0.0,0.0,0.0,1.0,0.0,0.0,1.0,1.0,0.0,1.0,0.0
-0.354543541377617,1.7759476847922193,0.15087844629561004,-1.2252866807654765,-0.36016702957191016,0.29154122851221703,2.0016474442315153,1.0,0.0,0.0,1.0,0.0,0.0,0.0,1.0,0.0,1.0,0.0,1.0,0.0
0.40923099131620194,-0.43738747172614434,0.16225464188941977,1.1792006731487863,0.09700651054316815,0.06387507131327139,-0.10361856120508274,0.0,0.0,1.0,0.0,1.0,0.0,0.0,1.0,0.0,0.0,1.0,1.0,0.0
0.8865900742498387,0.9533364745153626,1.3778290039326342,1.1792006731487863,-0.6344711536409572,0.041884590220191184,-0.10361856120508274,0.0,0.0,1.0,0.0,0.0,0.0,1.0,1.0,0.0,0.0,1.0,1.0,0.0
0.8388541659564751,-0.3271715970240075,0.5705200699023909,-1.2252866807654765,-0.08586290550286318,1.1672797991013435,-0.10361856120508274,1.0,0.0,0.0,0.0,0.0,1.0,0.0,0.0,1.0,1.0,0.0,1.0,0.0
0.7433823493697477,0.6011466567171713,1.0112762930969652,-0.42379089612738885,1.6513965469344345,1.2604159543190943,0.9490144415132162,0.0,0.0,1.0,0.0,0.0,1.0,0.0,1.0,0.0,0.0,1.0,1.0,0.0
-1.0228462574847086,2.1486777337848997,-0.7846199605458838,0.3777048885106987,0.8284841747272934,-1.9256166887547888,2.0016474442315153,0.0,1.0,0.0,0.0,0.0,1.0,0.0,0.0,1.0,1.0,0.0,0.0,1.0
-0.1635999082041623,-0.6613260898709402,-0.33507674756469263,-0.42379089612738885,0.09700651054316815,-0.27374349135107456,-1.1562515639233817,1.0,0.0,0.0,0.0,0.0,1.0,0.0,0.0,1.0,1.0,0.0,1.0,0.0
2.0799877815839305,0.290538282556604,2.1871223161668154,-0.42379089612738885,-0.36016702957191016,-0.10558098887458056,0.9490144415132162,1.0,0.0,0.0,0.0,1.0,0.0,0.0,0.0,1.0,1.0,0.0,1.0,0.0
-1.0705821657780723,-0.8056086894810098,-0.9916137129902389,-0.42379089612738885,-0.9087752777100041,-0.08488406549285793,-0.10361856120508274,1.0,0.0,0.0,0.0,0.0,0.0,1.0,0.0,1.0,0.0,1.0,1.0,0.0
-0.9751103491913449,0.6151741316792614,-0.8493093308311135,-0.42379089612738885,4.485872495647921,2.0313763502882507,-0.10361856120508274,1.0,0.0,0.0,0.0,1.0,0.0,0.0,0.0,1.0,1.0,0.0,1.0,0.0
1.1252696157166573,0.9488276432775478,1.6371845168610422,0.3777048885106987,3.388655999371732,-0.10558098887458056,0.9490144415132162,0.0,1.0,0.0,1.0,0.0,0.0,0.0,1.0,0.0,1.0,0.0,1.0,0.0
1.745836423530385,-0.4944993340717967,1.1420006051892737,-0.42379089612738885,-0.45160173759492583,0.33940286383244983,-0.10361856120508274,0.0,0.0,1.0,1.0,0.0,0.0,0.0,0.0,1.0,0.0,1.0,1.0,0.0
1.5071568820635666,-0.7174359897193006,0.7960528077588804,1.1792006731487863,-0.7259058616639729,2.4698924144384935,-1.1562515639233817,0.0,1.0,0.0,0.0,0.0,1.0,0.0,1.0,0.0,1.0,0.0,1.0,0.0
1.6981005152370212,0.9678649307260985,2.316385527869238,-0.42379089612738885,-0.17729761352587883,-1.4702843743568972,0.9490144415132162,0.0,0.0,1.0,0.0,0.0,1.0,0.0,1.0,0.0,0.0,1.0,1.0,0.0
0.6956464410763841,-0.5015130715528417,0.37923144769536793,-1.2252866807654765,0.18844121856618382,-1.0421167718975164,-0.10361856120508274,0.0,1.0,0.0,1.0,0.0,0.0,0.0,1.0,0.0,1.0,0.0,0.0,1.0
-1.118318074071436,-0.49199442782856645,-1.0292625323389284,-0.42379089612738885,-0.2687323215488945,0.3251737290075158,-0.10361856120508274,1.0,0.0,0.0,0.0,0.0,1.0,0.0,1.0,0.0,0.0,1.0,0.0,1.0
2.1277236898772944,-1.5530727124609551,0.4078826069686664,0.3777048885106987,-0.7259058616639729,-0.9852002325977798,-1.1562515639233817,1.0,0.0,0.0,0.0,0.0,1.0,0.0,0.0,1.0,0.0,1.0,1.0,0.0
2.175459598170658,-0.6222495524765462,1.338875387956698,0.3777048885106987,-0.2687323215488945,-0.22717541374219902,-0.10361856120508274,0.0,0.0,1.0,0.0,1.0,0.0,0.0,0.0,1.0,1.0,0.0,1.0,0.0
0.5524387161962929,0.9307923183262891,0.9521866750036705,0.3777048885106987,0.5541800506582465,0.3471642101005956,-0.10361856120508274,0.0,0.0,1.0,0.0,0.0,1.0,0.0,1.0,0.0,0.0,1.0,0.0,1.0
-0.25907172479088963,-1.4643990314506,-0.6546295965564018,0.3777048885106987,-0.6344711536409572,0.3588062295028145,-1.1562515639233817,0.0,1.0,0.0,1.0,0.0,0.0,0.0,0.0,1.0,1.0,0.0,0.0,1.0
1.6026286986502938,-0.5305699839743144,0.9793427548082486,-0.42379089612738885,-1.0002099857330198,-0.022793295347691128,-1.1562515639233817,0.0,1.0,0.0,0.0,0.0,1.0,0.0,0.0,1.0,0.0,1.0,1.0,0.0
-0.9273744408979813,1.0655562742120834,-0.7089757352443925,1.1792006731487863,1.3770924228653874,-0.9218159047412553,0.9490144415132162,0.0,1.0,0.0,0.0,1.0,0.0,0.0,0.0,1.0,1.0,0.0,0.0,1.0
0.31375917472947457,1.5094256605125067,0.9297061164467275,0.3777048885106987,1.559961838911419,-0.35265051174389095,0.9490144415132162,0.0,1.0,0.0,0.0,1.0,0.0,0.0,0.0,1.0,0.0,1.0,0.0,1.0
-0.5454871745510718,1.6797592850521728,-0.12276866719061258,2.7821922424249617,-0.36016702957191016,1.6135572095197317,0.9490144415132162,1.0,0.0,0.0,0.0,0.0,1.0,0.0,0.0,1.0,1.0,0.0,1.0,0.0
1.55489279035693,1.901693978202384,2.9320864363514136,-1.2252866807654765,-0.9087752777100041,-0.6540494584902224,2.0016474442315153,0.0,0.0,1.0,0.0,0.0,1.0,0.0,0.0,1.0,1.0,0.0,0.0,1.0
0.5047028079029293,-0.23599300977042167,0.3491055964006496,-0.42379089612738885,-0.8173405696869884,-1.1468949465174856,-0.10361856120508274,0.0,0.0,1.0,1.0,0.0,0.0,0.0,0.0,1.0,1.0,0.0,0.0,1.0
2.0799877815839305,-1.0295473076258057,0.8478233322712115,0.3777048885106987,2.931482459256654,1.3393229747119102,-1.1562515639233817,0.0,0.0,1.0,0.0,0.0,1.0,0.0,0.0,1.0,1.0,0.0,1.0,0.0
-0.8319026243112538,0.32861285745370605,-0.7054555026771325,-0.42379089612738885,1.0113535907733249,-1.1300786962698361,-0.10361856120508274,1.0,0.0,0.0,0.0,0.0,1.0,0.0,0.0,1.0,0.0,1.0,1.0,0.0
1.2684773405967482,0.2810196388323287,1.3538601617227375,-0.42379089612738885,0.005571802520152484,0.6951312344558025,-0.10361856120508274,0.0,0.0,1.0,0.0,0.0,1.0,0.0,0.0,1.0,0.0,1.0,1.0,0.0
-1.2137898906581635,0.6056554879549861,-1.0730071984305372,-1.2252866807654765,-0.45160173759492583,-0.48976762914780136,0.9490144415132162,1.0,0.0,0.0,0.0,0.0,1.0,0.0,1.0,0.0,1.0,0.0,1.0,0.0
-0.21133581649752597,0.3957443447722804,-0.08427716668682617,0.3777048885106987,0.18844121856618382,0.5023911354635132,0.9490144415132162,1.0,0.0,0.0,0.0,0.0,1.0,0.0,1.0,0.0,1.0,0.0,1.0,0.0
0.5047028079029293,-0.5290670402283761,0.16629135645496504,0.3777048885106987,0.7370494667042777,0.14148853399473016,-1.1562515639233817,0.0,0.0,1.0,1.0,0.0,0.0,0.0,0.0,1.0,1.0,0.0,0.0,1.0
-0.7841667160178902,-0.11425456634942523,-0.7383540468047506,1.1792006731487863,-0.45160173759492583,1.362607013516348,-0.10361856120508274,1.0,0.0,0.0,0.0,0.0,1.0,0.0,1.0,0.0,1.0,0.0,1.0,0.0
-0.8319026243112538,1.7378731098951175,-0.5426889192438368,-0.42379089612738885,-0.8173405696869884,0.47651998123636025,2.0016474442315153,1.0,0.0,0.0,0.0,0.0,1.0,0.0,0.0,1.0,0.0,1.0,0.0,1.0
-0.6409589911377991,0.36969331984268394,-0.48755446592688434,1.980696457786874,0.7370494667042777,-0.326779357516738,-0.10361856120508274,1.0,0.0,0.0,0.0,0.0,1.0,0.0,0.0,1.0,0.0,1.0,1.0,0.0
-1.1660539823647997,-1.0049992264421483,-1.0147398740450386,-1.2252866807654765,-0.36016702957191016,-0.286679068464651,-0.10361856120508274,0.0,1.0,0.0,0.0,1.0,0.0,0.0,1.0,0.0,1.0,0.0,0.0,1.0
-0.4977512662577081,-0.7750488333135993,-0.6415476512050974,0.3777048885106987,-0.7259058616639729,2.5798448199038932,-1.1562515639233817,0.0,1.0,0.0,1.0,0.0,0.0,0.0,0.0,1.0,1.0,0.0,0.0,1.0
-0.4977512662577081,-0.8371705081457128,-0.6066443414262402,1.1792006731487863,0.09700651054316815,-1.2063986012399375,-1.1562515639233817,1.0,0.0,0.0,0.0,0.0,1.0,0.0,0.0,1.0,0.0,1.0,1.0,0.0
-0.9751103491913449,-0.6518074461466645,-0.9553444442422327,-1.2252866807654765,0.09700651054316815,0.26437651657370653,-1.1562515639233817,1.0,0.0,0.0,0.0,0.0,1.0,0.0,1.0,0.0,1.0,0.0,1.0,0.0
-1.118318074071436,1.1326877615306579,-0.9256059544462282,-0.42379089612738885,-0.45160173759492583,-0.717433786346747,0.9490144415132162,1.0,0.0,0.0,0.0,0.0,0.0,1.0,0.0,1.0,1.0,0.0,0.0,1.0
-0.8319026243112538,-0.26104207220272546,-0.7776134744901979,-1.2252866807654765,0.37131063461221514,-1.4211291813253066,-0.10361856120508274,1.0,0.0,0.0,0.0,1.0,0.0,0.0,0.0,1.0,0.0,1.0,0.0,1.0
-0.020392183324071236,1.7854663285164947,0.648930192221015,1.980696457786874,-0.08586290550286318,-0.23234964458762966,2.0016474442315153,0.0,1.0,0.0,1.0,0.0,0.0,0.0,1.0,0.0,1.0,0.0,1.0,0.0
0.2182873581427472,1.9437764030886546,1.0158294896607962,-0.42379089612738885,-0.36016702957191016,-0.15991041275160156,2.0016474442315153,0.0,1.0,0.0,0.0,0.0,1.0,0.0,1.0,0.0,0.0,1.0,0.0,1.0
-0.7364308077245265,1.5079227167665683,-0.41773425473763626,-0.42379089612738885,-0.7259058616639729,0.9227973916547482,2.0016474442315153,0.0,1.0,0.0,0.0,0.0,0.0,1.0,0.0,1.0,1.0,0.0,1.0,0.0
-0.7364308077245265,0.8646627935050074,-0.5364299729225114,-0.42379089612738885,1.4685271308884031,-0.06289358439977809,-0.10361856120508274,1.0,0.0,0.0,0.0,0.0,1.0,0.0,0.0,1.0,0.0,1.0,0.0,1.0
0.12281554155601981,0.49543961325284924,0.30709386332960303,2.7821922424249617,0.5541800506582465,0.8154321016120638,-0.10361856120508274,1.0,0.0,0.0,0.0,0.0,1.0,0.0,1.0,0.0,1.0,0.0,1.0,0.0
-0.4977512662577081,0.9493286245261942,-0.2512095851852386,1.980696457786874,2.3828742111185597,-0.33324714607352623,2.0016474442315153,1.0,0.0,0.0,0.0,1.0,0.0,0.0,1.0,0.0,1.0,0.0,0.0,1.0
-1.1660539823647997,-0.46393947790438606,-1.035113729714239,-1.2252866807654765,-0.8173405696869884,0.4079614225344052,-0.10361856120508274,1.0,0.0,0.0,0.0,0.0,0.0,1.0,1.0,0.0,0.0,1.0,0.0,1.0
-1.118318074071436,-0.495501296569089,-1.015399068174429,-1.2252866807654765,0.9199188827503091,-1.1714725430332809,-0.10361856120508274,0.0,1.0,0.0,0.0,0.0,0.0,1.0,0.0,1.0,1.0,0.0,0.0,1.0
-0.30680763308425335,-0.27356660341887734,-0.3819542847248477,1.980696457786874,-0.6344711536409572,-0.8519637883279423,-0.10361856120508274,0.0,1.0,0.0,0.0,1.0,0.0,0.0,0.0,1.0,1.0,0.0,1.0,0.0
-0.5454871745510718,-0.005040654144580694,-0.5068545827049128,-0.42379089612738885,-0.6344711536409572,1.2345448000919412,-0.10361856120508274,1.0,0.0,0.0,0.0,0.0,1.0,0.0,0.0,1.0,1.0,0.0,1.0,0.0
-0.8796385326046176,-1.0560993138040478,-0.9443352226998362,0.3777048885106987,0.18844121856618382,0.29154122851221703,-1.1562515639233817,0.0,1.0,0.0,0.0,0.0,1.0,0.0,0.0,1.0,1.0,0.0,1.0,0.0
1.7935723318237486,-0.23048221603531485,1.3947098102976423,-0.42379089612738885,0.4627453426352308,-0.4988225331273049,-0.10361856120508274,0.0,0.0,1.0,0.0,0.0,1.0,0.0,1.0,0.0,1.0,0.0,0.0,1.0
-0.8319026243112538,-0.5997053962874727,-0.7688604637824161,-0.42379089612738885,0.18844121856618382,-0.3345407037848838,-1.1562515639233817,1.0,0.0,0.0,0.0,0.0,0.0,1.0,0.0,1.0,1.0,0.0,1.0,0.0
-0.9751103491913449,-0.6528094086439569,-0.9007672478181669,-1.2252866807654765,-0.7259058616639729,-1.9256166887547888,-1.1562515639233817,1.0,0.0,0.0,0.0,0.0,0.0,1.0,1.0,0.0,1.0,0.0,0.0,1.0
-1.1660539823647997,0.5555573630903785,-1.0233569684374824,-0.42379089612738885,-0.9087752777100041,-0.23881743314441792,0.9490144415132162,1.0,0.0,0.0,0.0,1.0,0.0,0.0,0.0,1.0,0.0,1.0,0.0,1.0
0.7911182576631114,-0.3567294906941258,0.45925217835075,-0.42379089612738885,-0.9087752777100041,-0.3798152236824014,-0.10361856120508274,0.0,0.0,1.0,1.0,0.0,0.0,0.0,0.0,1.0,1.0,0.0,0.0,1.0
0.6001746244896566,0.7935234561972646,0.9689315650533402,1.1792006731487863,-0.2687323215488945,1.0236948931406447,0.9490144415132162,0.0,1.0,0.0,0.0,1.0,0.0,0.0,0.0,1.0,0.0,1.0,0.0,1.0
0.6479105327830204,-0.5260611527364996,0.3141683075429577,0.3777048885106987,-0.45160173759492583,0.2630829588623486,-0.10361856120508274,0.0,0.0,1.0,0.0,1.0,0.0,0.0,1.0,0.0,0.0,1.0,1.0,0.0
0.6956464410763841,-0.11876339758723972,0.5383418822460653,-1.2252866807654765,0.27987592658919946,0.2372118046351957,-0.10361856120508274,1.0,0.0,0.0,0.0,0.0,1.0,0.0,0.0,1.0,1.0,0.0,1.0,0.0
-1.0228462574847086,-0.6658349211087548,-0.9430440177041229,-0.42379089612738885,-0.7259058616639729,1.5618149010654259,-1.1562515639233817,1.0,0.0,0.0,0.0,1.0,0.0,0.0,0.0,1.0,0.0,1.0,0.0,1.0
-1.0705821657780723,-0.24951950348386587,-0.9277194531497377,2.7821922424249617,0.18844121856618382,0.5890595021244757,-0.10361856120508274,0.0,1.0,0.0,0.0,1.0,0.0,0.0,1.0,0.0,1.0,0.0,1.0,0.0
-0.30680763308425335,1.9021949594510303,0.24298213738456062,1.1792006731487863,-0.5430364456179415,0.8995133528503108,2.0016474442315153,0.0,1.0,0.0,1.0,0.0,0.0,0.0,1.0,0.0,1.0,0.0,0.0,1.0
-0.7841667160178902,-0.05363583526325,-0.7135900941501253,0.3777048885106987,-0.17729761352587883,-0.09652608489507682,-0.10361856120508274,0.0,1.0,0.0,0.0,0.0,1.0,0.0,1.0,0.0,0.0,1.0,1.0,0.0
-1.0228462574847086,-0.765029208340678,-0.9909341314135478,-1.2252866807654765,-0.6344711536409572,0.038003917086118465,-0.10361856120508274,1.0,0.0,0.0,0.0,1.0,0.0,0.0,0.0,1.0,1.0,0.0,0.0,1.0
-0.354543541377617,0.8521382622888555,-0.07641440784450969,-1.2252866807654765,-0.7259058616639729,1.2086736458647884,0.9490144415132162,1.0,0.0,0.0,0.0,1.0,0.0,0.0,0.0,1.0,1.0,0.0,1.0,0.0
-0.4977512662577081,-0.06315447898752533,-0.45825770415572914,-1.2252866807654765,0.18844121856618382,0.708066811569379,-0.10361856120508274,1.0,0.0,0.0,0.0,1.0,0.0,0.0,0.0,1.0,1.0,0.0,1.0,0.0
0.4569668996095656,-0.20042334111655022,0.29764767941359604,-1.2252866807654765,-0.8173405696869884,0.44547459616377705,-1.1562515639233817,0.0,1.0,0.0,1.0,0.0,0.0,0.0,1.0,0.0,0.0,1.0,0.0,1.0
0.26602326643611085,-0.01556126036614833,0.21431059066396127,1.1792006731487863,-1.0002099857330198,-0.8506702306165848,-0.10361856120508274,0.0,1.0,0.0,0.0,1.0,0.0,0.0,1.0,0.0,1.0,0.0,1.0,0.0
0.40923099131620194,0.43682480716125827,0.5950189857421063,0.3777048885106987,0.005571802520152484,-0.042196661018055824,-0.10361856120508274,1.0,0.0,0.0,0.0,0.0,1.0,0.0,0.0,1.0,0.0,1.0,1.0,0.0
0.8865900742498387,-0.30162155334305774,0.6281621792373334,0.3777048885106987,2.2914395030955443,-0.17543310528789316,-0.10361856120508274,0.0,1.0,0.0,0.0,1.0,0.0,0.0,0.0,1.0,1.0,0.0,1.0,0.0
-0.8319026243112538,0.2850274888214972,-0.7285001139427291,0.3777048885106987,-0.5430364456179415,-0.9166416738958246,-0.10361856120508274,1.0,0.0,0.0,0.0,0.0,1.0,0.0,1.0,0.0,0.0,1.0,1.0,0.0
-0.4500153579643444,-0.5581239526498485,-0.5434636422412646,-0.42379089612738885,-0.9087752777100041,0.9991172966248494,-1.1562515639233817,1.0,0.0,0.0,1.0,0.0,0.0,0.0,1.0,0.0,1.0,0.0,1.0,0.0
1.745836423530385,-1.730420074481666,0.09503043232313185,0.3777048885106987,0.27987592658919946,-1.0860977340836762,-1.1562515639233817,0.0,1.0,0.0,0.0,1.0,0.0,0.0,1.0,0.0,1.0,0.0,1.0,0.0
0.31375917472947457,1.8320575846405793,1.1147901588585603,-0.42379089612738885,0.09700651054316815,1.3238002821756185,2.0016474442315153,0.0,1.0,0.0,0.0,1.0,0.0,0.0,0.0,1.0,1.0,0.0,0.0,1.0
-0.7841667160178902,-0.2019262848624885,-0.713936680754238,-0.42379089612738885,-0.45160173759492583,0.27989920910999816,-0.10361856120508274,1.0,0.0,0.0,0.0,0.0,1.0,0.0,1.0,0.0,0.0,1.0,1.0,0.0
-0.8319026243112538,-0.17938212867341496,-0.7678818663119809,-0.42379089612738885,0.6456147586812622,0.6110499832175555,-0.10361856120508274,1.0,0.0,0.0,0.0,0.0,1.0,0.0,0.0,1.0,1.0,0.0,1.0,0.0
1.0297977991299299,-0.02908775407959218,0.9311876042839141,-0.42379089612738885,0.27987592658919946,0.7015990230125908,-0.10361856120508274,0.0,0.0,1.0,0.0,1.0,0.0,0.0,0.0,1.0,1.0,0.0,1.0,0.0
-0.9273744408979813,-0.2274763285434383,-0.8619563439733358,1.980696457786874,-0.08586290550286318,-0.5272808027771732,-0.10361856120508274,1.0,0.0,0.0,0.0,1.0,0.0,0.0,1.0,0.0,0.0,1.0,1.0,0.0
1.2684773405967482,-0.46544242165032434,0.8252476322935319,0.3777048885106987,-0.17729761352587883,0.26178940115099103,-0.10361856120508274,1.0,0.0,0.0,0.0,1.0,0.0,0.0,0.0,1.0,1.0,0.0,1.0,0.0
-0.21133581649752597,-0.9338598891344054,-0.46049352754304307,-1.2252866807654765,1.2856577148423718,-0.09523252718371925,-1.1562515639233817,1.0,0.0,0.0,0.0,0.0,0.0,1.0,1.0,0.0,1.0,0.0,0.0,1.0
-0.5932230828444355,0.7253900063813983,-0.39150920169312514,-0.42379089612738885,-0.7259058616639729,0.07292997529277477,0.9490144415132162,1.0,0.0,0.0,0.0,0.0,1.0,0.0,0.0,1.0,1.0,0.0,1.0,0.0
-0.020392183324071236,2.068520734001528,0.7162495432080396,2.7821922424249617,-0.7259058616639729,0.4027871916889746,2.0016474442315153,1.0,0.0,0.0,0.0,1.0,0.0,0.0,0.0,1.0,1.0,0.0,0.0,1.0
-1.0228462574847086,-0.72645365219493,-0.9223439628781107,-0.42379089612738885,-1.0002099857330198,-1.9256166887547888,-0.10361856120508274,1.0,0.0,0.0,1.0,0.0,0.0,0.0,0.0,1.0,1.0,0.0,0.0,1.0
-0.5454871745510718,-0.037604435306575555,-0.5245304995146495,-0.42379089612738885,0.4627453426352308,-1.185701677858215,-0.10361856120508274,0.0,1.0,0.0,0.0,0.0,1.0,0.0,0.0,1.0,1.0,0.0,1.0,0.0
-1.1660539823647997,-1.6357346184875576,-1.064729894826439,0.3777048885106987,-1.0002099857330198,-0.17543310528789316,-1.1562515639233817,0.0,1.0,0.0,0.0,0.0,1.0,0.0,1.0,0.0,0.0,1.0,1.0,0.0
-1.0705821657780723,2.0585011090286063,-0.834086703513232,-0.42379089612738885,-0.08586290550286318,1.6316670174787384,2.0016474442315153,0.0,1.0,0.0,0.0,0.0,1.0,0.0,1.0,0.0,0.0,1.0,1.0,0.0
0.31375917472947457,-0.5125346590230557,0.03615148451861115,1.1792006731487863,-0.8173405696869884,0.15442411110830662,-0.10361856120508274,0.0,1.0,0.0,0.0,0.0,1.0,0.0,1.0,0.0,0.0,1.0,1.0,0.0
-0.11586399991079861,-0.4469061154504197,-0.24671075514754331,1.980696457786874,-0.5430364456179415,0.4933362314840098,-0.10361856120508274,1.0,0.0,0.0,0.0,0.0,1.0,0.0,1.0,0.0,0.0,1.0,1.0,0.0
0.40923099131620194,-0.5440964776877583,0.17607733115931756,0.3777048885106987,-0.9087752777100041,0.5644819056086804,-0.10361856120508274,1.0,0.0,0.0,0.0,0.0,1.0,0.0,1.0,0.0,0.0,1.0,1.0,0.0
-0.4500153579643444,0.8816961559589734,-0.15318673856330814,0.3777048885106987,0.27987592658919946,-0.9968422519999988,-0.10361856120508274,1.0,0.0,0.0,0.0,0.0,1.0,0.0,0.0,1.0,0.0,1.0,0.0,1.0
-1.0705821657780723,-0.33468631575369856,-0.9371928203288122,1.1792006731487863,1.194223006819356,-0.7355435943057541,-0.10361856120508274,1.0,0.0,0.0,1.0,0.0,0.0,0.0,0.0,1.0,0.0,1.0,1.0,0.0
0.7911182576631114,-1.4483676314939256,-0.13417884186325685,-1.2252866807654765,-0.5430364456179415,-1.1520691773629164,-1.1562515639233817,0.0,0.0,1.0,0.0,0.0,1.0,0.0,0.0,1.0,1.0,0.0,1.0,0.0
-0.7364308077245265,-0.9518952140856641,-0.785673311989755,0.3777048885106987,0.5541800506582465,0.7041861384353063,-0.10361856120508274,1.0,0.0,0.0,1.0,0.0,0.0,0.0,1.0,0.0,0.0,1.0,0.0,1.0
1.2684773405967482,-1.1507847697981561,0.2948545991333957,-0.42379089612738885,-0.7259058616639729,-0.8157441724099282,-1.1562515639233817,1.0,0.0,0.0,0.0,0.0,1.0,0.0,1.0,0.0,1.0,0.0,0.0,1.0
1.3639491571834756,0.19735577030843393,1.3333571855539657,1.980696457786874,-0.08586290550286318,-0.6993239783877401,-0.10361856120508274,0.0,0.0,1.0,0.0,0.0,1.0,0.0,0.0,1.0,1.0,0.0,1.0,0.0
1.6981005152370212,-0.898290220480534,0.7645338142319451,-0.42379089612738885,-0.6344711536409572,-0.6475816699334342,-0.10361856120508274,0.0,0.0,1.0,0.0,0.0,1.0,0.0,1.0,0.0,1.0,0.0,0.0,1.0
1.55489279035693,0.223907776486676,1.5894846859930907,0.3777048885106987,0.37131063461221514,-0.44708022467299907,-0.10361856120508274,0.0,1.0,0.0,0.0,0.0,1.0,0.0,0.0,1.0,0.0,1.0,1.0,0.0
-0.11586399991079861,0.030529014509290738,-0.06961179626183135,1.980696457786874,-0.9087752777100041,0.1479563225515184,-0.10361856120508274,0.0,1.0,0.0,1.0,0.0,0.0,0.0,1.0,0.0,1.0,0.0,1.0,0.0
0.3614950830228382,-0.9654217077991083,-0.14785881900204964,-1.2252866807654765,-0.2687323215488945,-0.24011099085577547,-1.1562515639233817,1.0,0.0,0.0,0.0,0.0,1.0,0.0,1.0,0.0,0.0,1.0,1.0,0.0
0.3614950830228382,0.14825960794111828,0.39280948759765694,-1.2252866807654765,-0.7259058616639729,1.6795286527989712,-0.10361856120508274,1.0,0.0,0.0,0.0,0.0,1.0,0.0,0.0,1.0,0.0,1.0,1.0,0.0
0.6956464410763841,-0.10724082886838014,0.5270336448099244,-1.2252866807654765,0.8284841747272934,-1.3292865838189138,-0.10361856120508274,0.0,1.0,0.0,1.0,0.0,0.0,0.0,0.0,1.0,0.0,1.0,1.0,0.0
-0.4500153579643444,-0.39129719685070524,-0.47952860750616194,-0.42379089612738885,-0.2687323215488945,-0.40568637790955436,-0.10361856120508274,1.0,0.0,0.0,0.0,0.0,1.0,0.0,0.0,1.0,1.0,0.0,1.0,0.0
1.2207414323033845,0.12771937674662937,1.1494624109013425,1.1792006731487863,3.205786583325701,-0.5945458037677707,-0.10361856120508274,1.0,0.0,0.0,1.0,0.0,0.0,0.0,1.0,0.0,0.0,1.0,1.0,0.0
1.1730055240100208,0.25847548264325515,1.249170619833467,0.3777048885106987,-0.7259058616639729,1.2630030697418093,-0.10361856120508274,0.0,0.0,1.0,0.0,1.0,0.0,0.0,0.0,1.0,1.0,0.0,0.0,1.0
-0.020392183324071236,-0.11074769760890268,-0.06874872765943361,0.3777048885106987,1.6513965469344345,-1.9256166887547888,-0.10361856120508274,0.0,1.0,0.0,0.0,0.0,1.0,0.0,0.0,1.0,1.0,0.0,1.0,0.0
-1.0705821657780723,-1.0906670199606272,-0.9971115279456703,-0.42379089612738885,-0.08586290550286318,0.14148853399473016,-0.10361856120508274,1.0,0.0,0.0,1.0,0.0,0.0,0.0,1.0,0.0,1.0,0.0,0.0,1.0
-0.6409589911377991,0.6101643191928002,-0.5114961248737133,2.7821922424249617,-0.8173405696869884,-0.2698628182170015,-0.10361856120508274,0.0,0.0,1.0,0.0,0.0,0.0,1.0,1.0,0.0,0.0,1.0,1.0,0.0
-0.7364308077245265,-0.6142338524982088,-0.7268691181586703,0.3777048885106987,0.005571802520152484,0.5450785399383157,-1.1562515639233817,1.0,0.0,0.0,1.0,0.0,0.0,0.0,0.0,1.0,1.0,0.0,0.0,1.0
-1.0705821657780723,-0.8516989643564489,-0.9757386873587338,1.980696457786874,-0.08586290550286318,-1.507797547986269,-0.10361856120508274,1.0,0.0,0.0,0.0,1.0,0.0,0.0,1.0,0.0,0.0,1.0,0.0,1.0
0.2182873581427472,-1.4017763753698405,-0.39839336306500633,-0.42379089612738885,-0.45160173759492583,0.9124489299638873,-1.1562515639233817,0.0,1.0,0.0,0.0,0.0,1.0,0.0,0.0,1.0,0.0,1.0,0.0,1.0
-1.2137898906581635,-1.0490855763230027,-1.0891880357715533,-0.42379089612738885,-0.36016702957191016,-0.10946166200865327,-0.10361856120508274,1.0,0.0,0.0,1.0,0.0,0.0,0.0,0.0,1.0,0.0,1.0,1.0,0.0
1.9367800567038396,1.3215576922702281,2.934274689028359,1.1792006731487863,0.8284841747272934,2.872188862670721,0.9490144415132162,0.0,0.0,1.0,0.0,0.0,1.0,0.0,0.0,1.0,0.0,1.0,1.0,0.0
-1.0705821657780723,-0.06014859149564911,-0.9544813756398349,-0.42379089612738885,-0.5430364456179415,-1.807902937021243,-0.10361856120508274,1.0,0.0,0.0,0.0,1.0,0.0,0.0,0.0,1.0,1.0,0.0,1.0,0.0
-0.4500153579643444,0.3887306072912353,-0.30148503022884937,-1.2252866807654765,-0.2687323215488945,-0.9903744634432105,-0.10361856120508274,0.0,1.0,0.0,0.0,1.0,0.0,0.0,0.0,1.0,0.0,1.0,1.0,0.0
-0.11586399991079861,1.0244758118231054,0.23995120355251812,-0.42379089612738885,1.194223006819356,1.6368412483241688,2.0016474442315153,0.0,1.0,0.0,1.0,0.0,0.0,0.0,0.0,1.0,0.0,1.0,0.0,1.0
-0.4977512662577081,-1.0736336575066605,-0.6753024681193464,-1.2252866807654765,-0.6344711536409572,-0.7277822480376084,-0.10361856120508274,0.0,1.0,0.0,0.0,0.0,1.0,0.0,1.0,0.0,0.0,1.0,0.0,1.0
1.4116850654768394,-0.5561200276552642,0.8567802174520011,0.3777048885106987,0.5541800506582465,0.5243816165565934,-1.1562515639233817,0.0,0.0,1.0,0.0,1.0,0.0,0.0,0.0,1.0,0.0,1.0,0.0,1.0
-0.8796385326046176,-0.9323569453884671,-0.8927889601078128,-0.42379089612738885,0.005571802520152484,-0.575142438097406,-1.1562515639233817,1.0,0.0,0.0,0.0,0.0,0.0,1.0,0.0,1.0,1.0,0.0,0.0,1.0
0.12281554155601981,0.3025618325241103,0.23877552742484243,-0.42379089612738885,0.18844121856618382,-0.07970983464742763,-0.10361856120508274,1.0,0.0,0.0,0.0,1.0,0.0,0.0,0.0,1.0,0.0,1.0,1.0,0.0
-0.9273744408979813,0.06960555190368471,-0.8011337928594785,0.3777048885106987,2.840047751233638,1.732564518964635,0.9490144415132162,1.0,0.0,0.0,0.0,1.0,0.0,0.0,0.0,1.0,0.0,1.0,1.0,0.0
0.1705514498493835,1.776448666040865,0.8915679983628207,0.3777048885106987,-0.6344711536409572,-0.21294627891726498,2.0016474442315153,1.0,0.0,0.0,0.0,0.0,1.0,0.0,0.0,1.0,1.0,0.0,1.0,0.0
0.1705514498493835,-0.47345812162866174,-0.031011562705774463,-1.2252866807654765,-0.8173405696869884,-0.44319955153892615,-0.10361856120508274,1.0,0.0,0.0,0.0,0.0,1.0,0.0,0.0,1.0,1.0,0.0,0.0,1.0
-0.21133581649752597,-0.32366472828348497,-0.26048587370707277,-0.42379089612738885,-1.0002099857330198,-1.445706777841102,-0.10361856120508274,1.0,0.0,0.0,0.0,0.0,0.0,1.0,0.0,1.0,1.0,0.0,0.0,1.0
1.0297977991299299,-0.7815615895459984,0.42754290198234135,-0.42379089612738885,-0.6344711536409572,-1.8441225529392569,-1.1562515639233817,0.0,0.0,1.0,0.0,0.0,1.0,0.0,0.0,1.0,0.0,1.0,0.0,1.0
-1.0705821657780723,-0.655314314887187,-0.9933194627477338,-0.42379089612738885,0.5541800506582465,-0.3500633963211754,-1.1562515639233817,1.0,0.0,0.0,0.0,0.0,1.0,0.0,1.0,0.0,0.0,1.0,1.0,0.0
-1.1660539823647997,0.7694763562622527,-1.0034384324246648,1.1792006731487863,1.3770924228653874,1.5980345169834393,0.9490144415132162,1.0,0.0,0.0,0.0,1.0,0.0,0.0,0.0,1.0,0.0,1.0,0.0,1.0
-0.7364308077245265,-0.35372360320224955,-0.7002295203523775,0.3777048885106987,-0.08586290550286318,-1.113262446022187,-0.10361856120508274,0.0,1.0,0.0,0.0,1.0,0.0,0.0,1.0,0.0,1.0,0.0,0.0,1.0
-0.9273744408979813,1.3701528733888975,-0.7285069097584961,0.3777048885106987,-0.7259058616639729,0.7611026777350425,0.9490144415132162,1.0,0.0,0.0,1.0,0.0,0.0,0.0,0.0,1.0,0.0,1.0,1.0,0.0
-0.4977512662577081,0.17831848285988328,-0.41019089923636465,0.3777048885106987,0.9199188827503091,-1.9256166887547888,-0.10361856120508274,0.0,1.0,0.0,0.0,0.0,1.0,0.0,0.0,1.0,1.0,0.0,1.0,0.0
1.7935723318237486,-0.9754413327720296,0.7860425711342198,0.3777048885106987,1.0113535907733249,-0.2595143565261402,-1.1562515639233817,0.0,0.0,1.0,0.0,0.0,1.0,0.0,0.0,1.0,1.0,0.0,1.0,0.0
-0.8796385326046176,0.4378267696585502,-0.7371987581243759,-0.42379089612738885,2.840047751233638,0.07681064842684786,-0.10361856120508274,1.0,0.0,0.0,0.0,1.0,0.0,0.0,1.0,0.0,0.0,1.0,0.0,1.0
-0.7841667160178902,-0.2229674973056238,-0.7372259413874435,-0.42379089612738885,0.27987592658919946,-0.7148466709240319,-0.10361856120508274,1.0,0.0,0.0,0.0,0.0,1.0,0.0,0.0,1.0,0.0,1.0,0.0,1.0
0.31375917472947457,-1.1638102822629544,-0.25458030980562674,-1.2252866807654765,-0.8173405696869884,-1.091271964929107,-1.1562515639233817,0.0,1.0,0.0,0.0,0.0,1.0,0.0,1.0,0.0,1.0,0.0,1.0,0.0
0.7911182576631114,-0.3562285094454798,0.48443067576715665,-1.2252866807654765,0.5541800506582465,-1.035648983340728,-0.10361856120508274,0.0,0.0,1.0,0.0,0.0,1.0,0.0,0.0,1.0,0.0,1.0,0.0,1.0
-0.1635999082041623,1.875141972024142,0.45206220526935775,1.1792006731487863,-0.2687323215488945,0.1531305533969487,2.0016474442315153,0.0,1.0,0.0,0.0,0.0,1.0,0.0,0.0,1.0,1.0,0.0,1.0,0.0
-0.354543541377617,0.4027580822533255,-0.22136236233696358,-0.42379089612738885,-1.0002099857330198,-0.15344262419481333,0.9490144415132162,1.0,0.0,0.0,0.0,1.0,0.0,0.0,1.0,0.0,0.0,1.0,1.0,0.0
1.6026286986502938,0.7855077562189268,2.043526729011977,-1.2252866807654765,-1.0002099857330198,-0.38498945452783206,0.9490144415132162,0.0,1.0,0.0,0.0,0.0,1.0,0.0,1.0,0.0,1.0,0.0,1.0,0.0
-1.118318074071436,-0.29160192837013604,-1.0396873137253704,-0.42379089612738885,-0.45160173759492583,1.5139532657451924,-1.1562515639233817,1.0,0.0,0.0,1.0,0.0,0.0,0.0,1.0,0.0,0.0,1.0,1.0,0.0
0.7911182576631114,1.0700651054498982,1.326269149709077,0.3777048885106987,0.09700651054316815,-0.7536534022647613,2.0016474442315153,0.0,1.0,0.0,1.0,0.0,0.0,0.0,1.0,0.0,1.0,0.0,1.0,0.0
0.31375917472947457,0.28602945131878915,0.40885440862333494,-1.2252866807654765,3.480090707394748,-0.4832998405910131,0.9490144415132162,0.0,1.0,0.0,0.0,0.0,1.0,0.0,1.0,0.0,0.0,1.0,1.0,0.0
-0.11586399991079861,1.1246720615523207,0.27583311080181044,-1.2252866807654765,0.09700651054316815,-0.7445984982852577,0.9490144415132162,0.0,1.0,0.0,0.0,0.0,1.0,0.0,0.0,1.0,0.0,1.0,0.0,1.0
-0.7364308077245265,-0.8496950393618646,-0.7785852761448663,0.3777048885106987,-0.9087752777100041,0.6744343110740803,-1.1562515639233817,1.0,0.0,0.0,1.0,0.0,0.0,0.0,0.0,1.0,1.0,0.0,1.0,0.0
1.7935723318237486,0.18483123909228202,1.7370082546612038,-0.42379089612738885,-0.8173405696869884,0.9835946040885578,-0.10361856120508274,0.0,1.0,0.0,0.0,0.0,1.0,0.0,1.0,0.0,1.0,0.0,1.0,0.0
-1.1660539823647997,-0.13228989130068394,-1.0807068576944476,1.980696457786874,-0.5430364456179415,-0.7381307097284695,-0.10361856120508274,0.0,1.0,0.0,0.0,1.0,0.0,0.0,0.0,1.0,1.0,0.0,1.0,0.0
1.1252696157166573,0.532011244404013,1.3630616962711355,-1.2252866807654765,-0.17729761352587883,-0.5272808027771732,-0.10361856120508274,1.0,0.0,0.0,0.0,1.0,0.0,0.0,1.0,0.0,1.0,0.0,0.0,1.0
-0.9751103491913449,-0.5851769400767365,-0.933142514131733,0.3777048885106987,-1.0002099857330198,1.362607013516348,-0.10361856120508274,1.0,0.0,0.0,1.0,0.0,0.0,0.0,1.0,0.0,0.0,1.0,0.0,1.0
-0.8796385326046176,0.8661657372509457,-0.6572255981793621,1.1792006731487863,1.2856577148423718,1.4686787458476749,0.9490144415132162,1.0,0.0,0.0,0.0,1.0,0.0,0.0,1.0,0.0,1.0,0.0,1.0,0.0
-0.4977512662577081,-1.3727194629483679,-0.7798764811405795,-0.42379089612738885,1.8342659629804658,1.3781297060526396,-1.1562515639233817,0.0,1.0,0.0,0.0,0.0,1.0,0.0,0.0,1.0,0.0,1.0,1.0,0.0
-1.1660539823647997,-0.6828682835627214,-1.0587020062411887,-1.2252866807654765,-0.7259058616639729,0.06775574444734411,-0.10361856120508274,0.0,1.0,0.0,0.0,0.0,0.0,1.0,0.0,1.0,0.0,1.0,0.0,1.0
0.9343259825432024,-0.27206365967293905,0.6812171129296111,-0.42379089612738885,-0.6344711536409572,0.06516862902462896,-0.10361856120508274,1.0,0.0,0.0,0.0,0.0,1.0,0.0,0.0,1.0,0.0,1.0,1.0,0.0
-1.2137898906581635,0.7334057063597353,-1.0607475467870289,-0.42379089612738885,-0.08586290550286318,-1.8893970728367744,2.0016474442315153,1.0,0.0,0.0,1.0,0.0,0.0,0.0,0.0,1.0,1.0,0.0,0.0,1.0
-0.21133581649752597,0.4393297134044885,-0.05691041659347385,-1.2252866807654765,0.8284841747272934,-1.587998126090443,-0.10361856120508274,1.0,0.0,0.0,0.0,0.0,0.0,1.0,1.0,0.0,0.0,1.0,0.0,1.0
-0.9751103491913449,0.7073546814301396,-0.7979125761859625,0.3777048885106987,1.3770924228653874,1.2177285498442918,-0.10361856120508274,0.0,1.0,0.0,1.0,0.0,0.0,0.0,1.0,0.0,0.0,1.0,0.0,1.0
-1.118318074071436,-1.2670124194840457,-1.082303874399672,1.1792006731487863,0.4627453426352308,0.23591824692383812,-0.10361856120508274,0.0,0.0,1.0,0.0,0.0,1.0,0.0,0.0,1.0,0.0,1.0,1.0,0.0
0.5524387161962929,0.8220793873700906,0.9445753613447299,-0.42379089612738885,-0.9087752777100041,0.33940286383244983,0.9490144415132162,0.0,1.0,0.0,0.0,0.0,0.0,1.0,1.0,0.0,1.0,0.0,1.0,0.0
-0.4977512662577081,0.18733614533551227,-0.3823416462235616,-0.42379089612738885,0.18844121856618382,-1.1430142733834128,-0.10361856120508274,1.0,0.0,0.0,0.0,0.0,0.0,1.0,1.0,0.0,0.0,1.0,1.0,0.0
1.6026286986502938,-0.5110317152771174,1.0077560605297053,-1.2252866807654765,0.7370494667042777,-1.247792448003382,-0.10361856120508274,0.0,0.0,1.0,0.0,0.0,1.0,0.0,0.0,1.0,1.0,0.0,1.0,0.0
1.3639491571834756,-0.25452931597032635,1.0363392616453346,-1.2252866807654765,0.005571802520152484,1.8645074055231148,-0.10361856120508274,0.0,1.0,0.0,1.0,0.0,0.0,0.0,1.0,0.0,0.0,1.0,1.0,0.0
0.8865900742498387,-0.7199408959625309,0.36167105975366864,-0.42379089612738885,-0.36016702957191016,-1.5272009136566336,-0.10361856120508274,0.0,0.0,1.0,0.0,0.0,1.0,0.0,0.0,1.0,1.0,0.0,0.0,1.0
0.6001746244896566,-0.14731932876006607,0.5027861741535846,0.3777048885106987,-0.45160173759492583,-0.6126556117267777,-0.10361856120508274,0.0,0.0,1.0,1.0,0.0,0.0,0.0,1.0,0.0,1.0,0.0,0.0,1.0
1.745836423530385,-1.17583383223046,0.5898269824961861,-0.42379089612738885,-0.5430364456179415,-0.27503704906243215,-1.1562515639233817,1.0,0.0,0.0,0.0,1.0,0.0,0.0,0.0,1.0,0.0,1.0,0.0,1.0
1.3639491571834756,-0.5015130715528417,0.8669263703919997,-0.42379089612738885,-0.8173405696869884,0.24367959319198393,-0.10361856120508274,0.0,0.0,1.0,0.0,0.0,0.0,1.0,1.0,0.0,1.0,0.0,0.0,1.0
-1.0228462574847086,0.4769033070529442,-0.9155481471111993,0.3777048885106987,-1.0002099857330198,2.004211638349741,-0.10361856120508274,0.0,1.0,0.0,0.0,0.0,1.0,0.0,0.0,1.0,0.0,1.0,0.0,1.0
-0.5454871745510718,-1.1783387384736905,-0.7141949217533805,-0.42379089612738885,-0.17729761352587883,0.17382747677867133,-1.1562515639233817,1.0,0.0,0.0,0.0,0.0,0.0,1.0,0.0,1.0,0.0,1.0,0.0,1.0
-0.6409589911377991,0.4142806509721847,-0.4902524047863482,1.1792006731487863,-0.7259058616639729,-1.9256166887547888,-0.10361856120508274,0.0,1.0,0.0,1.0,0.0,0.0,0.0,1.0,0.0,0.0,1.0,1.0,0.0
1.2207414323033845,2.4081860205835666,2.766710259663624,-0.42379089612738885,-0.5430364456179415,-0.4457866669616413,2.0016474442315153,0.0,1.0,0.0,0.0,0.0,1.0,0.0,0.0,1.0,0.0,1.0,1.0,0.0
-0.354543541377617,0.009487802066155465,-0.3272411719854438,-0.42379089612738885,-0.45160173759492583,1.501017688631616,-0.10361856120508274,1.0,0.0,0.0,0.0,0.0,1.0,0.0,0.0,1.0,1.0,0.0,0.0,1.0
0.6479105327830204,-0.694891833530227,0.19581238014642832,0.3777048885106987,-0.36016702957191016,-1.0447038873202317,-1.1562515639233817,0.0,0.0,1.0,0.0,0.0,0.0,1.0,0.0,1.0,0.0,1.0,1.0,0.0
0.12281554155601981,-0.7825635520432903,-0.1749197573858909,-0.42379089612738885,-0.5430364456179415,0.5127395971543744,-1.1562515639233817,1.0,0.0,0.0,1.0,0.0,0.0,0.0,0.0,1.0,0.0,1.0,1.0,0.0
0.12281554155601981,1.329573392248566,0.6588656748722395,0.3777048885106987,-1.0002099857330198,-1.9256166887547888,0.9490144415132162,0.0,1.0,0.0,0.0,0.0,1.0,0.0,0.0,1.0,1.0,0.0,1.0,0.0
0.12281554155601981,-1.413799925337346,-0.45533550337595724,0.3777048885106987,2.2000047950725286,-0.4069799356209119,-0.10361856120508274,0.0,1.0,0.0,0.0,0.0,1.0,0.0,0.0,1.0,1.0,0.0,0.0,1.0
1.0297977991299299,0.026521164520122216,0.941795872696063,-0.42379089612738885,0.9199188827503091,0.5269687319793085,0.9490144415132162,0.0,1.0,0.0,0.0,1.0,0.0,0.0,0.0,1.0,0.0,1.0,1.0,0.0
-1.0705821657780723,0.1337311517303825,-0.9489088067109676,-0.42379089612738885,-0.9087752777100041,0.04964593648833699,0.9490144415132162,1.0,0.0,0.0,0.0,0.0,1.0,0.0,0.0,1.0,0.0,1.0,0.0,1.0
1.4116850654768394,-0.8441842456267579,0.6346657749262677,1.1792006731487863,-1.0002099857330198,0.7701575817145462,-1.1562515639233817,0.0,1.0,0.0,0.0,1.0,0.0,0.0,1.0,0.0,1.0,0.0,1.0,0.0
0.8865900742498387,0.9408119432992108,1.3877508949523247,-0.42379089612738885,-0.8173405696869884,0.08198487927227814,0.9490144415132162,0.0,0.0,1.0,0.0,1.0,0.0,0.0,1.0,0.0,1.0,0.0,1.0,0.0
-1.118318074071436,-0.6152358149955012,-1.0210531868924992,-1.2252866807654765,-0.7259058616639729,0.6175177717743437,-1.1562515639233817,1.0,0.0,0.0,0.0,1.0,0.0,0.0,0.0,1.0,1.0,0.0,1.0,0.0
0.027343724969292445,0.24595095142710324,0.09833319878585074,0.3777048885106987,-0.08586290550286318,-0.7730567679351259,-0.10361856120508274,0.0,1.0,0.0,0.0,1.0,0.0,0.0,0.0,1.0,0.0,1.0,1.0,0.0
-0.8796385326046176,-0.12928400380880736,-0.7761523741003121,-1.2252866807654765,0.8284841747272934,1.29016778168032,-0.10361856120508274,1.0,0.0,0.0,0.0,1.0,0.0,0.0,0.0,1.0,1.0,0.0,0.0,1.0
-0.9273744408979813,-0.811620464464763,-0.8798565227033804,-0.42379089612738885,0.09700651054316815,1.0676758553268049,-0.10361856120508274,1.0,0.0,0.0,0.0,0.0,1.0,0.0,0.0,1.0,1.0,0.0,0.0,1.0
1.3639491571834756,-0.7129271584814861,0.6960387871172449,-0.42379089612738885,0.5541800506582465,2.234464910971402,-1.1562515639233817,0.0,0.0,1.0,0.0,0.0,1.0,0.0,0.0,1.0,0.0,1.0,1.0,0.0
0.6479105327830204,-1.7394377369572953,-0.3861337114214981,-0.42379089612738885,-0.2687323215488945,0.12337872603572304,-1.1562515639233817,0.0,1.0,0.0,0.0,0.0,1.0,0.0,1.0,0.0,0.0,1.0,1.0,0.0
1.1730055240100208,-0.936865776626282,0.38680198645970715,-1.2252866807654765,0.27987592658919946,-0.6734528241605872,-1.1562515639233817,0.0,0.0,1.0,0.0,0.0,0.0,1.0,0.0,1.0,0.0,1.0,0.0,1.0
0.7433823493697477,1.872136084532266,1.7387275960502329,-0.42379089612738885,-0.36016702957191016,-0.43931887840485306,2.0016474442315153,0.0,0.0,1.0,0.0,0.0,0.0,1.0,0.0,1.0,1.0,0.0,0.0,1.0
1.2684773405967482,0.24595095142710324,1.3351308934691297,0.3777048885106987,2.1085700870495128,1.7972424045325173,-0.10361856120508274,0.0,1.0,0.0,1.0,0.0,0.0,0.0,0.0,1.0,1.0,0.0,1.0,0.0
0.9343259825432024,-0.1868968474031064,0.7190018485936386,-1.2252866807654765,1.9257006710034816,0.9422007573251129,-1.1562515639233817,1.0,0.0,0.0,0.0,1.0,0.0,0.0,1.0,0.0,1.0,0.0,1.0,0.0
-1.1660539823647997,0.06259181442263963,-1.0150592773860834,-0.42379089612738885,-0.36016702957191016,0.20487286185125453,-0.10361856120508274,1.0,0.0,0.0,0.0,0.0,1.0,0.0,1.0,0.0,0.0,1.0,1.0,0.0
1.316213248890112,-1.4443597815047566,0.11807504358872857,0.3777048885106987,-1.0002099857330198,-1.9256166887547888,-1.1562515639233817,1.0,0.0,0.0,1.0,0.0,0.0,0.0,0.0,1.0,0.0,1.0,1.0,0.0
1.316213248890112,-1.4618941252073694,0.10133015353905873,-0.42379089612738885,1.2856577148423718,0.5192073857111628,-1.1562515639233817,0.0,0.0,1.0,0.0,0.0,1.0,0.0,1.0,0.0,1.0,0.0,1.0,0.0
0.3614950830228382,0.10818110804943236,0.41057375001236335,-0.42379089612738885,-0.6344711536409572,1.810177981646094,-0.10361856120508274,1.0,0.0,0.0,1.0,0.0,0.0,0.0,0.0,1.0,1.0,0.0,1.0,0.0
0.40923099131620194,0.24645193267574958,0.4345086131434256,0.3777048885106987,0.4627453426352308,-1.4327712007275255,0.9490144415132162,0.0,1.0,0.0,1.0,0.0,0.0,0.0,1.0,0.0,0.0,1.0,0.0,1.0
1.0775337074232936,-0.9493903078424338,0.3171312832173312,-0.42379089612738885,0.8284841747272934,1.1414086448741905,-0.10361856120508274,0.0,1.0,0.0,0.0,1.0,0.0,0.0,1.0,0.0,1.0,0.0,1.0,0.0
-0.8319026243112538,0.4002531760100945,-0.6993868391972805,-1.2252866807654765,0.8284841747272934,1.6847028836444022,-0.10361856120508274,0.0,1.0,0.0,0.0,0.0,1.0,0.0,1.0,0.0,0.0,1.0,1.0,0.0
-0.6409589911377991,0.4638777945881467,-0.49496870092858475,-1.2252866807654765,-0.7259058616639729,1.6057958632515856,-0.10361856120508274,1.0,0.0,0.0,0.0,0.0,1.0,0.0,0.0,1.0,0.0,1.0,1.0,0.0
-0.7841667160178902,0.2669921638702385,-0.6733452731784759,0.3777048885106987,-0.2687323215488945,0.7274701772397437,-0.10361856120508274,0.0,1.0,0.0,0.0,0.0,1.0,0.0,1.0,0.0,1.0,0.0,0.0,1.0
-0.8796385326046176,1.205330042584339,-0.7152958439076202,-0.42379089612738885,-0.5430364456179415,0.20875353498532762,0.9490144415132162,1.0,0.0,0.0,0.0,1.0,0.0,0.0,1.0,0.0,1.0,0.0,0.0,1.0
1.745836423530385,-0.6858741710545977,0.9747487833498164,-1.2252866807654765,2.4743089191415755,-0.2504594525466368,-1.1562515639233817,0.0,1.0,0.0,0.0,0.0,0.0,1.0,0.0,1.0,1.0,0.0,0.0,1.0
-1.2137898906581635,-0.3482128094671428,-1.0430512425299916,-1.2252866807654765,1.194223006819356,-0.4069799356209119,0.9490144415132162,1.0,0.0,0.0,1.0,0.0,0.0,0.0,0.0,1.0,0.0,1.0,1.0,0.0
-0.30680763308425335,2.318009395827273,0.33766144264917064,-1.2252866807654765,3.0229171672796693,-0.5816102266541942,2.0016474442315153,0.0,1.0,0.0,0.0,1.0,0.0,0.0,1.0,0.0,0.0,1.0,1.0,0.0
-0.30680763308425335,0.6642702940465771,-0.0875527498864776,-1.2252866807654765,1.1027882987963404,0.4868684429272216,-0.10361856120508274,0.0,1.0,0.0,0.0,1.0,0.0,0.0,0.0,1.0,1.0,0.0,0.0,1.0
-0.06812809161743492,-0.19591450987873574,-0.10006384671336144,-0.42379089612738885,-0.45160173759492583,0.9227973916547482,-0.10361856120508274,1.0,0.0,0.0,0.0,0.0,1.0,0.0,0.0,1.0,0.0,1.0,0.0,1.0
-1.1660539823647997,0.11970367676829231,-1.0519741486319463,-0.42379089612738885,0.5541800506582465,0.06904930215870168,-0.10361856120508274,1.0,0.0,0.0,0.0,1.0,0.0,0.0,1.0,0.0,0.0,1.0,1.0,0.0
-0.1635999082041623,-0.3522206594563113,-0.265297311270046,0.3777048885106987,0.4627453426352308,-1.7289959166284266,-1.1562515639233817,1.0,0.0,0.0,0.0,0.0,1.0,0.0,0.0,1.0,1.0,0.0,1.0,0.0
0.3614950830228382,-0.6392829149305126,-0.00026049636050024,0.3777048885106987,1.194223006819356,-1.569888318131436,-1.1562515639233817,0.0,0.0,1.0,0.0,1.0,0.0,0.0,0.0,1.0,1.0,0.0,0.0,1.0
-0.25907172479088963,0.09465461433598851,-0.21778776324356816,0.3777048885106987,-0.2687323215488945,1.5385308622609881,-1.1562515639233817,0.0,1.0,0.0,0.0,1.0,0.0,0.0,0.0,1.0,0.0,1.0,0.0,1.0
0.31375917472947457,-0.5751573151038152,0.054527370352339795,-0.42379089612738885,-0.2687323215488945,-1.434064758438883,-1.1562515639233817,0.0,1.0,0.0,0.0,0.0,0.0,1.0,0.0,1.0,1.0,0.0,1.0,0.0
1.316213248890112,-1.6357346184875576,-0.03199695599197665,0.3777048885106987,-0.36016702957191016,-1.123610907713048,-1.1562515639233817,0.0,0.0,1.0,0.0,0.0,1.0,0.0,1.0,0.0,0.0,1.0,0.0,1.0
-1.118318074071436,0.18483123909228202,-0.9803802295275343,0.3777048885106987,2.2000047950725286,-1.9256166887547888,0.9490144415132162,1.0,0.0,0.0,1.0,0.0,0.0,0.0,1.0,0.0,0.0,1.0,0.0,1.0
-1.2137898906581635,-0.6267583837143608,-1.0897249052171392,-0.42379089612738885,-0.7259058616639729,-0.26727570279428636,-0.10361856120508274,1.0,0.0,0.0,0.0,0.0,0.0,1.0,1.0,0.0,1.0,0.0,1.0,0.0
-0.8796385326046176,-0.7705400020757848,-0.825265734647781,-1.2252866807654765,0.5541800506582465,0.9266780647888213,-0.10361856120508274,1.0,0.0,0.0,1.0,0.0,0.0,0.0,1.0,0.0,1.0,0.0,1.0,0.0
0.5047028079029293,2.6892365010740154,1.7821460629850294,-0.42379089612738885,-0.9087752777100041,1.4156428796820117,2.0016474442315153,0.0,1.0,0.0,0.0,0.0,0.0,1.0,0.0,1.0,1.0,0.0,0.0,1.0
2.1277236898772944,0.7614606562839157,2.6124248543074335,0.3777048885106987,1.1027882987963404,0.9810074886658423,0.9490144415132162,0.0,1.0,0.0,0.0,1.0,0.0,0.0,0.0,1.0,1.0,0.0,1.0,0.0
-1.0705821657780723,0.47439840080971396,-0.9363773224367828,-1.2252866807654765,-1.0002099857330198,-0.8247990763894318,-0.10361856120508274,1.0,0.0,0.0,1.0,0.0,0.0,0.0,0.0,1.0,0.0,1.0,1.0,0.0
-0.9273744408979813,-1.0115119826745471,-0.9098328660512268,0.3777048885106987,-0.6344711536409572,0.8555323906641508,-0.10361856120508274,1.0,0.0,0.0,0.0,1.0,0.0,0.0,0.0,1.0,0.0,1.0,0.0,1.0
0.07507963326265613,-1.657777793427985,-0.5963690679866701,0.3777048885106987,-0.6344711536409572,-0.45096089780707194,-1.1562515639233817,0.0,1.0,0.0,0.0,0.0,1.0,0.0,1.0,0.0,1.0,0.0,1.0,0.0
-0.020392183324071236,-0.9017970892210565,-0.3226472005270115,0.3777048885106987,-0.8173405696869884,1.1776282607922048,-1.1562515639233817,1.0,0.0,0.0,0.0,0.0,1.0,0.0,1.0,0.0,1.0,0.0,1.0,0.0
0.5047028079029293,-0.639783896179159,0.13806153775921498,-0.42379089612738885,-0.08586290550286318,0.19193728473767807,-0.10361856120508274,0.0,1.0,0.0,0.0,1.0,0.0,0.0,0.0,1.0,0.0,1.0,0.0,1.0
-0.6886948994311628,-1.5280236500286515,-0.8716539730727184,1.980696457786874,-0.9087752777100041,-0.9852002325977798,-1.1562515639233817,0.0,1.0,0.0,0.0,0.0,1.0,0.0,0.0,1.0,1.0,0.0,1.0,0.0
-0.1635999082041623,0.08413400811442052,-0.13555839246393986,-0.42379089612738885,-0.45160173759492583,0.6446824837128543,-0.10361856120508274,0.0,1.0,0.0,0.0,0.0,1.0,0.0,0.0,1.0,0.0,1.0,0.0,1.0
-1.2137898906581635,2.013412796650459,-1.0316954343834825,-1.2252866807654765,0.27987592658919946,-1.0123649445362906,2.0016474442315153,1.0,0.0,0.0,0.0,0.0,1.0,0.0,0.0,1.0,1.0,0.0,1.0,0.0
-0.30680763308425335,2.4021742455998143,0.4325718056498556,0.3777048885106987,2.3828742111185597,2.432379240809121,0.9490144415132162,0.0,1.0,0.0,0.0,0.0,0.0,1.0,0.0,1.0,0.0,1.0,1.0,0.0
-1.0705821657780723,0.3907345322858192,-0.9076378175585145,-1.2252866807654765,3.9372642475098263,0.1867630538922478,0.9490144415132162,1.0,0.0,0.0,1.0,0.0,0.0,0.0,0.0,1.0,0.0,1.0,1.0,0.0
1.6026286986502938,-0.5591259151471408,0.9966449017508051,0.3777048885106987,-0.9087752777100041,2.4957635686656463,-0.10361856120508274,0.0,0.0,1.0,0.0,0.0,0.0,1.0,0.0,1.0,1.0,0.0,0.0,1.0
-0.4977512662577081,-0.7960900457567345,-0.6280715485393119,-1.2252866807654765,-0.17729761352587883,0.08198487927227814,-1.1562515639233817,0.0,0.0,1.0,0.0,0.0,1.0,0.0,0.0,1.0,1.0,0.0,0.0,1.0
-0.1635999082041623,0.8696726059914679,0.13248217301458068,-1.2252866807654765,-0.7259058616639729,-1.807902937021243,2.0016474442315153,0.0,1.0,0.0,0.0,0.0,1.0,0.0,0.0,1.0,1.0,0.0,1.0,0.0
-0.7841667160178902,-0.3692540219102777,-0.7267603851063997,1.1792006731487863,0.005571802520152484,-0.6449945545107189,-1.1562515639233817,0.0,0.0,1.0,0.0,0.0,1.0,0.0,0.0,1.0,1.0,0.0,1.0,0.0
-0.25907172479088963,-0.5395876464499438,-0.37753700447635524,-0.42379089612738885,-0.08586290550286318,0.990062392645346,-0.10361856120508274,0.0,1.0,0.0,0.0,0.0,0.0,1.0,0.0,1.0,1.0,0.0,0.0,1.0
1.316213248890112,-1.129242576106375,0.3796324008256158,-0.42379089612738885,0.18844121856618382,0.8671744100663696,-1.1562515639233817,0.0,1.0,0.0,0.0,1.0,0.0,0.0,0.0,1.0,0.0,1.0,1.0,0.0
-0.7364308077245265,-0.7394791646597279,-0.7388093664611337,0.3777048885106987,0.7370494667042777,-0.48718051372508603,-1.1562515639233817,1.0,0.0,0.0,1.0,0.0,0.0,0.0,0.0,1.0,1.0,0.0,0.0,1.0
0.31375917472947457,1.2048290613356927,0.8232020917476914,0.3777048885106987,0.4627453426352308,-0.27115637592835906,0.9490144415132162,0.0,1.0,0.0,0.0,0.0,1.0,0.0,0.0,1.0,0.0,1.0,1.0,0.0
0.12281554155601981,0.7920205124513263,0.3977568414759683,1.1792006731487863,-0.2687323215488945,-1.6500888962356102,0.9490144415132162,0.0,0.0,1.0,1.0,0.0,0.0,0.0,0.0,1.0,0.0,1.0,1.0,0.0
-0.7364308077245265,0.6026496004631096,-0.5418530339045067,-0.42379089612738885,0.09700651054316815,-0.6799206127173754,-0.10361856120508274,0.0,0.0,1.0,0.0,1.0,0.0,0.0,0.0,1.0,1.0,0.0,1.0,0.0
-0.8796385326046176,-0.05113092902001976,-0.7468963872237584,-0.42379089612738885,-0.9087752777100041,1.9705791378544417,-0.10361856120508274,1.0,0.0,0.0,1.0,0.0,0.0,0.0,0.0,1.0,1.0,0.0,1.0,0.0
-1.0705821657780723,0.29254220755118865,-0.9942029187974322,1.1792006731487863,-0.9087752777100041,-0.5143452256635968,-0.10361856120508274,1.0,0.0,0.0,0.0,0.0,1.0,0.0,1.0,0.0,0.0,1.0,1.0,0.0
-0.354543541377617,0.8796922309643895,-0.1186639944673981,-0.42379089612738885,0.18844121856618382,-0.9670904246387729,0.9490144415132162,1.0,0.0,0.0,0.0,0.0,1.0,0.0,0.0,1.0,0.0,1.0,0.0,1.0
-0.4977512662577081,-0.6808643585681372,-0.5652714150372834,1.1792006731487863,-1.0002099857330198,0.7028925807239483,-1.1562515639233817,0.0,1.0,0.0,0.0,0.0,1.0,0.0,1.0,0.0,1.0,0.0,1.0,0.0
-1.2137898906581635,-0.6062181525198718,-1.0822495078735366,-0.42379089612738885,1.9257006710034816,0.5049782508862287,-1.1562515639233817,1.0,0.0,0.0,0.0,1.0,0.0,0.0,1.0,0.0,0.0,1.0,1.0,0.0
-0.5454871745510718,0.31358341999432393,-0.4245232746887808,1.980696457786874,0.09700651054316815,0.8348354672824285,-0.10361856120508274,1.0,0.0,0.0,0.0,0.0,0.0,1.0,1.0,0.0,1.0,0.0,1.0,0.0
1.0775337074232936,-0.6042142275252875,0.5808565056838632,1.980696457786874,-0.8173405696869884,0.33164151756430404,-0.10361856120508274,0.0,0.0,1.0,0.0,0.0,1.0,0.0,0.0,1.0,1.0,0.0,1.0,0.0
0.07507963326265613,0.2740059013512836,0.11901286616456226,0.3777048885106987,-0.17729761352587883,-0.835147538080293,-1.1562515639233817,1.0,0.0,0.0,0.0,1.0,0.0,0.0,0.0,1.0,0.0,1.0,1.0,0.0
0.3614950830228382,-1.8130819805082687,-0.529708911129036,0.3777048885106987,-0.7259058616639729,-1.6268048574311724,-1.1562515639233817,1.0,0.0,0.0,0.0,1.0,0.0,0.0,1.0,0.0,1.0,0.0,0.0,1.0
-0.30680763308425335,2.856564238121805,0.5029220904689227,-1.2252866807654765,0.4627453426352308,0.19581795787175116,2.0016474442315153,0.0,1.0,0.0,0.0,0.0,0.0,1.0,0.0,1.0,1.0,0.0,1.0,0.0
2.0799877815839305,2.1737267962172035,3.9372147715406816,-0.42379089612738885,-1.0002099857330198,0.45064882700920733,2.0016474442315153,0.0,0.0,1.0,0.0,0.0,1.0,0.0,0.0,1.0,0.0,1.0,0.0,1.0
0.26602326643611085,-0.41033448429925595,0.06179209740716799,0.3777048885106987,-0.5430364456179415,-1.0265940793612245,-0.10361856120508274,1.0,0.0,0.0,0.0,0.0,1.0,0.0,0.0,1.0,0.0,1.0,1.0,0.0
-1.2137898906581635,0.41878948220999956,-1.073700371638762,-0.42379089612738885,-0.45160173759492583,-0.27115637592835906,0.9490144415132162,1.0,0.0,0.0,1.0,0.0,0.0,0.0,1.0,0.0,1.0,0.0,0.0,1.0
0.9820618908365661,1.2088369113248612,1.6491859275054077,-1.2252866807654765,0.8284841747272934,1.0107593160270683,0.9490144415132162,0.0,1.0,0.0,0.0,0.0,1.0,0.0,1.0,0.0,1.0,0.0,0.0,1.0
-0.8796385326046176,0.47590134455565225,-0.7729651365056306,0.3777048885106987,0.37131063461221514,-0.5505648415816108,-0.10361856120508274,1.0,0.0,0.0,0.0,0.0,1.0,0.0,0.0,1.0,0.0,1.0,1.0,0.0
-0.4500153579643444,-0.43588452798020605,-0.5028994179285704,-1.2252866807654765,-0.8173405696869884,0.2967154593576477,-1.1562515639233817,1.0,0.0,0.0,0.0,1.0,0.0,0.0,1.0,0.0,1.0,0.0,1.0,0.0
-0.9751103491913449,1.3430998859620098,-0.7612559459392422,-1.2252866807654765,-0.45160173759492583,0.8270741210142827,2.0016474442315153,1.0,0.0,0.0,0.0,0.0,1.0,0.0,0.0,1.0,1.0,0.0,1.0,0.0
0.7911182576631114,-0.2860911346350293,0.5375263843540358,-0.42379089612738885,1.8342659629804658,0.27343142055320996,-1.1562515639233817,0.0,0.0,1.0,0.0,0.0,1.0,0.0,0.0,1.0,0.0,1.0,1.0,0.0
-1.1660539823647997,-0.5926916588064276,-1.0890045487458466,0.3777048885106987,-0.2687323215488945,0.01601343599303826,-0.10361856120508274,1.0,0.0,0.0,0.0,0.0,1.0,0.0,1.0,0.0,0.0,1.0,0.0,1.0
2.1277236898772944,1.108640661595646,2.9603366424944646,1.1792006731487863,-0.08586290550286318,-0.3177244535372343,0.9490144415132162,0.0,1.0,0.0,1.0,0.0,0.0,0.0,1.0,0.0,1.0,0.0,0.0,1.0
0.12281554155601981,-0.7685360770812005,-0.21410443109790225,1.980696457786874,-0.6344711536409572,-1.2710764868078197,-1.1562515639233817,0.0,1.0,0.0,0.0,1.0,0.0,0.0,0.0,1.0,1.0,0.0,1.0,0.0
0.3614950830228382,1.5510071041501308,1.040634217210023,-0.42379089612738885,-0.36016702957191016,1.1375279717401179,2.0016474442315153,1.0,0.0,0.0,0.0,0.0,1.0,0.0,0.0,1.0,1.0,0.0,0.0,1.0
-1.118318074071436,1.010949318109661,-0.9543590509560306,0.3777048885106987,1.4685271308884031,-0.6876819589855212,0.9490144415132162,1.0,0.0,0.0,0.0,1.0,0.0,0.0,0.0,1.0,0.0,1.0,1.0,0.0
0.12281554155601981,-0.83115873316196,-0.1954838958965649,0.3777048885106987,-0.6344711536409572,0.07551709071548991,-0.10361856120508274,0.0,1.0,0.0,0.0,0.0,1.0,0.0,0.0,1.0,1.0,0.0,1.0,0.0
-0.8319026243112538,0.11469386428183183,-0.751143772078078,0.3777048885106987,-0.5430364456179415,0.16606613051052516,-0.10361856120508274,1.0,0.0,0.0,0.0,0.0,1.0,0.0,1.0,0.0,1.0,0.0,0.0,1.0
0.9820618908365661,-1.572109999909506,-0.11788927146997014,1.980696457786874,0.27987592658919946,-1.097739753485895,-1.1562515639233817,1.0,0.0,0.0,0.0,1.0,0.0,0.0,0.0,1.0,1.0,0.0,1.0,0.0
-0.8319026243112538,-1.1933681759330728,-0.8655037598036636,0.3777048885106987,-0.8173405696869884,-0.21165272120590742,-1.1562515639233817,1.0,0.0,0.0,0.0,1.0,0.0,0.0,0.0,1.0,1.0,0.0,1.0,0.0
0.40923099131620194,-1.0405688950960197,-0.15330226743134567,0.3777048885106987,-0.08586290550286318,-0.43931887840485306,-1.1562515639233817,1.0,0.0,0.0,0.0,0.0,1.0,0.0,1.0,0.0,1.0,0.0,1.0,0.0
-0.8796385326046176,-0.6227505337251922,-0.8654561890932952,0.3777048885106987,-0.2687323215488945,0.2630829588623486,-1.1562515639233817,1.0,0.0,0.0,0.0,0.0,1.0,0.0,1.0,0.0,0.0,1.0,1.0,0.0
-0.4500153579643444,2.499865589085799,0.17787142652178226,-1.2252866807654765,-0.6344711536409572,0.37303536432774853,2.0016474442315153,0.0,1.0,0.0,0.0,0.0,1.0,0.0,0.0,1.0,0.0,1.0,0.0,1.0
0.40923099131620194,0.5600661943281926,0.6389607304909559,1.980696457786874,0.6456147586812622,0.8012029667871298,-0.10361856120508274,1.0,0.0,0.0,1.0,0.0,0.0,0.0,1.0,0.0,1.0,0.0,0.0,1.0
-0.020392183324071236,-1.347670400516064,-0.5107281976920524,-0.42379089612738885,-0.7259058616639729,0.0444717056429067,-1.1562515639233817,0.0,1.0,0.0,0.0,1.0,0.0,0.0,0.0,1.0,1.0,0.0,1.0,0.0
-0.7841667160178902,0.9463227370343176,-0.5624579473097822,1.1792006731487863,-0.7259058616639729,0.014719878281680686,2.0016474442315153,1.0,0.0,0.0,1.0,0.0,0.0,0.0,0.0,1.0,0.0,1.0,0.0,1.0
0.40923099131620194,1.4528147794155002,1.096108461315321,-0.42379089612738885,-0.9087752777100041,0.05352660962241007,0.9490144415132162,1.0,0.0,0.0,0.0,0.0,1.0,0.0,1.0,0.0,1.0,0.0,1.0,0.0
0.5047028079029293,-0.5455994214336966,0.1703484584678112,1.980696457786874,-0.7259058616639729,0.20875353498532762,-1.1562515639233817,1.0,0.0,0.0,0.0,0.0,1.0,0.0,1.0,0.0,0.0,1.0,0.0,1.0
-1.2137898906581635,0.5655769880633001,-1.07355086369189,-0.42379089612738885,-1.0002099857330198,-0.1547361819061709,-0.10361856120508274,1.0,0.0,0.0,0.0,0.0,1.0,0.0,0.0,1.0,0.0,1.0,0.0,1.0
1.7935723318237486,0.7659694875217306,2.264105317174389,-1.2252866807654765,4.120133663555857,1.4143493219706538,0.9490144415132162,0.0,1.0,0.0,0.0,0.0,1.0,0.0,0.0,1.0,1.0,0.0,1.0,0.0
-0.020392183324071236,1.9713303717641886,0.6809045054043331,-1.2252866807654765,-0.45160173759492583,-1.1417207156720552,2.0016474442315153,0.0,1.0,0.0,0.0,1.0,0.0,0.0,1.0,0.0,1.0,0.0,1.0,0.0
0.7911182576631114,2.2894534646544473,2.0498128585963697,-1.2252866807654765,0.9199188827503091,-0.27115637592835906,2.0016474442315153,0.0,0.0,1.0,1.0,0.0,0.0,0.0,0.0,1.0,1.0,0.0,0.0,1.0
-0.4977512662577081,2.0740315277366346,-0.011507571454738626,-0.42379089612738885,0.27987592658919946,-1.302121871880403,2.0016474442315153,0.0,1.0,0.0,0.0,0.0,1.0,0.0,0.0,1.0,0.0,1.0,1.0,0.0
1.6503646069436575,-1.4438588002561106,0.2942905464247418,4.385183811701136,-0.9087752777100041,-0.6333525351085,-1.1562515639233817,0.0,1.0,0.0,0.0,0.0,1.0,0.0,1.0,0.0,1.0,0.0,1.0,0.0
-0.4977512662577081,0.272001976356699,-0.4000175630332982,-1.2252866807654765,-0.9087752777100041,0.017306993704395833,-0.10361856120508274,0.0,1.0,0.0,0.0,0.0,1.0,0.0,1.0,0.0,1.0,0.0,1.0,0.0
-0.8796385326046176,2.42572036428618,-0.4804256551873942,0.3777048885106987,1.1027882987963404,1.9783404841225878,2.0016474442315153,1.0,0.0,0.0,1.0,0.0,0.0,0.0,0.0,1.0,0.0,1.0,0.0,1.0
0.3614950830228382,0.8315980310943659,0.6880061328807557,-1.2252866807654765,2.3828742111185597,-0.03831598788398274,0.9490144415132162,0.0,0.0,1.0,0.0,1.0,0.0,0.0,0.0,1.0,0.0,1.0,1.0,0.0
-1.2137898906581635,-0.18338997866258383,-1.0837106082634227,0.3777048885106987,1.6513965469344345,-1.2930669679008997,-0.10361856120508274,1.0,0.0,0.0,0.0,1.0,0.0,0.0,0.0,1.0,1.0,0.0,0.0,1.0
-0.21133581649752597,-1.1517867322954485,-0.5184278569559629,-1.2252866807654765,-0.8173405696869884,-1.6876020698649816,-0.10361856120508274,1.0,0.0,0.0,0.0,1.0,0.0,0.0,1.0,0.0,0.0,1.0,1.0,0.0
0.6479105327830204,1.656714147614453,1.456558529592303,-0.42379089612738885,-1.0002099857330198,-1.1417207156720552,2.0016474442315153,0.0,1.0,0.0,1.0,0.0,0.0,0.0,0.0,1.0,1.0,0.0,1.0,0.0
2.1277236898772944,-0.5220533027473311,1.4253589394064128,1.1792006731487863,0.6456147586812622,-0.5984264769018437,-0.10361856120508274,0.0,0.0,1.0,0.0,0.0,1.0,0.0,0.0,1.0,1.0,0.0,0.0,1.0
2.032251873290567,-1.3967665628833796,0.5278967134123221,-1.2252866807654765,0.27987592658919946,-0.41215416646634256,-1.1562515639233817,0.0,1.0,0.0,1.0,0.0,0.0,0.0,0.0,1.0,1.0,0.0,0.0,1.0
-1.118318074071436,1.1867937363844339,-0.9717427476877899,-1.2252866807654765,-0.36016702957191016,-0.5997200346132013,0.9490144415132162,0.0,1.0,0.0,1.0,0.0,0.0,0.0,1.0,0.0,1.0,0.0,1.0,0.0
-0.7364308077245265,0.6843095439924197,-0.5587338402695147,-0.42379089612738885,-0.45160173759492583,0.9176231608093179,0.9490144415132162,1.0,0.0,0.0,0.0,0.0,1.0,0.0,0.0,1.0,1.0,0.0,1.0,0.0
-0.30680763308425335,-0.7409821084056661,-0.5256925840107912,0.3777048885106987,-0.2687323215488945,0.16477257279916757,-0.10361856120508274,0.0,0.0,1.0,1.0,0.0,0.0,0.0,0.0,1.0,1.0,0.0,1.0,0.0
1.316213248890112,-1.8070702055245158,-0.15485850924196837,0.3777048885106987,2.657178335187607,-0.020206179924975615,-1.1562515639233817,0.0,1.0,0.0,0.0,0.0,1.0,0.0,0.0,1.0,0.0,1.0,1.0,0.0
-0.6886948994311628,-1.04307380133925,-0.7531281502820162,-0.42379089612738885,0.005571802520152484,-0.33324714607352623,-1.1562515639233817,1.0,0.0,0.0,0.0,1.0,0.0,0.0,0.0,1.0,1.0,0.0,0.0,1.0
1.459420973770203,-0.2134488535813481,1.1304884932801256,-1.2252866807654765,-0.6344711536409572,0.7339379657965319,-0.10361856120508274,0.0,0.0,1.0,0.0,0.0,1.0,0.0,1.0,0.0,1.0,0.0,0.0,1.0
-0.7841667160178902,0.4854199882799276,-0.6383740052419498,-1.2252866807654765,-0.9087752777100041,-0.981319559463707,-0.10361856120508274,1.0,0.0,0.0,0.0,1.0,0.0,0.0,1.0,0.0,1.0,0.0,0.0,1.0
-0.7841667160178902,0.6823056189978358,-0.5884043719078499,0.3777048885106987,-0.2687323215488945,0.3471642101005956,0.9490144415132162,0.0,1.0,0.0,1.0,0.0,0.0,0.0,0.0,1.0,1.0,0.0,1.0,0.0
-0.7364308077245265,0.6206849254143683,-0.5776873704434307,-1.2252866807654765,-1.0002099857330198,0.9603105652841201,0.9490144415132162,1.0,0.0,0.0,1.0,0.0,0.0,0.0,1.0,0.0,1.0,0.0,1.0,0.0
-1.118318074071436,-0.8642234955726008,-1.0525314055248332,-0.42379089612738885,-0.45160173759492583,0.7197088309715979,-0.10361856120508274,1.0,0.0,0.0,0.0,1.0,0.0,0.0,0.0,1.0,0.0,1.0,0.0,1.0
1.5071568820635666,-0.7910802332702737,0.6919205227624966,-1.2252866807654765,4.485872495647921,1.1931509533284963,-1.1562515639233817,0.0,0.0,1.0,0.0,1.0,0.0,0.0,0.0,1.0,0.0,1.0,1.0,0.0
-1.0228462574847086,0.21789600150292288,-0.906367000010102,0.3777048885106987,-0.45160173759492583,-0.3228986843826649,0.9490144415132162,1.0,0.0,0.0,0.0,0.0,0.0,1.0,1.0,0.0,0.0,1.0,1.0,0.0
0.26602326643611085,-0.3642442094238172,0.09622649589810826,-1.2252866807654765,0.9199188827503091,0.8723486409118003,-0.10361856120508274,0.0,1.0,0.0,0.0,1.0,0.0,0.0,0.0,1.0,1.0,0.0,0.0,1.0
-0.9751103491913449,-1.0530934263121716,-0.9215352608018483,-0.42379089612738885,-0.5430364456179415,0.36398046034824516,-1.1562515639233817,1.0,0.0,0.0,0.0,1.0,0.0,0.0,0.0,1.0,1.0,0.0,1.0,0.0
0.31375917472947457,-0.8657264393185391,-0.10456947256682379,0.3777048885106987,-0.8173405696869884,1.0456853742337247,-0.10361856120508274,1.0,0.0,0.0,0.0,0.0,1.0,0.0,0.0,1.0,0.0,1.0,0.0,1.0
-0.9751103491913449,2.0675187715042354,-0.7254963633737541,-1.2252866807654765,-0.8173405696869884,-1.1882887932809303,2.0016474442315153,1.0,0.0,0.0,0.0,0.0,1.0,0.0,0.0,1.0,1.0,0.0,0.0,1.0
1.8890441484104759,-0.8712372330536459,0.9046091688195238,-1.2252866807654765,-0.6344711536409572,2.002918080638383,-1.1562515639233817,1.0,0.0,0.0,0.0,0.0,1.0,0.0,1.0,0.0,1.0,0.0,1.0,0.0
1.9367800567038396,-1.016521795161008,0.8171809989782082,-0.42379089612738885,0.9199188827503091,0.5748303672995416,-1.1562515639233817,0.0,1.0,0.0,1.0,0.0,0.0,0.0,0.0,1.0,1.0,0.0,1.0,0.0
-1.0705821657780723,0.9914110494124647,-0.8949908044162922,-0.42379089612738885,0.6456147586812622,0.30965103647122416,0.9490144415132162,1.0,0.0,0.0,0.0,0.0,0.0,1.0,0.0,1.0,1.0,0.0,0.0,1.0
0.9820618908365661,0.09515559558463485,0.9609192982641517,-0.42379089612738885,-1.0002099857330198,-0.08488406549285793,-0.10361856120508274,0.0,0.0,1.0,1.0,0.0,0.0,0.0,0.0,1.0,0.0,1.0,1.0,0.0
-0.7841667160178902,-0.19892039737061196,-0.7031313336848487,-1.2252866807654765,-0.8173405696869884,-0.8002214798736365,0.9490144415132162,1.0,0.0,0.0,0.0,1.0,0.0,0.0,0.0,1.0,1.0,0.0,0.0,1.0
-0.1635999082041623,-0.4649414404016784,-0.2571491281655192,-0.42379089612738885,-0.2687323215488945,-0.04737089186348648,-1.1562515639233817,0.0,0.0,1.0,0.0,0.0,0.0,1.0,1.0,0.0,1.0,0.0,0.0,1.0
-0.1635999082041623,-0.40482369056414913,-0.2626061682263491,-1.2252866807654765,-0.17729761352587883,-1.5090911056976266,-1.1562515639233817,0.0,1.0,0.0,0.0,1.0,0.0,0.0,0.0,1.0,0.0,1.0,1.0,0.0
0.5524387161962929,0.4799091945448208,0.7314857621574551,-0.42379089612738885,-0.8173405696869884,1.6264927866333083,-0.10361856120508274,0.0,0.0,1.0,0.0,1.0,0.0,0.0,1.0,0.0,1.0,0.0,1.0,0.0
0.31375917472947457,2.1276365213417643,1.2468260633938824,1.1792006731487863,4.028698955532842,-0.35782474258932156,2.0016474442315153,0.0,1.0,0.0,1.0,0.0,0.0,0.0,0.0,1.0,0.0,1.0,0.0,1.0
-0.6409589911377991,-0.4333796217369755,-0.6469435289240251,0.3777048885106987,1.0113535907733249,0.8438903712619319,-0.10361856120508274,1.0,0.0,0.0,1.0,0.0,0.0,0.0,0.0,1.0,1.0,0.0,0.0,1.0
0.3614950830228382,-0.6953928147788734,-0.03374348064407284,1.1792006731487863,-0.7259058616639729,-1.656556684792398,-1.1562515639233817,1.0,0.0,0.0,0.0,0.0,1.0,0.0,0.0,1.0,0.0,1.0,1.0,0.0
2.1277236898772944,-0.7680350958325541,1.1885451473768502,-0.42379089612738885,0.18844121856618382,-1.4133678350571608,-1.1562515639233817,0.0,1.0,0.0,1.0,0.0,0.0,0.0,1.0,0.0,1.0,0.0,1.0,0.0
1.9367800567038396,-0.0020347666527041246,1.6908850530511759,1.980696457786874,-0.5430364456179415,-0.6178298425722084,-0.10361856120508274,0.0,1.0,0.0,0.0,1.0,0.0,0.0,0.0,1.0,1.0,0.0,1.0,0.0
1.4116850654768394,1.1817839238979735,2.1514578750220648,0.3777048885106987,1.0113535907733249,-0.41732839731177324,0.9490144415132162,0.0,0.0,1.0,0.0,0.0,1.0,0.0,0.0,1.0,1.0,0.0,1.0,0.0
0.2182873581427472,0.22841660772449088,0.288446144865198,1.1792006731487863,0.27987592658919946,0.11561737976757724,-0.10361856120508274,1.0,0.0,0.0,1.0,0.0,0.0,0.0,0.0,1.0,1.0,0.0,0.0,1.0
1.9367800567038396,-0.878250970534691,0.9122136866626974,-1.2252866807654765,-1.0002099857330198,0.554133443917819,-1.1562515639233817,0.0,0.0,1.0,0.0,0.0,0.0,1.0,1.0,0.0,0.0,1.0,1.0,0.0
-0.4977512662577081,-1.519506968801668,-0.8129313290308366,1.1792006731487863,-0.08586290550286318,-0.21682695205133806,-1.1562515639233817,0.0,1.0,0.0,0.0,0.0,1.0,0.0,0.0,1.0,1.0,0.0,0.0,1.0
0.07507963326265613,0.5760975942848674,0.2718779460254679,-0.42379089612738885,-0.36016702957191016,-0.3798152236824014,-0.10361856120508274,0.0,1.0,0.0,0.0,1.0,0.0,0.0,1.0,0.0,0.0,1.0,0.0,1.0
0.7433823493697477,-0.8241449956809149,0.1919591526065895,-1.2252866807654765,0.18844121856618382,-0.5234001296431001,-1.1562515639233817,0.0,0.0,1.0,0.0,0.0,0.0,1.0,1.0,0.0,1.0,0.0,1.0,0.0
-0.25907172479088963,-1.3962655816347334,-0.6111567630954694,1.980696457786874,-0.08586290550286318,-0.9489806166797657,-1.1562515639233817,1.0,0.0,0.0,0.0,1.0,0.0,0.0,0.0,1.0,1.0,0.0,1.0,0.0
-0.4022794496709807,-0.03008971657688449,-0.3605474650590767,1.980696457786874,0.4627453426352308,-0.2633950296602133,-0.10361856120508274,1.0,0.0,0.0,0.0,0.0,1.0,0.0,1.0,0.0,1.0,0.0,0.0,1.0
-0.9751103491913449,2.3861428456431395,-0.7005625153249563,-1.2252866807654765,0.18844121856618382,0.3588062295028145,2.0016474442315153,1.0,0.0,0.0,1.0,0.0,0.0,0.0,0.0,1.0,1.0,0.0,1.0,0.0
-1.1660539823647997,-0.28007935965127645,-1.0416920793766093,-0.42379089612738885,-1.0002099857330198,-0.3384213769189569,-0.10361856120508274,1.0,0.0,0.0,0.0,0.0,1.0,0.0,0.0,1.0,0.0,1.0,1.0,0.0
-1.1660539823647997,2.164709133741574,-0.9813520311822027,-0.42379089612738885,-0.2687323215488945,-0.04607733415212854,0.9490144415132162,0.0,1.0,0.0,0.0,0.0,1.0,0.0,0.0,1.0,0.0,1.0,1.0,0.0
-1.0228462574847086,-0.33518729700234456,-0.8916608546905057,-1.2252866807654765,-0.6344711536409572,0.8930455642935226,-0.10361856120508274,0.0,1.0,0.0,0.0,1.0,0.0,0.0,0.0,1.0,0.0,1.0,0.0,1.0
0.8865900742498387,-0.3301774845158841,0.5903638519417721,0.3777048885106987,0.09700651054316815,0.18158882304681712,-0.10361856120508274,0.0,0.0,1.0,1.0,0.0,0.0,0.0,1.0,0.0,1.0,0.0,0.0,1.0
-0.8796385326046176,1.8435801533594394,-0.5823357084279981,-1.2252866807654765,-0.8173405696869884,1.100014798110746,0.9490144415132162,1.0,0.0,0.0,0.0,0.0,1.0,0.0,0.0,1.0,1.0,0.0,1.0,0.0
-0.8796385326046176,-0.6372789899359284,-0.8301587219999572,1.1792006731487863,-0.7259058616639729,-0.3164308958258767,-0.10361856120508274,1.0,0.0,0.0,0.0,1.0,0.0,0.0,0.0,1.0,0.0,1.0,1.0,0.0
-0.5454871745510718,-0.6753535648330304,-0.607425860239435,-1.2252866807654765,-0.8173405696869884,0.5502527707837463,-1.1562515639233817,1.0,0.0,0.0,0.0,0.0,1.0,0.0,0.0,1.0,0.0,1.0,1.0,0.0
-1.0228462574847086,0.4738974195610676,-0.8761392114788799,0.3777048885106987,-0.7259058616639729,-0.3642925311461098,0.9490144415132162,1.0,0.0,0.0,0.0,1.0,0.0,0.0,0.0,1.0,1.0,0.0,1.0,0.0
-1.2137898906581635,-0.839174433140297,-1.0926063311023095,1.1792006731487863,0.4627453426352308,0.3588062295028145,-1.1562515639233817,0.0,0.0,1.0,0.0,0.0,1.0,0.0,1.0,0.0,1.0,0.0,1.0,0.0
-0.354543541377617,-0.1954135286300894,-0.3517332920093925,1.980696457786874,-0.6344711536409572,-1.1274915808471209,-0.10361856120508274,1.0,0.0,0.0,0.0,1.0,0.0,0.0,1.0,0.0,0.0,1.0,0.0,1.0
2.1277236898772944,0.42680518218833663,2.2828006063491615,-0.42379089612738885,0.27987592658919946,0.8387161404165012,0.9490144415132162,0.0,0.0,1.0,1.0,0.0,0.0,0.0,1.0,0.0,1.0,0.0,0.0,1.0
1.459420973770203,-0.6197446462333156,0.8101813087382893,-1.2252866807654765,2.0171353790264974,-1.770389763391871,-0.10361856120508274,0.0,0.0,1.0,0.0,1.0,0.0,0.0,0.0,1.0,1.0,0.0,0.0,1.0
0.40923099131620194,0.14074488921142758,0.41639776412460655,1.980696457786874,-0.9087752777100041,0.2954219016462898,-0.10361856120508274,0.0,1.0,0.0,1.0,0.0,0.0,0.0,0.0,1.0,1.0,0.0,0.0,1.0
-0.9273744408979813,0.8676686809968833,-0.7452110249135644,-0.42379089612738885,-0.36016702957191016,-0.8985318659368174,0.9490144415132162,1.0,0.0,0.0,1.0,0.0,0.0,0.0,0.0,1.0,0.0,1.0,1.0,0.0
1.1730055240100208,-0.03309560406876106,1.0546743725844618,1.1792006731487863,-0.9087752777100041,1.2435997040714446,-1.1562515639233817,0.0,1.0,0.0,0.0,0.0,1.0,0.0,0.0,1.0,0.0,1.0,0.0,1.0
-1.118318074071436,1.224868311281536,-0.9632139989003161,-1.2252866807654765,-0.08586290550286318,0.32776084443023096,2.0016474442315153,1.0,0.0,0.0,0.0,0.0,1.0,0.0,1.0,0.0,1.0,0.0,0.0,1.0
-1.118318074071436,-1.888730149053826,-1.1068435651339892,-0.42379089612738885,-0.9087752777100041,-0.3203115689599498,-1.1562515639233817,1.0,0.0,0.0,0.0,1.0,0.0,0.0,1.0,0.0,1.0,0.0,1.0,0.0
-1.118318074071436,-1.2269339195923599,-1.067509383475106,0.3777048885106987,1.9257006710034816,-0.24011099085577547,-1.1562515639233817,1.0,0.0,0.0,0.0,0.0,1.0,0.0,0.0,1.0,0.0,1.0,1.0,0.0
0.12281554155601981,-0.23499104727312936,0.0033480818117296923,-1.2252866807654765,1.0113535907733249,1.4156428796820117,-0.10361856120508274,0.0,1.0,0.0,0.0,0.0,0.0,1.0,1.0,0.0,1.0,0.0,1.0,0.0
1.7935723318237486,1.4488069294263317,2.895225931631686,0.3777048885106987,-1.0002099857330198,-0.8338539803689352,2.0016474442315153,0.0,0.0,1.0,0.0,0.0,0.0,1.0,0.0,1.0,1.0,0.0,0.0,1.0
-1.0705821657780723,-0.600206377536119,-0.9966290250262196,-1.2252866807654765,1.0113535907733249,2.485415106974785,-1.1562515639233817,0.0,1.0,0.0,0.0,0.0,1.0,0.0,0.0,1.0,0.0,1.0,1.0,0.0
0.40923099131620194,1.7929810472461862,1.2353071556689676,-1.2252866807654765,0.18844121856618382,0.4545295001432804,2.0016474442315153,0.0,1.0,0.0,0.0,0.0,1.0,0.0,0.0,1.0,1.0,0.0,1.0,0.0
-0.4022794496709807,2.0990805901689384,0.17895196122872112,-0.42379089612738885,-0.6344711536409572,0.9085682568298141,2.0016474442315153,0.0,1.0,0.0,0.0,0.0,0.0,1.0,1.0,0.0,1.0,0.0,0.0,1.0
-0.4022794496709807,-0.6999016460166879,-0.5426889192438368,1.1792006731487863,0.09700651054316815,-1.6811342813081935,-0.10361856120508274,0.0,1.0,0.0,1.0,0.0,0.0,0.0,1.0,0.0,1.0,0.0,1.0,0.0
0.40923099131620194,-0.010050466631041524,0.361575918332932,1.1792006731487863,0.09700651054316815,-1.2542602365601703,-0.10361856120508274,1.0,0.0,0.0,0.0,0.0,1.0,0.0,0.0,1.0,1.0,0.0,1.0,0.0
1.5071568820635666,-0.7009036085139801,0.7950810061042122,-0.42379089612738885,-0.6344711536409572,0.05482016733376765,-1.1562515639233817,0.0,1.0,0.0,0.0,1.0,0.0,0.0,0.0,1.0,1.0,0.0,1.0,0.0
-0.9273744408979813,-0.6157367962441471,-0.8713345697316736,-0.42379089612738885,-0.17729761352587883,-0.8881834042459563,-1.1562515639233817,1.0,0.0,0.0,0.0,0.0,1.0,0.0,0.0,1.0,1.0,0.0,1.0,0.0
1.8890441484104759,1.7198377849438586,3.2370690563388647,0.3777048885106987,0.005571802520152484,1.0366304702542213,2.0016474442315153,0.0,0.0,1.0,0.0,1.0,0.0,0.0,1.0,0.0,1.0,0.0,1.0,0.0
-0.8796385326046176,-0.5866798838226748,-0.8260132743821411,0.3777048885106987,3.114351875302685,-0.07065493066792389,-1.1562515639233817,1.0,0.0,0.0,0.0,1.0,0.0,0.0,1.0,0.0,0.0,1.0,1.0,0.0
0.6956464410763841,-0.33318337200776027,0.42383918238937446,-1.2252866807654765,-0.5430364456179415,-1.013658502247648,-0.10361856120508274,1.0,0.0,0.0,1.0,0.0,0.0,0.0,0.0,1.0,1.0,0.0,1.0,0.0
1.2207414323033845,0.1232105455088145,1.19391384183271,2.7821922424249617,-0.17729761352587883,0.8037900822098449,0.9490144415132162,0.0,1.0,0.0,1.0,0.0,0.0,0.0,0.0,1.0,1.0,0.0,1.0,0.0
1.745836423530385,-1.8261074929730663,-0.008313538044290223,-0.42379089612738885,-0.36016702957191016,1.102601913533461,-1.1562515639233817,0.0,1.0,0.0,1.0,0.0,0.0,0.0,0.0,1.0,1.0,0.0,1.0,0.0
1.1252696157166573,1.3405949797187795,1.9225340250978857,-1.2252866807654765,-0.36016702957191016,0.20357930413989697,2.0016474442315153,0.0,1.0,0.0,0.0,0.0,1.0,0.0,1.0,0.0,1.0,0.0,0.0,1.0
-0.8319026243112538,-0.7114242147355478,-0.8152690896546543,-0.42379089612738885,0.005571802520152484,-1.9256166887547888,-1.1562515639233817,1.0,0.0,0.0,0.0,0.0,1.0,0.0,0.0,1.0,0.0,1.0,1.0,0.0
1.9845159649972033,0.2990549637835874,2.0600881320359408,-1.2252866807654765,0.18844121856618382,1.7907746159757292,-0.10361856120508274,0.0,0.0,1.0,0.0,0.0,0.0,1.0,0.0,1.0,0.0,1.0,1.0,0.0
-0.7364308077245265,-1.8852232803133038,-0.9234992515584857,0.3777048885106987,0.9199188827503091,-0.011151275945472239,-1.1562515639233817,1.0,0.0,0.0,0.0,0.0,1.0,0.0,1.0,0.0,0.0,1.0,1.0,0.0
-0.11586399991079861,0.2920412263025423,-0.026893298351026173,-0.42379089612738885,0.18844121856618382,0.47263930810228755,0.9490144415132162,0.0,1.0,0.0,0.0,1.0,0.0,0.0,0.0,1.0,1.0,0.0,1.0,0.0
-0.7841667160178902,-0.3767687406399691,-0.7409092735331094,-0.42379089612738885,0.37131063461221514,0.8775228717572305,-0.10361856120508274,1.0,0.0,0.0,1.0,0.0,0.0,0.0,0.0,1.0,0.0,1.0,0.0,1.0
0.8388541659564751,-1.1077003824145937,0.09310042064532906,0.3777048885106987,-0.5430364456179415,1.2630030697418093,-1.1562515639233817,0.0,1.0,0.0,0.0,0.0,1.0,0.0,1.0,0.0,1.0,0.0,1.0,0.0
1.6503646069436575,-0.7159330459733623,0.8548909806687995,1.1792006731487863,-0.45160173759492583,-0.2194140674740532,-0.10361856120508274,1.0,0.0,0.0,0.0,0.0,1.0,0.0,0.0,1.0,1.0,0.0,1.0,0.0
-0.11586399991079861,0.15126549543299486,-0.022068269156518966,-1.2252866807654765,-0.5430364456179415,-0.15732329732888642,-0.10361856120508274,0.0,0.0,1.0,0.0,0.0,1.0,0.0,1.0,0.0,1.0,0.0,1.0,0.0
0.1705514498493835,-0.8922784454967811,-0.20019339622303456,-1.2252866807654765,-1.0002099857330198,-0.6876819589855212,-0.10361856120508274,0.0,0.0,1.0,0.0,0.0,0.0,1.0,1.0,0.0,1.0,0.0,1.0,0.0
-0.4022794496709807,1.2358898987517495,-0.06486831685652716,-1.2252866807654765,-0.7259058616639729,0.22427622752161924,2.0016474442315153,0.0,0.0,1.0,0.0,1.0,0.0,0.0,0.0,1.0,1.0,0.0,0.0,1.0
-1.0228462574847086,0.3721982260859142,-0.8896832723023343,0.3777048885106987,1.6513965469344345,-1.4987426440067655,-0.10361856120508274,1.0,0.0,0.0,0.0,1.0,0.0,0.0,1.0,0.0,0.0,1.0,1.0,0.0
-0.30680763308425335,-1.7023651245574858,-0.7215072195185772,-0.42379089612738885,0.8284841747272934,-0.23234964458762966,-1.1562515639233817,0.0,1.0,0.0,0.0,1.0,0.0,0.0,0.0,1.0,1.0,0.0,1.0,0.0
0.7911182576631114,-0.8346656019024825,0.1987685600050349,-0.42379089612738885,1.3770924228653874,0.34198997925516533,-1.1562515639233817,1.0,0.0,0.0,0.0,0.0,0.0,1.0,1.0,0.0,0.0,1.0,1.0,0.0
1.0297977991299299,-0.8862666705130281,0.3565334230338837,-0.42379089612738885,0.09700651054316815,-1.5194395673884877,-1.1562515639233817,0.0,1.0,0.0,0.0,0.0,1.0,0.0,0.0,1.0,1.0,0.0,0.0,1.0
1.3639491571834756,-0.7244497272003457,0.6724912854848967,0.3777048885106987,0.9199188827503091,1.1271795100492565,-1.1562515639233817,0.0,0.0,1.0,0.0,0.0,1.0,0.0,0.0,1.0,0.0,1.0,1.0,0.0
-1.0228462574847086,-0.5370827402067132,-0.9664420113895991,-0.42379089612738885,-0.9087752777100041,-0.6204169579949236,-1.1562515639233817,0.0,1.0,0.0,0.0,0.0,1.0,0.0,0.0,1.0,1.0,0.0,1.0,0.0
